point,delta,pred_std,predicted_W,sigma_sv_pct,sigma_ir_pct,sigma_onerun_wp,sigma_xi_wp,sigma_HR9,sigma_BB9
2,2.919476,0.001862,89.207913,0.632827,-0.149466,1.253471,1.196277,0.565097,-0.254493
196,2.920875,0.002337,89.209313,0.629912,-0.149466,1.253471,1.202614,0.565097,-0.247354
94,2.923888,0.004772,89.212325,0.629912,-0.149466,1.255493,1.209181,0.565097,-0.258923
92,2.9287,0.00732,89.217137,0.450075,-0.292421,1.253522,1.119813,0.283331,-0.132165
116,2.931746,0.009819,89.220184,0.453018,-0.278583,1.259381,1.114358,0.291706,-0.132805
114,2.935388,0.011959,89.223825,0.4547,-0.34398,1.251175,1.096693,0.446094,-0.129203
109,2.940101,0.014078,89.228539,0.61199,-0.276524,1.250449,1.190482,0.577484,-0.285031
193,2.942075,0.016898,89.230513,0.454489,-0.384648,1.253532,1.115472,0.454802,-0.276164
13,2.943852,0.017292,89.23229,0.45293,-0.335201,1.259381,1.114358,0.445439,-0.132805
11,3.003679,0.018963,89.292117,0.48106,-0.143886,1.258227,1.404502,-0.715152,-0.101012
66,3.010206,0.020926,89.298643,0.4453,-0.182646,1.262421,1.413254,-0.701822,-0.358177
96,3.017805,0.023118,89.306242,0.449173,-0.143581,1.259899,1.499865,-0.745548,-0.334573
103,3.020782,0.024948,89.309219,0.449173,-0.143581,1.259899,1.499865,-0.745548,-0.268696
51,3.025752,0.027785,89.314189,0.445223,-0.218697,1.262555,1.450744,-0.70135,-0.35846
76,3.032232,0.031246,89.320669,0.45785,-0.281715,1.249797,1.484506,-0.726002,-0.389787
165,3.034773,0.032868,89.32321,0.441118,-0.192814,1.260771,1.498343,-0.994793,-0.347095
156,3.037287,0.034884,89.325725,0.472163,-0.218697,1.262555,1.493478,-0.697783,-0.35846
117,3.040422,0.036501,89.328859,0.445585,-0.276321,1.255999,1.451824,-1.185147,-0.305926
85,3.045524,0.038967,89.333961,0.448706,-0.295211,1.256819,1.476535,-1.169261,-0.420617
120,3.048867,0.041458,89.337305,0.445585,-0.276321,1.255999,1.494852,-1.185147,-0.305926
126,3.05253,0.043336,89.340967,0.451899,-0.302439,1.25702,1.48582,-1.078631,-0.341286
75,3.056598,0.045426,89.345035,0.4453,-0.336709,1.262421,1.450744,-0.70135,-0.35846
36,3.061308,0.048705,89.349745,0.446609,-0.348289,1.262421,1.438447,-1.277063,-0.432896
89,3.068579,0.052255,89.357017,0.447009,-0.375575,1.257703,1.487067,-1.119869,-0.43531
136,3.074521,0.056352,89.362958,0.448829,-0.384852,1.258608,1.487067,-1.039172,-0.358907
69,3.078787,0.058523,89.367224,0.49626,-0.384852,1.258553,1.487067,-1.264609,-0.43531
59,3.084529,0.061681,89.372966,0.445494,-0.436283,1.257133,1.483682,-0.682185,-0.432823
181,3.089546,0.064351,89.377983,0.445494,-0.436283,1.262325,1.479861,-0.682185,-0.43287
135,3.091486,0.066022,89.379923,0.445494,-0.436283,1.261268,1.48296,-0.682185,-0.459993
30,3.096948,0.069204,89.385385,0.445412,-0.46257,1.262421,1.450744,-0.713813,-0.346832
24,3.103625,0.073895,89.392063,0.53865,-0.427656,1.260577,1.499405,-0.70135,-0.35846
71,3.111292,0.077486,89.399729,0.452816,-0.540198,1.261445,1.446315,-0.703881,-0.433641
146,3.112597,0.079437,89.401034,0.542328,-0.462333,1.262421,1.476982,-0.713922,-0.346541
34,3.117598,0.081304,89.406035,0.4453,-0.541666,1.262421,1.450744,-0.703881,-0.35846
54,3.125387,0.086048,89.413825,0.445729,-0.530585,1.262421,1.498863,-0.703881,-0.329441
118,3.128497,0.087485,89.416934,0.445348,-0.581004,1.262421,1.46328,-0.71477,-0.432896
72,3.13349,0.090147,89.421927,0.445348,-0.581004,1.262421,1.488718,-0.71477,-0.432896
133,3.137303,0.093076,89.42574,0.445299,-0.609847,1.262421,1.450744,-0.713788,-0.347042
124,3.139673,0.094397,89.428111,0.445299,-0.622961,1.262421,1.450744,-0.713788,-0.347042
172,3.144879,0.097148,89.433316,0.448726,-0.371255,1.297151,1.496184,-1.072543,-0.426531
8,3.145574,0.097477,89.434011,0.448726,-0.371255,1.297151,1.497949,-1.072543,-0.418814
7,3.313427,0.099285,89.601865,0.445258,-0.304734,1.314979,1.499995,0.487004,0.491409
64,3.318927,0.099977,89.607365,0.452813,-0.322701,1.315102,1.499928,0.478451,0.514474
53,3.333872,0.103089,89.622309,0.446359,-0.391682,1.3151,1.499731,0.490469,0.491121
161,3.334252,0.104753,89.622689,0.452288,-0.381166,1.314853,1.498687,0.469681,0.54296
174,3.335443,0.10801,89.623881,0.4504,-0.372005,1.315005,1.498455,0.449372,0.561168
195,3.337594,0.108654,89.626031,0.446359,-0.391682,1.315101,1.499738,0.551098,0.491146
153,3.343588,0.109697,89.632025,0.452867,-0.412321,1.315126,1.499815,0.468746,0.513089
163,3.344417,0.111984,89.632854,0.446359,-0.391682,1.3151,1.499731,0.490618,0.637256
175,3.347381,0.113835,89.635819,0.464424,-0.418243,1.315128,1.498465,0.476713,0.499262
176,3.348889,0.115494,89.637327,0.464424,-0.418243,1.315128,1.499972,0.467366,0.499262
173,3.351809,0.117332,89.640246,0.446359,-0.391682,1.3151,1.499731,0.481613,0.779224
189,3.356554,0.11799,89.644991,0.446359,-0.453165,1.315104,1.499748,0.467307,0.496666
178,3.356995,0.120174,89.645432,0.473272,-0.452667,1.315104,1.486409,0.467307,0.52252
200,3.361291,0.121356,89.649729,0.452813,-0.461423,1.315048,1.499924,0.478451,0.515842
95,3.363517,0.123031,89.651955,0.5129,-0.457955,1.315204,1.499906,0.490469,0.491121
122,3.367002,0.128481,89.65544,0.512554,-0.456879,1.315204,1.499913,0.556494,0.491121
132,3.367022,0.12849,89.65546,0.5129,-0.456879,1.315204,1.499913,0.556494,0.491121
28,3.385549,0.128699,89.673987,0.445022,-0.568136,1.315152,1.499992,0.487004,0.491409
63,3.390944,0.132925,89.679382,0.445258,-0.581868,1.314979,1.499995,0.487004,0.491409
74,3.391562,0.135933,89.68,0.447658,-0.568156,1.315159,1.499999,0.563895,0.519015
139,3.406194,0.136241,89.694632,0.448865,-0.658407,1.314578,1.498771,0.474921,0.491137
140,3.407988,0.136542,89.696425,0.455545,-0.662707,1.315001,1.49989,0.490349,0.491144
143,3.416625,0.138807,89.705062,0.446359,-0.758181,1.315104,1.452296,0.478188,0.491144
180,3.418305,0.139051,89.706743,0.446359,-0.759491,1.315104,1.459652,0.478182,0.491144
194,3.426389,0.140478,89.714826,0.44693,-0.760387,1.315133,1.499907,0.490349,0.491144
61,3.426446,0.140788,89.714883,0.455545,-0.758797,1.315001,1.49989,0.490349,0.491144
62,3.436208,0.146557,89.724646,0.441954,-0.886973,1.315118,1.499887,0.604094,-0.097468
144,3.43658,0.146668,89.725017,0.446969,-0.886973,1.315115,1.499994,0.586398,-0.097468
83,3.449339,0.148136,89.737776,0.448388,-1.023186,1.314167,1.442364,0.554607,-0.090721
55,3.454251,0.148603,89.742688,0.446419,-0.984409,1.314969,1.499874,0.479223,-0.100096
39,3.463484,0.153208,89.751921,0.452374,-1.020686,1.314122,1.498849,0.468117,-0.073742
104,3.470017,0.154008,89.758454,0.452399,-1.124969,1.314155,1.443764,0.554607,-0.090721
14,3.477386,0.155907,89.765823,0.452192,-1.124969,1.314069,1.48186,0.554607,-0.090721
15,3.51821,0.155942,89.806648,0.446663,-0.959144,1.315074,1.497022,1.495777,0.511376
151,3.529368,0.156468,89.817805,0.446142,-1.022586,1.315159,1.497881,1.494355,0.499262
137,3.531032,0.157395,89.81947,0.464426,-1.022586,1.315128,1.499826,1.494355,0.50516
90,3.5385,0.159567,89.826938,0.450036,-1.216997,1.315045,1.355102,1.477451,0.544713
154,3.540525,0.161966,89.828962,0.450036,-1.216997,1.315045,1.355102,1.49574,0.544713
147,3.546702,0.162441,89.835139,0.447021,-1.263132,1.315132,1.347648,1.49574,0.544713
115,3.556085,0.162689,89.844523,0.464384,-1.227562,1.315128,1.439717,1.494355,0.50516
108,3.561028,0.164667,89.849466,0.450036,-1.216997,1.315045,1.469873,1.477451,0.544713
152,3.568075,0.16588,89.856512,0.46333,-1.232395,1.315128,1.499911,1.498976,0.50516
162,3.571265,0.166887,89.859702,0.444071,-1.250609,1.315204,1.499906,1.490426,0.491121
80,3.57387,0.169395,89.862308,0.448858,-1.2576,1.315156,1.493634,1.493439,0.530828
42,3.585056,0.17026,89.873493,0.448893,-1.024155,1.315062,1.497019,1.498761,1.103245
47,3.593788,0.173307,89.882226,0.44926,-1.106097,1.315141,1.458016,1.499032,1.090712
101,3.601766,0.175102,89.890204,0.448893,-1.104859,1.315142,1.497019,1.498758,1.103205
70,3.608426,0.175807,89.896863,0.450053,-1.218982,1.31415,1.442845,1.493596,1.101288
113,3.62032,0.177539,89.908758,0.462301,-0.953907,1.314564,1.497958,1.498615,1.427176
155,3.622931,0.178042,89.911368,0.446663,-0.959144,1.315074,1.499973,1.495777,1.462334
67,3.633776,0.178595,89.922213,0.449265,-1.021664,1.315127,1.497102,1.498742,1.460356
110,3.645063,0.179526,89.9335,0.450022,-1.263015,1.315141,1.34015,1.499032,1.423533
102,3.646942,0.18139,89.935379,0.447009,-1.263015,1.31411,1.347643,1.499032,1.46175
106,3.658146,0.182524,89.946583,0.449353,-1.217795,1.31506,1.440597,1.499981,1.446765
145,3.659286,0.184512,89.947723,0.450053,-1.218982,1.31415,1.442845,1.493596,1.493937
185,3.669192,0.184778,89.957629,0.449353,-1.217795,1.315062,1.496847,1.499127,1.446765
150,3.676622,0.187058,89.965059,0.450022,-1.26667,1.315141,1.484076,1.499032,1.423533
111,3.68132,0.190146,89.969757,0.450022,-1.266267,1.315141,1.499967,1.4985,1.47553
125,3.684349,0.191642,89.972786,0.446637,-1.286517,1.314019,1.49969,1.488372,1.478335
130,3.690292,0.193717,89.978729,0.457646,-1.499547,1.31411,1.347643,1.498844,1.46175
159,3.69429,0.194732,89.982727,0.447028,-1.44889,1.314147,1.410776,1.494473,1.465829
177,3.698003,0.196638,89.98644,0.446637,-1.359346,1.314019,1.49969,1.487216,1.478335
148,3.700516,0.197614,89.988953,0.446637,-1.373252,1.314019,1.49969,1.487216,1.478335
183,3.706658,0.199613,89.995095,0.446658,-1.427132,1.31515,1.483993,1.495777,1.476803
112,3.707427,0.200112,89.995864,0.446658,-1.427132,1.31515,1.483993,1.488631,1.477748
68,3.717128,0.203269,90.005565,0.44905,-1.486024,1.315045,1.497498,1.499909,1.446815
129,3.719897,0.204657,90.008334,0.446952,-1.499956,1.315112,1.49833,1.497787,1.449589
197,3.722531,0.20792,90.010968,0.467595,-1.499987,1.314915,1.497234,1.499104,1.470999
49,3.724294,0.209464,90.012731,0.474895,-1.499783,1.31506,1.497939,1.488823,1.478616
50,3.729925,0.215881,90.018362,0.537386,-1.499667,1.31506,1.499893,1.489007,1.488854
87,3.730918,0.217357,90.019355,0.556138,-1.499089,1.31506,1.5,1.489007,1.488854
58,3.731766,0.223012,90.020203,0.648683,-1.477634,1.315026,1.490872,1.487582,1.498527
192,3.736769,0.224829,90.025207,0.651861,-1.499851,1.315007,1.499991,1.499994,1.478227
167,3.73737,0.225638,90.025807,0.658293,-1.499837,1.31506,1.499929,1.491132,1.481644
184,3.740122,0.228885,90.028559,0.689845,-1.491552,1.315015,1.497344,1.499989,1.491871
40,3.741789,0.230055,90.030226,0.689845,-1.496015,1.315015,1.499885,1.499989,1.499885
29,3.747079,0.237649,90.035516,0.824857,-1.49598,1.315067,1.49682,1.499127,1.446765
199,3.748554,0.239846,90.036991,0.821388,-1.49972,1.315007,1.497535,1.499994,1.482798
187,3.749604,0.240876,90.038041,0.830566,-1.499939,1.315007,1.499998,1.499998,1.482798
107,3.751393,0.243503,90.03983,0.848784,-1.499848,1.315007,1.499991,1.499994,1.499638
86,3.752009,0.24726,90.040447,0.946838,-1.486477,1.315105,1.491952,1.49055,1.45846
170,3.753943,0.250401,90.042381,0.962847,-1.477634,1.315026,1.490671,1.487582,1.492834
77,3.759918,0.253705,90.048355,0.966025,-1.499851,1.315007,1.499911,1.486653,1.492418
48,3.764234,0.258461,90.052671,1.045365,-1.499294,1.315034,1.499962,1.487337,1.456135
198,3.766282,0.261886,90.054719,1.07041,-1.498759,1.315034,1.498308,1.487487,1.478962
169,3.766455,0.26198,90.054892,1.07041,-1.499664,1.315034,1.498362,1.487665,1.478962
84,3.767458,0.266588,90.055895,1.180247,-1.497914,1.314171,1.439932,1.489092,1.446938
186,3.771265,0.268971,90.059703,1.137182,-1.499827,1.315051,1.497304,1.494354,1.498782
157,3.778746,0.270336,90.067184,1.153991,-1.497958,1.315124,1.498817,1.488234,1.45065
127,3.780502,0.273671,90.068939,1.161488,-1.499822,1.315051,1.497304,1.496765,1.497055
73,3.784262,0.276642,90.072699,1.182902,-1.499929,1.315128,1.498804,1.488487,1.499952
99,3.792156,0.278262,90.080593,1.200265,-1.499987,1.314564,1.497958,1.498673,1.428622
149,3.793561,0.280945,90.081998,1.200265,-1.498726,1.31457,1.498254,1.498673,1.478797
171,3.796027,0.282811,90.084464,1.214043,-1.498751,1.31506,1.499975,1.489073,1.479991
31,3.80013,0.28642,90.088568,1.263074,-1.478162,1.315112,1.498231,1.497728,1.446503
82,3.805304,0.291006,90.093741,1.26455,-1.499981,1.314607,1.498245,1.488781,1.498944
38,3.80761,0.29282,90.096047,1.296367,-1.499325,1.315059,1.5,1.489073,1.478616
45,3.816038,0.299636,90.104476,1.367982,-1.499946,1.315112,1.499846,1.488209,1.447448
164,3.816507,0.300265,90.104944,1.367982,-1.499946,1.315112,1.499846,1.488209,1.457813
93,3.819605,0.303837,90.108043,1.414325,-1.495971,1.315104,1.49879,1.488247,1.446777
65,3.821317,0.306296,90.109755,1.405615,-1.499987,1.314564,1.497958,1.468445,1.49495
105,3.825894,0.310596,90.114331,1.480749,-1.499293,1.315034,1.499833,1.492959,1.456135
188,3.826853,0.311696,90.11529,1.498066,-1.499994,1.315101,1.499813,1.488487,1.450612
4,3.828411,0.314346,90.116848,1.498066,-1.499994,1.315127,1.499813,1.488487,1.499953
3,4.233725,0.474904,90.522162,0.278986,-1.498971,1.324305,1.499988,0.253429,1.499554
20,4.238305,0.481028,90.526742,0.278986,-1.498743,1.324305,1.499988,0.253429,1.499622
60,4.242329,0.485862,90.530766,0.278986,-1.498743,1.32461,1.499988,0.294413,1.499983
25,4.244318,0.48838,90.532756,0.278986,-1.499993,1.324305,1.499988,0.227793,1.499622
16,4.264305,0.491607,90.552742,0.296172,-1.499791,1.324515,1.499851,0.254188,1.488027
6,4.270039,0.495558,90.558477,0.326108,-1.498743,1.324305,1.499988,0.253429,1.499554
5,4.596627,0.495591,90.885065,0.28208,-1.499978,1.499996,1.499997,0.252766,1.499696
12,4.626961,0.500545,90.915399,0.297341,-1.499995,1.499998,1.49993,0.253429,1.493171
9,4.633688,0.505992,90.922125,0.334723,-1.499579,1.499993,1.5,0.253429,1.498128
10,4.711739,0.510405,91.000176,1.064838,-1.499814,1.499999,1.5,0.256341,1.478605
131,4.719919,0.511659,91.008356,1.153911,-1.499856,1.499998,1.499988,0.252766,1.49998
121,4.721027,0.513707,91.009464,1.188986,-1.499874,1.5,1.495535,0.254942,1.473432
44,4.729697,0.515051,91.018135,1.499998,-1.499964,1.499999,1.499851,0.254632,1.198694
134,4.745791,0.516002,91.034228,1.499956,-1.49986,1.499999,1.499997,0.252766,1.499976
88,4.745791,0.516002,91.034228,1.499956,-1.49986,1.499999,1.499997,0.252766,1.499976
17,4.750412,0.522208,91.038849,1.499956,-1.499992,1.499999,1.499988,0.255061,1.499728
41,4.753987,0.527469,91.042424,1.499505,-1.499546,1.499998,1.499993,0.281507,1.498826
91,4.756462,0.530735,91.044899,1.499967,-1.499896,1.499999,1.49999,0.307083,1.499991
79,4.757878,0.533871,91.046315,1.49911,-1.499859,1.499984,1.499549,0.449597,1.498677
98,4.761458,0.537071,91.049895,1.499996,-1.499981,1.499996,1.499929,0.216153,1.499946
158,4.762731,0.539658,91.051168,1.499861,-1.499934,1.499996,1.499982,0.358644,1.499696
123,4.76422,0.541627,91.052657,1.499967,-1.499896,1.499999,1.49999,0.347926,1.499993
78,4.76705,0.544806,91.055487,1.499997,-1.5,1.499888,1.5,0.177354,1.499794
97,4.769586,0.54789,91.058023,1.499381,-1.499996,1.499994,1.49995,0.133698,1.49988
100,4.773199,0.550254,91.061636,1.49978,-1.499996,1.499999,1.499998,-0.318534,1.499815
119,4.775642,0.553227,91.064079,1.499999,-1.49998,1.499996,1.499795,-0.408405,1.49974
182,4.776046,0.556078,91.064483,1.5,-1.499976,1.499997,1.499938,-0.00098,1.499869
168,4.778436,0.557115,91.066873,1.499969,-1.49998,1.499932,1.499998,-0.421071,1.499993
141,4.78051,0.559734,91.068947,1.499997,-1.499995,1.499996,1.499853,-0.453661,1.499948
142,4.782123,0.56188,91.07056,1.499999,-1.49998,1.499996,1.499795,-0.49345,1.498826
52,4.784151,0.56451,91.072588,1.499805,-1.49999,1.499999,1.499989,-0.507018,1.499817
22,4.791061,0.568875,91.079498,1.499995,-1.499865,1.499997,1.49994,0.841024,1.499948
23,4.792136,0.575113,91.080573,1.499949,-1.499979,1.499996,1.499997,-0.624792,1.499951
19,4.795996,0.580359,91.084434,1.499958,-1.499994,1.499998,1.499984,-0.667566,1.499909
56,4.811164,0.582907,91.099601,1.499941,-1.499935,1.499996,1.499998,-0.674506,1.498771
179,4.812975,0.585244,91.101413,1.499954,-1.499989,1.499999,1.499983,-0.689704,1.499886
35,4.815888,0.588409,91.104325,1.499804,-1.499997,1.499999,1.499982,-0.845848,1.499817
26,4.81975,0.593835,91.108188,1.499896,-1.499933,1.499998,1.499988,-0.847272,1.499959
57,4.823311,0.598803,91.111749,1.499804,-1.499996,1.499997,1.499987,-0.854069,1.499993
166,4.825378,0.601684,91.113815,1.499949,-1.499984,1.499998,1.5,-0.859243,1.499982
138,4.826544,0.602927,91.114981,1.499949,-1.499997,1.499999,1.499997,-0.92637,1.499947
191,4.830771,0.606008,91.119208,1.499964,-1.499935,1.499999,1.499991,-1.413781,1.499942
160,4.830773,0.606009,91.11921,1.499964,-1.499935,1.499996,1.499997,-1.414724,1.499941
27,4.834186,0.610343,91.122624,1.499967,-1.499989,1.499996,1.499997,-1.497714,1.499941
81,4.834543,0.617178,91.12298,1.438427,-1.499022,1.499999,1.499773,-1.497619,1.499942
190,4.835997,0.617584,91.124434,1.499949,-1.499981,1.499998,1.499997,0.990641,1.499946
46,4.837956,0.620596,91.126393,1.499958,-1.499994,1.499998,1.499992,1.024785,1.499728
18,4.841415,0.626176,91.129853,1.499505,-1.499994,1.5,1.499991,1.12176,1.499875
33,4.845619,0.632227,91.134056,1.49999,-1.499977,1.499996,1.499992,1.131747,1.499979
37,4.847172,0.635274,91.135609,1.499885,-1.499987,1.499993,1.499996,1.257104,1.499989
32,4.862965,0.637213,91.151402,1.499828,-1.499996,1.499998,1.499944,1.308805,1.499965
43,4.865103,0.640537,91.15354,1.499951,-1.499871,1.499996,1.499994,1.355834,1.499894
128,4.868434,0.645883,91.156872,1.499858,-1.499996,1.499999,1.499982,1.460121,1.499483
21,4.868442,0.645887,91.156879,1.499861,-1.499934,1.499996,1.499982,1.456946,1.499696
1,4.889168,0.652419,91.177605,1.499864,-1.499933,1.499999,1.499988,1.465107,1.499959
