trial,delta,best_delta,predicted_W,sigma_sv_pct,sigma_ir_pct,sigma_onerun_wp,sigma_xi_wp,sigma_HR9,sigma_BB9
1,1.429417,1.429417,87.717854,-0.37638,1.352143,0.695982,0.295975,-1.031944,-1.032016
2,0.710882,1.429417,86.999319,-1.325749,1.098528,0.303345,0.624218,-1.438247,1.40973
3,-2.292431,1.429417,83.996006,0.997328,-0.862983,-0.954525,-0.949786,-0.587273,0.074269
4,0.704905,1.429417,86.993342,-0.204165,-0.626313,0.335559,-1.081518,-0.623566,-0.400914
5,-2.531522,1.429417,83.756915,-0.13179,0.855528,-0.900979,0.042703,0.277244,-1.360649
6,-2.237494,1.429417,84.050943,0.322635,-0.988428,-1.304845,1.346657,1.396896,0.925192
7,1.585184,1.585184,87.873621,-0.586159,-1.206984,0.552699,-0.179543,-1.133885,-0.014469
8,-1.824873,1.585184,84.463565,-1.396834,1.227961,-0.72366,0.487567,-0.564867,0.060204
9,4.319163,4.319163,90.607601,0.140131,-0.945437,1.408754,0.825398,1.318497,1.184482
10,-3.212994,4.319163,83.075443,0.2937,1.265623,-1.234522,-0.912051,-1.364318,-0.524009
11,4.369968,4.369968,90.658405,1.33541,-0.080018,1.408611,1.333497,1.451623,0.863528
12,4.436497,4.436497,90.724934,1.438515,-0.00685,1.448312,1.492042,1.487406,0.827155
13,4.327164,4.436497,90.615602,1.420698,0.106873,1.482018,1.41119,0.569671,0.719934
14,2.420514,4.436497,88.708951,0.967392,0.054477,1.008621,1.006059,0.886764,0.578613
15,0.253274,4.436497,86.541711,1.473398,0.520673,-0.100303,1.48805,0.92248,0.482567
16,2.704949,4.436497,88.993386,0.851163,-0.364869,1.024763,1.063409,1.49253,1.4925
17,-0.283182,4.436497,86.005255,0.689504,0.446408,-0.194195,-0.417774,1.020228,1.058924
18,2.602146,4.436497,88.890583,1.219298,-0.300058,1.022877,1.072173,-0.123678,0.364963
19,2.541799,4.436497,88.830236,0.487551,0.379399,1.189201,0.695566,0.511635,0.889713
20,1.819724,4.436497,88.108161,1.219244,-0.248956,0.696794,-0.497844,-0.055031,0.302251
21,-0.207641,4.436497,86.080796,-0.920447,-1.418343,-0.424829,0.298923,1.143179,-0.304342
22,4.332994,4.436497,90.621431,1.394716,0.08229,1.497728,1.335409,0.731542,0.677799
23,2.518592,4.436497,88.807029,1.156523,-0.099398,1.307761,-1.488972,0.700814,0.738415
24,3.128523,4.436497,89.416961,1.484131,-0.61896,1.190277,1.233456,1.194895,1.189953
25,4.115982,4.436497,90.404419,0.757564,0.229847,1.492062,0.936648,0.336125,0.723924
26,2.065953,4.436497,88.35439,0.617428,0.865425,0.888688,1.182259,1.491773,0.260888
27,1.388344,4.436497,87.676782,1.098242,-0.474111,0.226011,1.416623,0.842499,1.186873
28,2.618393,4.436497,88.906831,1.285076,0.659941,1.199417,0.798328,1.145322,0.965409
29,2.242487,4.436497,88.530925,0.915918,-0.088107,0.792587,1.18568,0.139202,0.562214
30,1.135974,4.436497,87.424411,-0.549494,0.251922,0.50871,0.488166,0.698957,-0.679283
31,2.858511,4.436497,89.146948,1.323761,-0.139908,1.283351,0.197728,1.282775,-0.1415
32,4.17222,4.436497,90.460657,1.475446,0.168498,1.40326,1.488338,0.565852,0.732666
33,4.370571,4.436497,90.659008,1.377974,0.011086,1.479977,1.271197,0.44748,1.327739
34,2.883686,4.436497,89.172123,1.069601,-0.595047,1.100449,1.291641,-0.242023,1.342877
35,2.351621,4.436497,88.640059,1.318131,-0.025685,0.855581,0.904302,0.38816,1.31061
36,2.80658,4.436497,89.095017,-1.120432,0.342687,1.304297,1.169168,0.157853,1.084919
37,1.356596,4.436497,87.645034,0.998453,0.698531,0.532132,0.531098,1.038525,0.868816
38,4.38963,4.436497,90.678067,0.84118,-0.781615,1.495027,1.282657,0.774105,-0.967458
39,2.436211,4.436497,88.724648,0.424618,-0.793092,0.944282,0.784858,-0.272437,-1.341265
40,2.721793,4.436497,89.010231,0.827102,-0.745472,1.11674,0.654737,1.251317,-1.188817
41,1.304807,4.436497,87.593245,0.106997,-1.145517,0.296335,0.982864,1.061269,0.154782
42,4.327367,4.436497,90.615804,1.130763,-0.441158,1.473876,1.298177,0.756957,-0.78667
43,3.972954,4.436497,90.261392,1.351887,-0.25812,1.318398,1.498829,1.332393,-1.488855
44,4.121984,4.436497,90.410422,1.250467,0.062308,1.381203,1.357115,0.467294,-0.842687
45,4.122088,4.436497,90.410525,1.496933,0.558888,1.499724,1.12925,0.219067,0.489781
46,2.686705,4.436497,88.975142,0.952271,0.862895,1.223321,1.321212,0.931811,1.425638
47,1.666295,4.436497,87.954732,-0.137983,1.479716,0.743104,1.060031,-0.851001,1.02051
48,2.631308,4.436497,88.919745,0.65661,-0.137744,1.089113,1.284823,0.787778,-0.104168
49,-1.840704,4.436497,84.447733,1.089047,-1.491996,-1.084808,0.896474,1.402702,1.272913
50,-0.989689,4.436497,85.298748,1.390025,-1.156327,-0.656346,-0.213177,0.606163,-1.012346
51,4.48808,4.48808,90.776518,0.52709,-0.955595,1.388321,1.395574,1.491718,0.875856
52,4.358832,4.48808,90.647269,0.256854,-0.993118,1.365211,1.404614,1.424618,0.833122
53,3.451002,4.48808,89.739439,0.222308,-0.978847,1.313706,1.49195,1.48534,0.882644
54,2.955964,4.48808,89.244402,0.547208,-1.059694,1.128984,1.0911,1.371423,1.099861
55,4.48655,4.48808,90.774987,0.014177,-1.291366,1.392272,1.416587,1.223786,1.492221
56,2.673005,4.48808,88.961442,-0.359185,-1.400669,0.985936,1.225157,1.209698,1.420873
57,3.100298,4.48808,89.388735,0.032586,-1.291893,1.231082,1.391639,1.043495,1.23924
58,1.234925,4.48808,87.523363,0.775848,-1.291988,0.040581,1.037448,1.296622,1.483708
59,3.833758,4.48808,90.122195,0.392467,-0.837243,1.379096,-0.659059,0.935222,1.140331
60,2.593528,4.48808,88.881965,-0.034673,-0.482378,1.065915,1.244814,1.110521,0.426923
61,4.416819,4.48808,90.705256,1.185394,-0.663515,1.40178,1.134582,1.200277,0.984891
62,3.164613,4.48808,89.45305,1.200701,-0.663903,1.236168,1.389495,1.24626,0.958865
63,4.431127,4.48808,90.719565,1.019353,-0.694891,1.428152,1.132544,1.398065,0.622862
64,4.2356,4.48808,90.524037,-0.340929,-0.890773,1.42354,1.14505,1.164034,0.58191
65,-2.473624,4.48808,83.814814,0.921814,-0.720994,-1.469162,0.844178,1.34325,1.332829
66,4.293887,4.48808,90.582324,0.704479,-1.10266,1.408087,0.995283,0.956086,-0.446068
67,2.904796,4.48808,89.193233,1.049831,-1.25801,1.171646,0.3715,1.393547,0.666897
68,3.857379,4.48808,90.145817,0.584668,-0.588906,1.495938,-1.360156,1.487359,0.789222
69,2.342185,4.48808,88.630623,0.851011,-0.857661,0.935195,0.060481,0.862502,0.991874
70,2.868366,4.48808,89.156803,-0.624773,-0.344003,1.282048,0.767521,1.163199,1.217394
71,2.210835,4.48808,88.499272,1.167058,-0.930676,0.63372,1.220597,0.666519,-0.307458
72,4.278269,4.48808,90.566706,1.309999,-0.045996,1.380393,1.427945,1.293205,0.606444
73,3.147032,4.48808,89.435469,1.227843,-0.231722,1.280214,1.12478,1.425716,1.05293
74,4.138473,4.48808,90.42691,1.016172,0.165111,1.418344,1.290157,1.082611,0.933279
75,3.088496,4.48808,89.376934,1.416692,-0.502425,1.181189,1.43594,1.496643,0.811076
76,-0.102829,4.48808,86.185608,-1.487203,-0.407004,-0.332173,1.352058,1.235913,0.175487
77,2.485864,4.48808,88.774301,1.143595,0.342603,1.048516,0.945191,-1.295098,1.139139
78,4.176737,4.48808,90.465174,0.893343,-0.535378,1.344116,1.243651,1.007993,0.650594
79,2.098845,4.48808,88.387282,1.289769,1.034149,0.844687,1.143611,0.426917,1.371787
80,4.425726,4.48808,90.714163,1.406431,-0.751125,1.444343,1.044386,0.008448,0.501076
81,4.428847,4.48808,90.717284,1.414735,-0.69871,1.446878,1.039421,-0.454946,0.514593
82,4.447418,4.48808,90.735855,1.42511,-0.726907,1.454501,1.033864,-0.589748,0.470342
83,3.09329,4.48808,89.381727,1.43364,-0.695447,1.260867,0.601918,-0.433957,0.348796
84,4.472887,4.48808,90.761324,1.260136,-0.776424,1.498722,0.734359,-0.717344,0.455523
85,4.472666,4.48808,90.761104,1.49371,-1.05222,1.429629,0.855298,-0.789464,0.48078
86,3.042904,4.48808,89.331342,1.469529,-1.001753,1.171829,0.751312,-0.818808,0.507342
87,4.195623,4.48808,90.48406,1.378928,-0.806035,1.327769,0.86811,-0.676239,0.418153
88,4.445941,4.48808,90.734378,1.267433,-1.042552,1.439261,0.687476,-0.983496,0.215852
89,2.911644,4.48808,89.200081,1.25001,-1.063185,1.135578,0.515663,-0.948134,0.157717
90,4.255124,4.48808,90.543561,1.310855,-1.248991,1.337564,0.688588,-0.480364,0.227689
91,3.19848,4.48808,89.486918,1.359439,-1.361819,1.254277,0.413755,-1.131752,0.324947
92,4.38739,4.48808,90.675828,1.489603,-0.910347,1.433213,0.598422,-0.78302,0.000801
93,4.50622,4.50622,90.794657,1.42352,-1.045723,1.440759,0.990587,-0.671445,0.529645
94,4.574402,4.574402,90.862839,1.318344,-1.166364,1.499064,0.975247,-0.633948,0.27397
95,4.309155,4.574402,90.597592,1.11821,-1.177884,1.352741,0.83212,-0.728068,0.389338
96,4.555888,4.574402,90.844326,1.237677,-1.041246,1.481073,0.98208,-0.925845,0.270941
97,4.516358,4.574402,90.804795,1.268742,-1.043441,1.49312,0.731335,-0.960862,0.053441
98,4.513876,4.574402,90.802314,1.260316,-1.038432,1.496698,0.728488,-0.940986,0.044919
99,3.311135,4.574402,89.599572,1.204066,-1.123835,1.29772,0.921561,-1.090899,0.074008
100,4.082915,4.574402,90.371352,-0.258611,-1.212962,1.344668,0.730574,-0.602578,-0.061718
101,4.433761,4.574402,90.722198,-0.461121,-1.341122,1.491981,0.974813,-0.89372,0.286995
102,3.107419,4.574402,89.395856,1.248221,-1.053201,1.225531,0.650976,-1.007159,0.114345
103,4.429658,4.574402,90.718095,1.300322,-1.03383,1.441057,0.814305,-0.545737,0.244772
104,4.143749,4.574402,90.432187,-0.824358,-1.499024,1.358337,0.560188,-0.974467,0.19951
105,4.409226,4.574402,90.697663,1.067194,-0.947944,1.481064,0.407613,-1.236976,0.448027
106,4.416629,4.574402,90.705066,1.35161,-1.200144,1.386548,0.867908,-0.675921,-0.169561
107,3.157145,4.574402,89.445582,1.160809,-1.119916,1.244756,0.710788,-0.906557,-0.008029
108,4.537614,4.574402,90.826051,1.266799,-0.87856,1.496769,0.946547,-1.045859,0.12017
109,2.937384,4.574402,89.225822,0.973396,-0.84738,1.141239,0.95483,-1.462984,0.097294
110,-1.214369,4.574402,85.074069,0.167239,-0.924706,-0.767865,0.900646,-0.750139,0.295063
111,3.399819,4.574402,89.688256,1.445275,-0.98736,1.30889,0.806286,-1.043903,-0.220309
112,4.595026,4.595026,90.883463,1.344342,-1.092073,1.497479,1.016385,-1.189304,0.059194
113,4.586343,4.595026,90.874781,1.490595,-1.091143,1.484528,1.032702,-1.183457,0.015837
114,4.463675,4.595026,90.752112,1.498144,-1.09828,1.392937,0.992373,-1.249633,0.025332
115,4.63577,4.63577,90.924207,1.341693,-1.424303,1.473503,1.092972,-1.188172,-0.075847
116,4.664728,4.664728,90.953166,1.094029,-1.449321,1.497555,1.199998,-1.34802,-0.068352
117,4.39634,4.664728,90.684778,0.321566,-1.421587,1.372782,1.123869,-1.389115,-0.071337
118,3.375112,4.664728,89.663549,1.104807,-1.436219,1.290057,1.204692,-1.172936,-0.226269
119,4.643354,4.664728,90.931791,1.346815,-1.297086,1.494824,1.096797,-1.362363,0.044656
120,4.645358,4.664728,90.933796,1.349614,-1.351774,1.486918,1.091894,-1.348724,0.056549
121,4.625895,4.664728,90.914332,1.19263,-1.330421,1.491425,1.075683,-1.336753,0.04747
122,4.646131,4.664728,90.934569,1.341139,-1.357956,1.497431,1.07739,-1.37157,-0.123313
123,4.627355,4.664728,90.915793,1.191493,-1.341797,1.495574,1.086081,-1.36088,-0.120919
124,4.392448,4.664728,90.680886,1.319218,-1.35807,1.341557,1.083552,-1.348027,-0.133708
125,4.627269,4.664728,90.915706,1.176888,-1.312471,1.498401,1.087844,-1.405591,-0.065444
126,0.997787,4.664728,87.286224,1.192493,-1.338565,0.02586,1.199163,-1.423837,-0.339813
127,4.670834,4.670834,90.959272,1.360393,-1.453214,1.497717,1.079211,-1.498885,-0.071427
128,3.284734,4.670834,89.573171,1.359336,-1.451536,1.231467,1.110913,-1.312168,-0.054429
129,4.473416,4.670834,90.761853,1.131007,-1.25815,1.398181,1.065616,-1.200166,-0.206045
130,3.47446,4.670834,89.762898,1.04225,-1.398867,1.303586,1.167076,-1.396997,-0.379454
131,4.546166,4.670834,90.834603,1.363822,-1.318654,1.431488,1.027196,-1.496711,-0.103042
132,4.547201,4.670834,90.835638,1.361102,-1.307617,1.427855,1.060676,-1.48093,-0.120163
133,4.596472,4.670834,90.884909,1.172702,-1.208559,1.499561,1.066239,-1.324212,-0.266533
134,4.622772,4.670834,90.911209,1.196395,-1.234399,1.494365,1.187628,-1.29767,-0.271692
135,4.458932,4.670834,90.747369,1.18117,-1.233148,1.370673,1.196496,-1.305121,-0.247722
136,4.665035,4.670834,90.953472,1.082824,-1.499903,1.496925,1.259942,-1.223841,-0.496185
137,4.354851,4.670834,90.643288,1.088098,-1.489652,1.325548,1.286075,-1.366643,-0.454127
138,4.549878,4.670834,90.838315,1.024937,-1.402633,1.410137,1.315354,-1.244569,-0.279504
139,3.336717,4.670834,89.625154,0.92516,-1.384606,1.274812,1.249282,-1.151525,-0.580717
140,4.580411,4.670834,90.868848,1.145017,-1.451863,1.446602,1.099755,-1.326423,-0.052083
141,4.373013,4.670834,90.66145,0.983257,-1.27491,1.34676,1.156692,-1.436798,-0.168244
142,4.573191,4.670834,90.861628,1.152351,-1.471936,1.436998,1.103283,-1.297552,-0.040539
143,1.483264,4.670834,87.771702,1.190524,-1.427455,0.165298,1.188845,-1.226319,0.011771
144,4.615843,4.670834,90.904281,1.090026,-1.352209,1.498162,1.056936,-1.347506,-0.173679
145,4.336488,4.670834,90.624925,1.222888,-1.346157,1.49431,-0.233548,-1.392415,-0.351294
146,4.432981,4.670834,90.721419,1.094924,-1.197385,1.389774,1.035132,-1.086775,-0.48454
147,1.786268,4.670834,88.074705,1.412558,-1.288391,0.43434,1.243501,-1.254563,-0.163701
148,4.67732,4.67732,90.965757,1.335161,-1.373747,1.498208,1.32599,-1.354201,-0.643461
149,3.285972,4.67732,89.574409,1.336028,-1.379957,1.211248,1.322664,-1.435099,-0.608212
150,4.462735,4.67732,90.751173,1.050991,-1.231191,1.375714,1.358607,-1.378026,-0.780314
151,4.545921,4.67732,90.834358,1.209414,-1.321697,1.440791,1.162353,-1.328463,-0.698803
152,4.663078,4.67732,90.951516,1.312558,-1.489535,1.498994,1.089809,-1.184215,-0.289864
153,4.186443,4.67732,90.47488,1.294877,-1.495345,1.498045,-0.829232,-1.494944,-0.400208
154,4.683105,4.683105,90.971542,1.297291,-1.39064,1.499977,1.26534,-1.262995,-0.268668
155,4.532161,4.683105,90.820598,1.226084,-1.374789,1.397969,1.235886,-1.123277,-0.274765
156,4.30057,4.683105,90.589007,1.121768,-1.441631,1.320156,1.277169,-1.282356,-0.320046
157,4.545121,4.683105,90.833558,1.276173,-1.297762,1.432437,1.099798,-1.35141,-0.198247
158,4.539335,4.683105,90.827772,1.390201,-1.397861,1.357222,1.438881,-1.427046,-0.10152
159,4.532684,4.683105,90.821121,1.175714,-1.242463,1.436605,1.184332,-1.265318,-0.418488
160,3.387497,4.683105,89.675935,0.980871,-1.488499,1.278411,1.340181,-1.357783,-0.537091
161,4.536753,4.683105,90.82519,1.286144,-1.350702,1.442789,0.912265,-1.439459,-0.140013
162,4.603428,4.683105,90.891865,1.33329,-1.166681,1.494459,1.082989,-1.193127,-0.259679
163,4.478596,4.683105,90.767033,1.423776,-1.156823,1.384204,1.14267,-1.194466,-0.274716
164,4.586561,4.683105,90.874999,1.328507,-1.418767,1.450445,1.077665,-1.299556,-0.235329
165,4.660171,4.683105,90.948608,1.21398,-1.326828,1.496249,1.239018,-1.084981,-0.041925
166,4.660713,4.683105,90.94915,1.244916,-1.299828,1.498159,1.240636,-1.100403,-0.016469
167,0.608883,4.683105,86.89732,1.24396,-1.290487,-0.134444,1.243623,-1.104618,-0.043369
168,4.38777,4.683105,90.676207,1.114196,-1.348118,1.335917,1.380073,-1.257969,0.124271
169,4.54951,4.683105,90.837947,1.074505,-1.429536,1.394879,1.301533,-1.499297,-0.101511
170,4.597982,4.683105,90.88642,1.223766,-1.4932,1.431789,1.191287,-1.378684,-0.004599
171,3.554687,4.683105,89.843124,1.405412,-1.333034,1.304286,1.25565,-1.142599,0.06201
172,4.627936,4.683105,90.916373,1.30149,-1.262902,1.492416,1.127805,-1.2147,-0.176087
173,4.575659,4.683105,90.864096,1.287744,-1.262711,1.452528,1.148395,-1.047732,-0.141887
174,4.676788,4.683105,90.965225,1.373889,-1.375777,1.496653,1.209737,-1.235382,-0.066215
175,4.545673,4.683105,90.83411,1.380396,-1.451951,1.378455,1.217782,-1.213962,-0.034074
176,4.706796,4.706796,90.995233,1.451279,-1.386022,1.495468,1.336495,-1.267296,-0.07992
177,4.63782,4.706796,90.926257,1.466319,-1.416282,1.416715,1.430245,-1.091338,0.155256
178,4.614029,4.706796,90.902467,1.440228,-1.395159,1.405131,1.443309,-1.094268,-0.060948
179,4.496014,4.706796,90.784451,1.450666,-1.410156,1.352488,1.38589,-1.1373,0.141572
180,4.637379,4.706796,90.925817,1.361451,-1.497891,1.432286,1.329601,-1.244181,-0.006505
181,4.628132,4.706796,90.916569,1.383012,-1.495772,1.396477,1.467175,-1.036011,0.087572
182,4.623295,4.706796,90.911732,1.36057,-1.444861,1.417653,1.339456,-1.057637,0.191818
183,4.657722,4.706796,90.946159,1.44971,-1.467229,1.428854,1.438479,-1.222584,0.091222
184,4.453015,4.706796,90.741452,1.465049,-1.497449,1.334068,1.470104,-1.171528,0.084699
185,4.658273,4.706796,90.94671,1.385567,-1.499375,1.420114,1.492842,-1.236165,0.010094
186,4.620035,4.706796,90.908472,1.493821,-1.49558,1.392267,1.445807,-1.239236,0.00732
187,3.414589,4.706796,89.703027,1.398426,-1.418549,1.258804,1.373532,-1.020966,0.15475
188,4.642795,4.706796,90.931232,1.437368,-1.38428,1.417308,1.497044,-1.104199,0.089181
189,3.48255,4.706796,89.770987,1.450784,-1.389882,1.290585,1.48098,-1.137461,-0.6799
190,4.64466,4.706796,90.933097,1.496926,-1.419676,1.440662,1.330656,-1.255612,0.018149
191,4.634703,4.706796,90.923141,1.492236,-1.393764,1.429178,1.382381,-1.253494,0.003032
192,4.642375,4.706796,90.930812,1.422693,-1.445522,1.440007,1.31395,-1.19614,0.068679
193,4.639684,4.706796,90.928121,1.416567,-1.446653,1.434015,1.328478,-1.276851,0.099114
194,4.504886,4.706796,90.793323,1.431887,-1.441446,1.353569,1.402657,-1.128721,0.102704
195,0.363574,4.706796,86.652011,1.431405,-1.359332,-0.40281,1.297654,-1.276054,0.200869
196,-1.778088,4.706796,84.510349,1.496661,-1.37807,-1.068379,1.497617,-1.17155,0.057192
197,4.377725,4.706796,90.666163,-1.18532,-1.296621,1.421774,1.414161,-1.30733,0.152441
198,4.456437,4.706796,90.744875,1.393797,-1.431593,1.338963,1.306706,-1.424296,0.040433
199,4.63261,4.706796,90.921047,1.323683,-1.371568,1.438798,1.358138,-1.093803,0.118067
200,4.546618,4.706796,90.835055,1.415938,-1.438673,1.374627,1.285557,-1.213774,-0.033153
