Season,Team,Basic (5yr),3yr,1yr,1B,2B,3B,HR,SO,BB,GB,FB,LD,IFFB,FIP
2025,"Angels",101.23049020767212,100.54076910018921,101.37721300125122,100.18953084945679,96.51826620101929,100.83887577056885,105.15155792236328,101.95785760879517,99.968820810318,99.55308437347412,99.63691830635071,102.42578983306885,91.87464118003845,101.30714178085327
2025,"Orioles",98.61453771591187,98.11838865280151,102.67698764801025,102.82477140426636,96.33634090423584,101.33757591247559,99.4504988193512,98.5643208026886,97.36798405647278,99.89761710166931,99.50229525566101,102.550208568573,97.66484498977661,99.37971234321594
2025,"Red Sox",104.24087047576904,102.49977111816406,99.61832165718079,103.6483645439148,108.95849466323853,115.12781381607056,97.70475625991821,97.63373732566833,100.75479745864868,103.40359210968018,97.81171083450317,99.11969900131226,100.63813924789429,100.34750699996948
2025,"White Sox",100.31185150146484,98.44171404838562,99.13349747657776,99.84568953514099,95.71471214294434,86.59574389457703,104.59927320480347,99.23262000083923,100.95459222793579,99.27688241004944,105.0019383430481,98.38629364967346,103.74898910522461,102.8328537940979
2025,"Guardians",98.87371063232422,99.72413182258606,100,99.67272877693176,99.9448299407959,86.71526312828064,98.36944937705994,100.75211524963379,100.98069906234741,100.377357006073,96.4580237865448,97.97605872154236,96.34908437728882,98.76306056976318
2025,"Tigers",100.30543804168701,102.70482301712036,103.66318225860596,100.39191246032715,100.31301975250244,118.27032566070557,96.36574983596802,98.06535243988037,102.02658176422119,99.33232069015503,102.46951580047607,100.78336000442505,108.0621600151062,100.08509159088135
2025,"Royals",103.06445360183716,102.77976989746094,95.15570998191833,103.1808853149414,107.566237449646,122.83360958099365,94.7476327419281,96.74959182739258,101.49831771850586,102.75006294250488,100.83245038986206,105.25450706481934,96.09828591346741,99.69483017921448
2025,"Twins",100.81133842468262,103.2376766204834,105.75991868972778,100.54808855056763,105.42677640914917,92.67441630363464,98.84607791900635,100.00592470169067,102.64594554901123,99.32869672775269,101.36736631393433,97.37018942832947,102.61743068695068,99.99281764030457
2025,"Yankees",98.9298939704895,98.57279658317566,96.01573348045349,96.89116477966309,95.46166658401489,85.35981774330139,104.41199541091919,100.00581741333008,100.79541206359863,97.79608249664307,104.80844974517822,96.62407040596008,101.63636207580566,101.86539888381958
2025,"Athletics",102.86766290664673,104.77944612503052,104.77944612503052,102.28151082992554,106.52304887771606,95.53191661834717,102.50627994537354,101.14867687225342,102.72196531295776,100.08243322372437,99.52488541603088,104.63235378265381,111.61105632781982,101.63989067077637
2025,"Mariners",93.54020357131958,92.02279448509216,91.41104221343994,95.09578943252563,93.31640601158142,79.49937582015991,95.56710124015808,103.59007120132446,97.4973201751709,96.87604308128357,98.9694595336914,96.1311399936676,104.69048023223877,95.7706868648529
2025,"Rays",100.93531608581543,101.5588641166687,101.5588641166687,103.09557914733887,96.48488163948059,87.87003755569458,104.15841341018677,99.50611591339111,99.88132119178772,102.05256938934326,96.67044281959534,102.08215713500977,89.1893982887268,101.72173976898193
2025,"Rangers",98.6534059047699,97.48155474662781,91.03840589523315,97.85972237586975,100.27327537536621,93.2755172252655,102.0573616027832,100.53286552429199,100.10006427764893,98.87576699256897,102.42781639099121,99.87331628799438,97.1100926399231,100.71938037872314
2025,"Blue Jays",99.45313930511475,99.74314570426941,101.05477571487427,98.10351133346558,101.97138786315918,89.55299258232117,103.16451787948608,100.09536743164062,98.98209571838379,99.76845979690552,99.59322810173035,101.31908655166626,100.45129060745239,101.43847465515137
2025,"Diamondbacks",100.64197778701782,100.49275159835815,100.47587156295776,103.14767360687256,105.35876750946045,120.4620361328125,91.07263088226318,99.20775890350342,99.16518926620483,102.89466381072998,97.78216481208801,104.66244220733643,96.80830240249634,96.59669399261475
2025,"Braves",100.12708902359009,99.58046078681946,99.23726320266724,101.11916065216064,98.61336946487427,100.10393857955933,98.85165691375732,102.05446481704712,98.87641668319702,100.7983922958374,97.68584370613098,100.7538914680481,94.44148540496826,98.05782437324524
2025,"Cubs",97.8569507598877,96.1650013923645,99.22886490821838,99.54953789710999,94.37081217765808,108.8732361793518,98.3999490737915,101.06421709060669,99.23340082168579,100.21849870681763,96.96761965751648,99.69913959503174,99.78230595588684,98.34586381912231
2025,"Reds",104.54981327056885,102.07849740982056,100.33508539199829,101.13143920898438,100.74855089187622,84.3752920627594,114.27762508392334,101.38242244720459,101.72346830368042,99.12346601486206,100.58344602584839,101.06247663497925,109.15048122406006,105.01714944839478
2025,"Rockies",113.34958076477051,113.84544372558594,119.00146007537842,108.14701318740845,111.151123046875,134.66484546661377,106.77386522293091,96.48924469947815,101.94234848022461,106.60896301269531,97.070974111557,108.52987766265869,92.26105213165283,105.22878170013428
2025,"Marlins",100.99986791610718,102.31037139892578,93.1020200252533,101.60107612609863,101.45992040634155,109.0778112411499,97.29738235473633,100.31042098999023,101.9565224647522,101.69622898101807,98.96510243415833,101.47417783737183,96.50613069534302,100.04159212112427
2025,"Astros",99.48140382766724,99.61201548576355,98.70319962501526,98.52563142776489,99.5025098323822,109.77377891540527,101.70745849609375,101.72523260116577,99.63716864585876,98.7240731716156,96.91269993782043,101.38951539993286,98.86358976364136,99.53349828720093
2025,"Dodgers",99.1439938545227,98.35629463195801,106.01195096969604,96.37328386306763,98.09365272521973,84.3478262424469,110.22814512252808,99.82847571372986,97.29170799255371,98.0325698852539,100.50338506698608,96.41668796539307,97.77875542640686,102.93134450912476
2025,"Brewers",98.89779090881348,98.28585386276245,95.88565230369568,96.32101058959961,96.8135118484497,104.98203039169312,103.84232997894287,103.73241901397705,101.1760950088501,95.61659097671509,102.57694721221924,96.79164290428162,102.93159484863281,100.17306804656982
2025,"Nationals",99.63456988334656,100.43202638626099,99.7651219367981,99.97290968894958,99.42500591278076,95.77181339263916,100.31328201293945,98.4837293624878,97.92630076408386,100.3140926361084,101.9770860671997,98.68186116218567,100.98464488983154,100.365149974823
2025,"Mets",96.34352326393127,97.99785614013672,100.06306171417236,97.16255068778992,94.30240988731384,87.10415363311768,98.66099953651428,101.17400884628296,102.21052169799805,97.26670980453491,101.33129358291626,95.76445817947388,110.03661155700684,99.38638210296631
2025,"Phillies",101.27016305923462,102.30070352554321,107.11722373962402,98.75696301460266,97.26285338401794,101.73076391220093,105.33781051635742,100.53480863571167,99.77967143058777,99.09703731536865,99.7446060180664,99.79715943336487,103.92411947250366,101.82101726531982
2025,"Pirates",101.54402256011963,101.65860652923584,99.69683885574341,102.79231071472168,105.49267530441284,98.34210276603699,93.3684229850769,96.9831109046936,101.01500749588013,101.42010450363159,101.52742862701416,102.55334377288818,97.33555316925049,99.58821535110474
2025,"Cardinals",97.5001335144043,99.4912326335907,95.83407640457153,101.0707139968872,98.61894845962524,88.62069249153137,93.92923712730408,97.26734161376953,96.7575192451477,100.87897777557373,101.29845142364502,99.40011501312256,103.16668748855591,97.9360282421112
2025,"Padres",95.90458273887634,97.3256528377533,96.91630005836487,96.99995517730713,95.41875720024109,85.68181991577148,101.09831094741821,102.3271918296814,99.63812828063965,97.91714549064636,102.31747627258301,98.09425473213196,103.66278886795044,99.13443922996521
2025,"Giants",97.25400805473328,95.83000540733337,98.60716462135315,101.87485218048096,102.03350782394409,109.96484756469727,91.11348390579224,97.70631790161133,96.99026942253113,103.82461547851562,97.1090316772461,97.5564956665039,93.90233159065247,96.33808135986328