Team,W,L,HLD,SV,BS,G,GS,IP,K/9,BB/9,HR/9,BABIP,LOB%,GB%,HR/FB,vFA (pi),ERA,xERA,FIP,xFIP,WAR,HR,BB,IBB,HBP,WP,BK,SO,Hard%,League
TEX,81,81,80,37,29,685,162,1443.0,8.382537246775353,2.887734185459069,1.072765183367084,0.2716585739841554,0.75835987,0.407370764,0.10783699,94.44671462200306,3.492723852823064,4.085613909406073,3.888428149162873,4.043018745210155,18.737141930498183,172,463,24,50,43,4,1344,0.32370225,AL
CLE,88,74,111,47,22,693,162,1442.0,8.619279611732244,3.2891820096907263,1.0547851226522442,0.2860056079530971,0.74782928,0.412432165,0.106289308,93.67126026910675,3.701109927412905,3.9840183673498113,3.9520573402214767,4.12845507606358,16.46419015992433,169,527,19,54,43,9,1381,0.30921535,AL
BOS,89,73,83,45,27,698,162,1448.1,8.457307897552486,3.293440988760336,1.0191024946352738,0.2906514172053704,0.73839662,0.449831162,0.112405757,95.05924857969298,3.715995681657888,4.104274907274937,3.976793459778873,4.057850538682008,18.44517156528309,164,530,17,73,53,5,1361,0.31968391,AL
KCR,82,80,88,47,20,709,162,1436.2,7.96218174438154,2.9944318440711064,1.071229801958492,0.2819940476190476,0.75018849,0.419107057,0.107277289,94.12955942502803,3.733643052440124,4.0671704016503485,4.005206007906667,4.168453681081118,17.493542730808258,171,478,17,45,54,3,1271,0.31651594,AL
HOU,87,75,89,45,15,680,162,1442.0,9.386963203863454,3.1705966140709005,1.2420250515750182,0.2804878048780488,0.74980575,0.404737646,0.126509853,93.75560600341235,3.8633844569092273,3.740010329126003,4.020711969162287,3.908476137631764,17.965851018976537,199,508,7,58,38,4,1504,0.32114948,AL
SEA,90,72,90,43,26,712,162,1462.2,8.77438531290817,2.7935280028473413,1.181403913098435,0.2856068204613841,0.73261225,0.429296591,0.122605363,95.06773581075424,3.870328444473519,3.9992018228739017,3.974698821265165,3.9188855312453006,14.21818483581592,192,454,26,74,53,3,1426,0.3259933,AL
NYY,94,68,100,43,21,695,162,1439.2,9.00208459116585,3.482056331444013,1.0940033357319612,0.2762918722409763,0.72636816,0.436997991,0.11808367,94.31634160983036,3.9071547704712897,3.846985439090609,3.9943630650642064,4.001210251015593,16.29745574342087,175,557,12,57,53,9,1440,0.30141756,AL
TBR,77,85,87,35,28,679,162,1431.1,8.903586994836468,2.9804380194579703,1.2890080041959575,0.2812006319115324,0.74066798,0.428463285,0.134338138,95.59259718436648,3.942478139662758,3.929299439788245,4.152369735068204,3.934177494848368,15.299493113940116,205,474,11,67,33,6,1416,0.328,AL
DET,87,75,72,40,21,670,162,1436.1,8.615688829175365,3.038988423381856,1.1717336807678498,0.2856415478615071,0.73026647,0.429518664,0.12458361,94.69491988671427,3.9726157946888594,3.964187892070047,4.049269605698282,3.967917111995686,15.17828652705066,187,485,14,59,50,4,1375,0.31792751,AL
TOR,94,68,95,42,23,732,162,1438.0,8.949931349674136,3.2357444110360336,1.3080668895677583,0.2859362859362859,0.73381384,0.395446671,0.127750611,93.54020121675022,4.187065785267131,4.304048618842747,4.264482744925576,4.1290762773496,11.697214056097437,209,517,25,72,32,9,1430,0.33505408,AL
CHW,60,102,67,25,24,694,162,1416.0,8.173729628470937,3.781780038056149,1.2012713062060707,0.2880462079357107,0.72537966,0.391462527,0.11117647,94.11127832640288,4.283898732184612,4.537158659894184,4.467057354952613,4.5828460918855445,11.548711597453805,189,595,29,72,48,10,1286,0.31820365,AL
MIN,70,92,94,28,24,705,162,1426.2,8.655140746194807,2.895560934769254,1.2238318547826477,0.3025857782197911,0.69929231,0.381831255,0.111494252,93.7949906457521,4.548364779888088,4.213131213172248,4.08980927709222,4.202397887925312,16.372457184363157,194,459,19,69,47,10,1372,0.32052195,AL
BAL,75,87,105,38,20,705,162,1432.2,8.486971433535379,3.2854819095033334,1.363192302795838,0.3019617581326049,0.71520998,0.425065522,0.133867982,93.10181363960514,4.617264251405258,4.298165653336081,4.4138707261545465,4.189226287480576,9.953270503203385,217,523,19,48,63,8,1351,0.3272813,AL
ATH,76,86,66,35,20,673,162,1437.2,8.282170956156929,3.568282271360128,1.389752042529734,0.2885806291800842,0.70675472,0.373816287,0.123608017,94.0177547041192,4.713888684796801,4.379338575361294,4.658438106565205,4.577031057027387,8.555938726756722,222,570,26,80,29,7,1323,0.33074935,AL
LAA,72,90,81,38,33,717,162,1431.1,8.048440328739607,3.898463284233248,1.4021892135226035,0.2955882352941176,0.70661896,0.418019289,0.134580567,92.94836073691508,4.885654793305215,4.439715725497896,4.7804554999934,4.539884016760763,6.359070605947636,223,620,44,52,63,10,1280,0.33271332,AL
MIL,97,65,105,45,20,712,162,1442.0,8.937587400380897,3.332871279192318,1.048543773229044,0.2783129393387138,0.75103009,0.407688416,0.105,94.55976392010996,3.5887658905160724,3.82701664001603,3.91183540948756,4.1079400740511405,18.595645064488053,168,534,20,66,33,7,1432,0.30786517,NL
SDP,90,72,103,49,16,739,162,1433.0,8.94975663270586,3.360084069121147,1.1179345127169424,0.2697194282689253,0.75978809,0.399897854,0.108801955,94.98472055931614,3.642707962785543,3.921372271912446,4.017202001149493,4.162551295902043,16.59451240580529,178,535,22,65,39,5,1425,0.29850746,NL
PIT,71,91,74,36,24,672,162,1430.2,8.266077157768253,2.975536145832864,0.9624884361784952,0.2806752330561854,0.73054791,0.415584415,0.097204574,94.84181292137224,3.761882907416602,4.062414890463203,3.8334122424931465,4.139351935283994,19.0529599506408,153,473,18,73,46,2,1314,0.3239505,NL
PHI,96,66,82,47,26,667,162,1440.1,9.191622902017563,2.7181209805422437,1.1059940541516713,0.2994088923156001,0.74690109,0.433084577,0.119272237,94.67074785218212,3.792872264802624,3.638265689225236,3.7044490140036297,3.6953824615714392,24.443321496713907,177,435,9,52,36,4,1471,0.31890829,NL
CHC,92,70,109,44,19,685,162,1435.0,7.933798505217676,2.5400698771645525,1.266899049845036,0.2719276200050264,0.74904057,0.39690597,0.118405627,93.46252948850136,3.806968927009589,4.041175545791722,4.159526639038582,4.162458535453523,13.380391486454757,202,405,9,53,29,1,1265,0.32424025,NL
SFG,81,81,89,41,19,677,162,1433.2,8.524994719274128,3.176470786415839,0.8976982657262154,0.3010699178900224,0.71999074,0.45290825,0.09903047,94.68067609445852,3.841897472898208,3.9610685907199534,3.7405769511907465,3.9967533707286114,15.670866541098803,143,506,18,69,51,8,1358,0.29848594,NL
CIN,83,79,104,41,22,712,162,1435.0,8.655052966910308,3.0982580910534,1.1916377273282308,0.274077868852459,0.73311897,0.385760357,0.114320096,94.88086346585726,3.863414947548369,3.9560300863937217,4.105868104270076,4.170237963978567,19.389198813587427,190,494,13,67,45,2,1380,0.29542675,NL
LAD,93,69,124,46,25,743,162,1441.0,9.399723342093733,3.516308466178585,1.092991086289969,0.285221544176174,0.731782,0.416538263,0.116900467,94.53720385989767,3.953504900694573,3.8267903252570856,3.9324993392526126,3.955388830925512,20.81070673279464,175,563,33,65,71,5,1505,0.31668357,NL
NYM,83,79,100,40,27,703,162,1432.0,8.717179637226078,3.494413755081254,0.9364526070271708,0.298668676212007,0.71315283,0.462047012,0.107658959,94.7628140491166,4.041201518915911,4.211868413331258,3.883041420463386,4.020448704841554,16.99425356904976,149,556,6,80,62,4,1387,0.32250242,NL
STL,78,84,92,42,23,649,162,1432.0,7.598464425965931,2.897346650430351,1.0684358580762685,0.2986767485822306,0.6973607,0.455486542,0.114247311,94.2188181253348,4.298883099553926,4.374448800335032,4.056225793241165,4.114960505945277,12.693413884844633,170,461,17,48,52,4,1209,0.31839891,NL
ATL,76,86,72,34,21,682,162,1438.0,8.86230955580759,3.3171073902387165,1.2329625582585415,0.2949013579297976,0.72598971,0.415988156,0.129520052,94.41736083863196,4.362309152823369,4.226665865712094,4.198418750004482,4.048200028487065,11.397526937595105,197,530,20,70,40,8,1416,0.3302439,NL
ARI,80,82,88,42,29,665,162,1444.0,8.027701505680174,3.116343752205037,1.2216067508643744,0.291405118300338,0.69708116,0.420303383,0.122194513,93.70941095969982,4.493767690679663,4.397389038339584,4.272948048178537,4.220974263291529,8.701921889209189,196,500,20,57,31,8,1288,0.34678349,NL
MIA,79,83,83,40,21,677,162,1443.1,8.06882287109503,3.161432145011731,1.240877705833007,0.2860962566844919,0.68998448,0.419784845,0.121936274,94.33800028047465,4.595612408034804,4.491270119141355,4.335829263046877,4.2867197172688805,9.712985555204796,199,507,17,71,65,10,1294,0.34068229,NL
WSN,66,96,75,37,20,745,162,1423.1,7.891335647189996,3.578923057940335,1.3531617215534129,0.3062350119904076,0.67536828,0.423521256,0.132672039,93.63064236368618,5.349415030066296,4.823785716764571,4.716635298070095,4.509252735971893,6.895906460937113,214,566,6,89,68,5,1248,0.33158375,NL
COL,43,119,61,29,25,693,162,1407.1,6.989815941823653,3.5428710263223278,1.605163587738094,0.3234758871701547,0.65636867,0.41425777,0.142613636,94.6951866453235,5.992184389285236,5.260844746005167,5.236983990862512,4.846501617520925,1.0804087165743113,251,554,19,73,60,7,1093,0.38625592,NL
