year,team_id,team,W,L,G,RS,RA,home_wp,away_wp,onerun_wp,onerun_n,xi_wp,ERA,WHIP,K9,BB9,SV,SVO,BS,sv_pct,FIP,era_fip_diff,HR9,babip_against,go_ao,ir_pct,SB,CS,sb_pct,LOB,OPS,babip_off,SV_top1,Top1_SV_Ratio
2015,141,Toronto Blue Jays,93,69,162,891,670,0.654320987654321,0.4938271604938271,0.3488372093023256,43,0.5714285714285714,3.8,1.21,6.98,2.48,34,56,22,0.6071428571428571,4.13,-0.33,1.08,0.28,1.02,0.301,88,23,0.7927927927927928,1057,0.797,0.298,20,0.5882352941176471
2015,147,New York Yankees,87,75,162,764,698,0.5555555555555556,0.5185185185185185,0.4893617021276595,47,0.3076923076923077,4.03,1.3,8.46,2.93,48,60,12,0.8,4.004,0.026,1.124,0.303,1.19,0.284,63,25,0.7159090909090909,1151,0.744,0.283,36,0.75
2015,110,Baltimore Orioles,81,81,162,713,693,0.6025641025641025,0.4047619047619047,0.4901960784313725,51,0.5454545454545454,4.05,1.32,7.73,3.03,43,58,15,0.7413793103448276,4.151,-0.101,1.092,0.299,1.1,0.318,44,25,0.6376811594202898,990,0.728,0.291,36,0.8372093023255814
2015,139,Tampa Bay Rays,80,82,162,644,642,0.5,0.4871794871794871,0.4642857142857143,56,0.1333333333333333,3.74,1.23,8.39,2.95,60,87,27,0.6896551724137931,3.95,-0.21,1.084,0.286,0.86,0.276,87,45,0.6590909090909091,1075,0.72,0.3,41,0.6833333333333333
2015,111,Boston Red Sox,78,84,162,748,753,0.5308641975308642,0.4320987654320987,0.5128205128205128,39,0.5,4.31,1.36,7.57,2.97,40,61,21,0.6557377049180327,4.204,0.106,1.106,0.307,1.08,0.316,71,27,0.7244897959183674,1142,0.74,0.305,25,0.625
2015,118,Kansas City Royals,95,67,162,724,641,0.6296296296296297,0.5432098765432098,0.575,40,0.625,3.73,1.28,7.19,3.03,56,76,20,0.7368421052631579,4.078,-0.348,0.961,0.288,0.96,0.258,104,34,0.7536231884057971,1079,0.734,0.301,32,0.5714285714285714
2015,142,Minnesota Twins,83,79,162,696,700,0.5679012345679012,0.4567901234567901,0.5121951219512195,41,0.4285714285714285,4.07,1.33,6.52,2.58,45,60,15,0.75,4.133,-0.063,1.017,0.303,1.03,0.318,70,38,0.6481481481481481,993,0.704,0.292,32,0.7111111111111111
2015,114,Cleveland Indians,81,80,161,669,640,0.4875,0.5185185185185185,0.4545454545454545,33,0.5555555555555556,3.67,1.19,8.84,2.67,38,50,12,0.76,3.657,0.013,1.012,0.29,1.08,0.288,86,28,0.7543859649122807,1147,0.726,0.299,34,0.8947368421052632
2015,145,Chicago White Sox,76,86,162,622,701,0.4938271604938271,0.4444444444444444,0.4915254237288136,59,0.7222222222222222,3.98,1.32,8.42,2.94,37,52,15,0.7115384615384616,3.856,0.124,1.004,0.314,1.06,0.319,68,42,0.6181818181818182,1065,0.686,0.296,34,0.918918918918919
2015,116,Detroit Tigers,74,87,161,689,803,0.4691358024691358,0.45,0.5416666666666666,48,0.5294117647058824,4.64,1.37,6.84,3.04,35,59,24,0.5932203389830508,4.493,0.147,1.2,0.301,0.97,0.332,83,51,0.6194029850746269,1111,0.748,0.322,27,0.7714285714285715
2015,140,Texas Rangers,88,74,162,751,733,0.5308641975308642,0.5555555555555556,0.5510204081632653,49,0.5555555555555556,4.24,1.36,6.83,3.17,45,62,17,0.7258064516129032,4.381,-0.141,1.067,0.296,1.08,0.295,101,39,0.7214285714285714,1130,0.738,0.3,35,0.7777777777777778
2015,117,Houston Astros,86,76,162,729,618,0.654320987654321,0.4074074074074074,0.42,50,0.5714285714285714,3.57,1.2,7.99,2.64,39,58,19,0.6724137931034483,3.699,-0.129,0.924,0.287,1.2,0.237,121,48,0.7159763313609467,1036,0.752,0.292,31,0.7948717948717948
2015,108,Los Angeles Angels,85,77,162,661,675,0.6049382716049383,0.4444444444444444,0.6730769230769231,52,0.4166666666666667,3.94,1.26,7.63,2.91,46,67,21,0.6865671641791045,4.091,-0.151,1.037,0.288,0.88,0.292,52,34,0.6046511627906976,1013,0.703,0.28,40,0.8695652173913043
2015,136,Seattle Mariners,76,86,162,656,726,0.4444444444444444,0.4938271604938271,0.4912280701754385,57,0.4347826086956521,4.16,1.31,7.89,3.02,45,71,26,0.6338028169014085,4.175,-0.015,1.113,0.3,1.16,0.346,69,45,0.6052631578947368,1080,0.722,0.292,17,0.37777777777777777
2015,133,Oakland Athletics,68,94,162,694,729,0.419753086419753,0.419753086419753,0.3518518518518518,54,0.4117647058823529,4.14,1.3,7.34,2.95,28,53,25,0.5283018867924528,4.168,-0.028,1.072,0.291,1.05,0.323,78,29,0.7289719626168224,1102,0.707,0.288,19,0.6785714285714286
2015,121,New York Mets,90,72,162,683,613,0.6049382716049383,0.5061728395061729,0.5102040816326531,49,0.6,3.43,1.18,8.23,2.36,50,71,21,0.704225352112676,3.569,-0.139,0.936,0.292,1.12,0.345,51,25,0.6710526315789473,1098,0.712,0.287,43,0.86
2015,120,Washington Nationals,83,79,162,703,635,0.5679012345679012,0.4567901234567901,0.5,44,0.8181818181818182,3.62,1.21,8.42,2.28,41,64,23,0.640625,3.489,0.131,0.91,0.304,1.06,0.314,57,23,0.7125,1114,0.724,0.3,29,0.7073170731707317
2015,146,Miami Marlins,71,91,162,613,678,0.5061728395061729,0.3703703703703703,0.5227272727272727,44,0.6666666666666666,4.02,1.32,7.27,3.2,35,56,21,0.625,4.017,0.003,0.889,0.297,1.05,0.21,112,45,0.7133757961783439,1059,0.694,0.307,32,0.9142857142857143
2015,144,Atlanta Braves,67,95,162,573,760,0.5185185185185185,0.3086419753086419,0.6086956521739131,46,0.3076923076923077,4.41,1.41,7.25,3.47,44,70,26,0.6285714285714286,4.379,0.031,1.074,0.309,1.04,0.273,69,33,0.6764705882352942,1145,0.673,0.297,24,0.5454545454545454
2015,143,Philadelphia Phillies,63,99,162,626,809,0.4567901234567901,0.3209876543209876,0.3720930232558139,43,0.4,4.69,1.45,7.22,3.06,35,51,16,0.6862745098039216,4.44,0.25,1.197,0.319,1.01,0.322,88,32,0.7333333333333333,1066,0.685,0.299,17,0.4857142857142857
2015,138,St. Louis Cardinals,100,62,162,647,525,0.6790123456790124,0.5555555555555556,0.5818181818181818,55,0.5,2.94,1.25,8.17,2.93,62,77,15,0.8051948051948052,3.516,-0.576,0.756,0.302,1.19,0.266,69,38,0.6448598130841121,1152,0.715,0.303,48,0.7741935483870968
2015,134,Pittsburgh Pirates,98,64,162,697,596,0.654320987654321,0.5555555555555556,0.6792452830188679,53,0.5714285714285714,3.21,1.24,8.08,2.74,54,68,14,0.7941176470588235,3.397,-0.187,0.665,0.305,1.48,0.22,98,45,0.6853146853146853,1166,0.719,0.314,51,0.9444444444444444
2015,112,Chicago Cubs,97,65,162,689,608,0.6049382716049383,0.5925925925925926,0.6181818181818182,55,0.7222222222222222,3.36,1.15,8.81,2.51,48,67,19,0.7164179104477612,3.334,0.026,0.825,0.29,1.2,0.33,95,37,0.7196969696969697,1165,0.719,0.305,30,0.625
2015,158,Milwaukee Brewers,68,94,162,655,737,0.419753086419753,0.419753086419753,0.5,32,0.4444444444444444,4.28,1.36,7.9,3.24,40,53,13,0.7547169811320755,4.204,0.076,1.104,0.307,1.22,0.289,84,29,0.7433628318584071,1026,0.7,0.303,38,0.95
2015,113,Cincinnati Reds,64,98,162,640,754,0.419753086419753,0.3703703703703703,0.3829787234042553,47,0.2941176470588235,4.33,1.36,7.75,3.37,35,57,22,0.6140350877192983,4.273,0.057,1.096,0.301,1.08,0.322,134,38,0.7790697674418605,1148,0.706,0.29,33,0.9428571428571428
2015,119,Los Angeles Dodgers,92,70,162,667,595,0.6790123456790124,0.4567901234567901,0.4693877551020408,49,0.4,3.44,1.18,8.69,2.46,47,68,21,0.6911764705882353,3.441,-0.001,0.903,0.299,1.38,0.309,59,34,0.6344086021505376,1121,0.739,0.292,36,0.7659574468085106
2015,137,San Francisco Giants,84,78,162,696,627,0.5802469135802469,0.4567901234567901,0.4042553191489361,47,0.5454545454545454,3.72,1.23,7.26,2.69,41,56,15,0.7321428571428571,3.951,-0.231,0.966,0.285,1.15,0.209,93,36,0.7209302325581395,1130,0.732,0.313,38,0.926829268292683
2015,109,Arizona Diamondbacks,79,83,162,720,713,0.4814814814814814,0.4938271604938271,0.4545454545454545,44,0.5,4.04,1.33,7.46,3.07,44,65,21,0.676923076923077,4.248,-0.208,1.117,0.297,1.15,0.309,132,44,0.75,1153,0.738,0.316,30,0.6818181818181818
2015,135,San Diego Padres,74,88,162,650,731,0.4814814814814814,0.4320987654320987,0.5116279069767442,43,0.5833333333333334,4.09,1.31,8.7,3.22,41,58,17,0.7068965517241379,3.966,0.124,1.069,0.307,1.21,0.303,82,29,0.7387387387387387,1028,0.685,0.292,39,0.9512195121951219
2015,115,Colorado Rockies,68,94,162,737,844,0.4444444444444444,0.3950617283950617,0.4545454545454545,44,0.375,5.04,1.51,7.02,3.65,36,61,25,0.5901639344262295,4.598,0.442,1.155,0.323,1.33,0.3,97,43,0.6928571428571428,1016,0.747,0.313,25,0.6944444444444444
2016,111,Boston Red Sox,93,69,162,878,694,0.5802469135802469,0.5679012345679012,0.4545454545454545,44,0.6363636363636364,4.0,1.27,8.51,3.06,43,61,18,0.7049180327868853,4.024,-0.024,1.101,0.295,0.91,0.323,83,24,0.7757009345794392,1162,0.809,0.32,31,0.7209302325581395
2016,141,Toronto Blue Jays,89,73,162,759,666,0.5679012345679012,0.5308641975308642,0.4565217391304347,46,0.3076923076923077,3.78,1.23,8.1,2.84,43,66,23,0.6515151515151515,4.068,-0.288,1.129,0.283,1.13,0.27,54,24,0.6923076923076923,1120,0.756,0.289,36,0.8372093023255814
2016,110,Baltimore Orioles,89,73,162,744,715,0.6172839506172839,0.4814814814814814,0.5675675675675675,37,0.75,4.22,1.36,7.84,3.43,54,68,14,0.7941176470588235,4.337,-0.117,1.15,0.301,1.11,0.292,19,13,0.59375,1065,0.76,0.291,47,0.8703703703703703
2016,147,New York Yankees,84,78,162,680,702,0.5925925925925926,0.4444444444444444,0.6666666666666666,36,0.5714285714285714,4.16,1.26,8.78,2.8,48,64,16,0.75,4.22,-0.06,1.349,0.294,1.17,0.347,72,22,0.7659574468085106,1098,0.72,0.289,34,0.7083333333333334
2016,139,Tampa Bay Rays,68,94,162,672,713,0.4444444444444444,0.3950617283950617,0.325,40,0.5714285714285714,4.2,1.32,8.56,3.1,42,60,18,0.7,4.281,-0.081,1.325,0.3,0.85,0.283,60,37,0.6185567010309279,1060,0.733,0.293,37,0.8809523809523809
2016,114,Cleveland Indians,94,67,161,777,676,0.654320987654321,0.5125,0.5714285714285714,49,0.5,3.84,1.24,8.71,2.87,37,48,11,0.7708333333333334,3.936,-0.096,1.158,0.291,1.23,0.251,134,31,0.8121212121212121,1084,0.759,0.304,32,0.8648648648648649
2016,116,Detroit Tigers,86,75,161,750,721,0.5625,0.5061728395061729,0.6046511627906976,43,0.5555555555555556,4.24,1.32,7.76,2.91,47,66,19,0.7121212121212122,4.179,0.061,1.147,0.302,0.99,0.335,58,29,0.6666666666666666,1105,0.769,0.312,44,0.9361702127659575
2016,118,Kansas City Royals,81,81,162,675,712,0.5802469135802469,0.419753086419753,0.4791666666666667,48,0.7,4.21,1.35,8.04,3.23,41,60,19,0.6833333333333333,4.444,-0.234,1.288,0.301,1.0,0.272,121,35,0.7756410256410257,1049,0.712,0.309,27,0.6585365853658537
2016,145,Chicago White Sox,78,84,162,686,715,0.5555555555555556,0.4074074074074074,0.4423076923076923,52,0.5333333333333333,4.1,1.34,7.9,3.24,43,71,28,0.6056338028169014,4.298,-0.198,1.151,0.3,0.96,0.339,77,36,0.6814159292035398,1105,0.727,0.304,37,0.8604651162790697
2016,142,Minnesota Twins,59,103,162,722,889,0.3703703703703703,0.3580246913580246,0.3409090909090909,44,0.375,5.08,1.45,7.43,2.99,26,46,20,0.5652173913043478,4.591,0.489,1.378,0.32,1.02,0.356,91,32,0.7398373983739838,1124,0.737,0.3,17,0.6538461538461539
2016,140,Texas Rangers,95,67,162,765,757,0.654320987654321,0.5185185185185185,0.7659574468085106,47,0.5,4.37,1.37,7.2,3.33,56,73,17,0.7671232876712328,4.602,-0.232,1.254,0.293,1.1,0.291,99,36,0.7333333333333333,1038,0.755,0.298,38,0.6785714285714286
2016,136,Seattle Mariners,86,76,162,768,707,0.5432098765432098,0.5185185185185185,0.5,60,0.5294117647058824,4.0,1.28,8.14,2.84,49,74,25,0.6621621621621622,4.322,-0.322,1.316,0.294,0.99,0.296,56,28,0.6666666666666666,1099,0.756,0.297,25,0.5102040816326531
2016,117,Houston Astros,84,78,162,724,701,0.5308641975308642,0.5061728395061729,0.5283018867924528,53,0.5555555555555556,4.06,1.29,8.56,2.78,44,64,20,0.6875,3.876,0.184,1.11,0.308,1.13,0.333,102,44,0.6986301369863014,1086,0.736,0.298,15,0.3409090909090909
2016,108,Los Angeles Angels,74,88,162,717,727,0.4938271604938271,0.419753086419753,0.4594594594594595,37,0.0,4.28,1.39,7.19,3.15,29,50,21,0.58,4.644,-0.364,1.317,0.303,0.9,0.331,73,34,0.6822429906542056,1037,0.727,0.289,19,0.6551724137931034
2016,133,Oakland Athletics,69,93,162,653,761,0.419753086419753,0.4320987654320987,0.4716981132075472,53,0.5454545454545454,4.51,1.34,7.46,2.91,42,65,23,0.6461538461538462,4.266,0.244,1.162,0.301,1.11,0.267,50,23,0.684931506849315,1036,0.699,0.28,30,0.7142857142857143
2016,120,Washington Nationals,95,67,162,763,612,0.6172839506172839,0.5555555555555556,0.5777777777777777,45,0.3846153846153846,3.51,1.19,9.1,2.89,46,60,14,0.7666666666666667,3.607,-0.097,0.956,0.292,1.0,0.263,121,39,0.75625,1105,0.752,0.293,19,0.41304347826086957
2016,121,New York Mets,87,75,162,671,617,0.5432098765432098,0.5308641975308642,0.5319148936170213,47,0.6153846153846154,3.57,1.27,8.68,2.73,55,71,16,0.7746478873239436,3.589,-0.019,0.945,0.312,1.05,0.241,42,18,0.7,1120,0.733,0.282,51,0.9272727272727272
2016,146,Miami Marlins,79,82,161,655,682,0.5,0.4814814814814814,0.4782608695652174,46,0.3636363636363636,4.05,1.36,8.65,3.73,55,84,29,0.6547619047619048,3.996,0.054,0.953,0.307,1.03,0.268,71,28,0.7171717171717171,1171,0.716,0.314,40,0.7272727272727273
2016,143,Philadelphia Phillies,71,91,162,610,796,0.4567901234567901,0.419753086419753,0.5490196078431373,51,0.5384615384615384,4.63,1.35,8.14,2.92,43,63,20,0.6825396825396826,4.368,0.262,1.334,0.307,0.96,0.351,96,45,0.6808510638297872,1043,0.685,0.291,37,0.8604651162790697
2016,144,Atlanta Braves,68,93,161,649,779,0.382716049382716,0.4625,0.4883720930232558,43,0.5,4.51,1.35,7.63,3.4,39,58,19,0.6724137931034483,4.343,0.167,1.101,0.296,1.04,0.341,75,34,0.6880733944954128,1161,0.705,0.305,20,0.5128205128205128
2016,112,Chicago Cubs,103,58,161,808,556,0.7037037037037037,0.575,0.4888888888888889,45,0.6923076923076923,3.15,1.11,8.88,3.05,38,53,15,0.7169811320754716,3.794,-0.644,1.005,0.257,1.19,0.288,66,34,0.66,1217,0.772,0.302,18,0.47368421052631576
2016,138,St. Louis Cardinals,86,76,162,779,712,0.4691358024691358,0.5925925925925926,0.5106382978723404,47,0.5714285714285714,4.08,1.32,8.02,2.95,38,55,17,0.6909090909090909,3.908,0.172,0.988,0.307,1.37,0.316,35,26,0.5737704918032787,1113,0.767,0.294,19,0.5
2016,134,Pittsburgh Pirates,78,83,161,729,758,0.475,0.4938271604938271,0.4878048780487805,41,0.6153846153846154,4.21,1.39,7.64,3.31,51,71,20,0.7183098591549296,4.328,-0.118,1.117,0.311,1.27,0.3,110,45,0.7096774193548387,1173,0.734,0.311,32,0.6274509803921569
2016,158,Milwaukee Brewers,73,89,162,671,733,0.5061728395061729,0.3950617283950617,0.4509803921568627,51,0.3076923076923077,4.08,1.38,7.37,3.34,46,69,23,0.6666666666666666,4.396,-0.316,1.117,0.303,1.18,0.336,181,56,0.7637130801687764,1071,0.729,0.304,27,0.5869565217391305
2016,113,Cincinnati Reds,68,94,162,716,854,0.4691358024691358,0.3703703703703703,0.4489795918367347,49,0.2307692307692307,4.91,1.45,7.75,3.97,28,53,25,0.5283018867924528,5.26,-0.35,1.61,0.294,0.96,0.283,139,51,0.7315789473684211,1014,0.724,0.303,17,0.6071428571428571
2016,119,Los Angeles Dodgers,91,71,162,725,638,0.654320987654321,0.4691358024691358,0.5238095238095238,42,0.4285714285714285,3.7,1.19,9.35,2.87,47,69,22,0.6811594202898551,3.635,0.065,1.022,0.291,1.01,0.287,45,26,0.6338028169014085,1106,0.728,0.294,47,1.0
2016,137,San Francisco Giants,87,75,162,715,631,0.5555555555555556,0.5185185185185185,0.509090909090909,55,0.6111111111111112,3.65,1.21,8.07,2.71,43,72,29,0.5972222222222222,3.78,-0.13,0.974,0.29,1.13,0.221,79,36,0.6869565217391305,1188,0.727,0.299,31,0.7209302325581395
2016,115,Colorado Rockies,75,87,162,845,860,0.5185185185185185,0.4074074074074074,0.375,32,0.3333333333333333,4.91,1.45,7.7,3.44,37,65,28,0.5692307692307692,4.4,0.51,1.14,0.321,1.39,0.362,66,39,0.6285714285714286,1089,0.793,0.326,15,0.40540540540540543
2016,109,Arizona Diamondbacks,69,93,162,752,890,0.4074074074074074,0.4444444444444444,0.5641025641025641,39,0.5,5.09,1.49,8.17,3.74,31,53,22,0.5849056603773585,4.528,0.562,1.253,0.323,1.2,0.367,137,31,0.8154761904761905,1113,0.752,0.315,19,0.6129032258064516
2016,135,San Diego Padres,68,94,162,686,770,0.4814814814814814,0.3580246913580246,0.38,50,0.5,4.43,1.38,7.64,3.56,35,53,18,0.660377358490566,4.421,0.009,1.144,0.298,1.11,0.354,125,45,0.7352941176470589,965,0.689,0.291,17,0.4857142857142857
2017,111,Boston Red Sox,93,69,162,785,668,0.5925925925925926,0.5555555555555556,0.5365853658536586,41,0.8333333333333334,3.7,1.25,9.59,2.82,39,58,19,0.6724137931034483,3.789,-0.089,1.184,0.304,0.89,0.29,106,31,0.7737226277372263,1134,0.736,0.3,35,0.8974358974358975
2017,147,New York Yankees,91,71,162,858,660,0.6296296296296297,0.4938271604938271,0.4090909090909091,44,0.4545454545454545,3.72,1.21,9.69,3.13,36,59,23,0.6101694915254238,3.893,-0.173,1.193,0.282,1.09,0.273,90,22,0.8035714285714286,1184,0.786,0.304,22,0.6111111111111112
2017,139,Tampa Bay Rays,80,82,162,694,704,0.5185185185185185,0.4691358024691358,0.4666666666666667,45,0.5714285714285714,3.97,1.26,8.42,3.13,53,75,22,0.7066666666666667,4.179,-0.209,1.202,0.285,0.95,0.274,88,34,0.7213114754098361,1114,0.739,0.296,47,0.8867924528301887
2017,141,Toronto Blue Jays,76,86,162,693,784,0.5185185185185185,0.419753086419753,0.490566037735849,53,0.2631578947368421,4.42,1.37,8.43,3.37,45,72,27,0.625,4.321,0.099,1.247,0.304,1.1,0.267,53,24,0.6883116883116883,1064,0.724,0.276,39,0.8666666666666667
2017,110,Baltimore Orioles,75,87,162,743,841,0.5679012345679012,0.3580246913580246,0.5121951219512195,41,0.75,4.97,1.45,7.7,3.62,35,53,18,0.660377358490566,4.972,-0.002,1.511,0.303,1.07,0.291,32,13,0.7111111111111111,1041,0.747,0.306,18,0.5142857142857142
2017,114,Cleveland Indians,102,60,162,818,564,0.6049382716049383,0.654320987654321,0.5714285714285714,35,0.6666666666666666,3.3,1.16,10.08,2.54,37,47,10,0.7872340425531915,3.339,-0.039,1.019,0.305,1.09,0.286,88,23,0.7927927927927928,1158,0.788,0.295,30,0.8108108108108109
2017,142,Minnesota Twins,85,77,162,815,788,0.5061728395061729,0.5432098765432098,0.4545454545454545,33,0.5,4.59,1.37,7.31,3.03,42,61,19,0.6885245901639344,4.727,-0.137,1.404,0.298,0.93,0.271,95,28,0.7723577235772358,1147,0.768,0.306,29,0.6904761904761905
2017,118,Kansas City Royals,80,82,162,702,791,0.5308641975308642,0.4567901234567901,0.6097560975609756,41,0.3636363636363636,4.61,1.39,7.61,3.25,39,60,21,0.65,4.443,0.167,1.227,0.305,0.96,0.31,91,31,0.7459016393442623,1005,0.731,0.295,26,0.6666666666666666
2017,145,Chicago White Sox,67,95,162,706,820,0.4814814814814814,0.345679012345679,0.4772727272727273,44,0.5,4.78,1.42,7.55,4.0,25,40,15,0.625,5.182,-0.402,1.533,0.282,0.97,0.296,71,31,0.696078431372549,1055,0.731,0.309,16,0.64
2017,116,Detroit Tigers,64,98,162,735,894,0.419753086419753,0.3703703703703703,0.425,40,0.2,5.36,1.5,7.62,3.41,32,55,23,0.5818181818181818,4.738,0.622,1.382,0.321,0.8,0.36,65,34,0.6565656565656566,1104,0.748,0.306,13,0.40625
2017,117,Houston Astros,101,61,162,896,700,0.5925925925925926,0.654320987654321,0.59375,32,0.5,4.12,1.27,9.91,3.25,45,67,22,0.6716417910447762,3.921,0.199,1.195,0.302,1.23,0.371,98,42,0.7,1094,0.824,0.309,34,0.7555555555555555
2017,108,Los Angeles Angels,80,82,162,710,709,0.5308641975308642,0.4567901234567901,0.5510204081632653,49,0.5333333333333333,4.2,1.28,8.2,2.94,43,65,22,0.6615384615384615,4.441,-0.241,1.4,0.291,0.9,0.256,136,44,0.7555555555555555,1033,0.712,0.277,19,0.4418604651162791
2017,136,Seattle Mariners,78,84,162,750,772,0.4938271604938271,0.4691358024691358,0.6341463414634146,41,0.5833333333333334,4.46,1.31,7.77,3.06,39,65,26,0.6,4.713,-0.253,1.481,0.285,0.85,0.295,89,35,0.717741935483871,1084,0.749,0.3,34,0.8717948717948718
2017,140,Texas Rangers,78,84,162,799,816,0.5061728395061729,0.4567901234567901,0.3513513513513513,37,0.5,4.66,1.4,6.95,3.51,29,50,21,0.58,4.89,-0.23,1.343,0.29,1.05,0.405,113,44,0.7197452229299363,1015,0.75,0.291,11,0.3793103448275862
2017,133,Oakland Athletics,75,87,162,739,826,0.5679012345679012,0.3580246913580246,0.5,42,0.3076923076923077,4.67,1.36,7.56,3.16,35,60,25,0.5833333333333334,4.578,0.092,1.321,0.296,1.07,0.31,57,22,0.7215189873417721,1075,0.755,0.294,18,0.5142857142857142
2017,120,Washington Nationals,97,65,162,819,672,0.5802469135802469,0.6172839506172839,0.5882352941176471,51,0.6363636363636364,3.88,1.24,9.06,3.08,46,64,18,0.71875,4.005,-0.125,1.176,0.29,1.0,0.244,108,30,0.782608695652174,1101,0.781,0.311,26,0.5652173913043478
2017,146,Miami Marlins,77,85,162,778,822,0.5384615384615384,0.4166666666666667,0.45,40,0.5454545454545454,4.82,1.44,7.5,3.91,34,61,27,0.5573770491803278,4.703,0.117,1.204,0.302,0.99,0.374,91,30,0.7520661157024794,1130,0.762,0.313,20,0.5882352941176471
2017,144,Atlanta Braves,72,90,162,732,821,0.4567901234567901,0.4320987654320987,0.4418604651162791,43,0.4285714285714285,4.72,1.42,7.86,3.65,36,59,23,0.6101694915254238,4.518,0.202,1.199,0.306,1.07,0.343,77,31,0.7129629629629629,1127,0.738,0.305,22,0.6111111111111112
2017,121,New York Mets,70,92,162,735,863,0.4567901234567901,0.4074074074074074,0.4666666666666667,45,0.2727272727272727,5.01,1.49,8.62,3.72,34,54,20,0.6296296296296297,4.604,0.406,1.381,0.322,1.08,0.307,58,23,0.7160493827160493,1099,0.754,0.286,26,0.7647058823529411
2017,143,Philadelphia Phillies,66,96,162,690,782,0.4814814814814814,0.3333333333333333,0.3684210526315789,57,0.4117647058823529,4.55,1.39,8.18,3.29,33,57,24,0.5789473684210527,4.575,-0.025,1.38,0.307,0.98,0.344,59,25,0.7023809523809523,1079,0.724,0.304,26,0.7878787878787878
2017,112,Chicago Cubs,92,70,162,822,695,0.5925925925925926,0.5432098765432098,0.6046511627906976,43,0.7,3.95,1.28,8.95,3.44,38,57,19,0.6666666666666666,4.209,-0.259,1.207,0.288,1.18,0.321,62,31,0.6666666666666666,1147,0.775,0.302,32,0.8421052631578947
2017,158,Milwaukee Brewers,86,76,162,732,697,0.5476190476190477,0.5128205128205128,0.5319148936170213,47,0.3125,4.0,1.34,8.38,3.44,54,79,25,0.6835443037974683,4.252,-0.252,1.152,0.301,1.18,0.286,128,41,0.757396449704142,1088,0.751,0.308,39,0.7222222222222222
2017,138,St. Louis Cardinals,83,79,162,761,705,0.5432098765432098,0.4814814814814814,0.4528301886792453,53,0.3571428571428571,4.01,1.3,8.38,3.06,43,60,17,0.7166666666666667,4.106,-0.096,1.136,0.301,1.2,0.339,81,31,0.7232142857142857,1118,0.76,0.304,20,0.46511627906976744
2017,134,Pittsburgh Pirates,75,87,162,668,731,0.5432098765432098,0.382716049382716,0.4545454545454545,44,0.4705882352941176,4.22,1.37,7.88,3.19,36,57,21,0.631578947368421,4.246,-0.026,1.137,0.31,1.16,0.281,67,36,0.6504854368932039,1129,0.704,0.286,21,0.5833333333333334
2017,113,Cincinnati Reds,68,94,162,753,869,0.4814814814814814,0.3580246913580246,0.3714285714285714,35,0.3,5.17,1.45,8.18,3.97,33,48,15,0.6875,5.092,0.078,1.561,0.3,1.12,0.296,120,39,0.7547169811320755,1135,0.762,0.294,28,0.8484848484848485
2017,119,Los Angeles Dodgers,104,58,162,770,580,0.7037037037037037,0.5802469135802469,0.5681818181818182,44,0.6666666666666666,3.38,1.15,9.65,2.75,51,68,17,0.75,3.682,-0.302,1.147,0.284,1.0,0.28,77,28,0.7333333333333333,1146,0.771,0.293,41,0.803921568627451
2017,109,Arizona Diamondbacks,93,69,162,812,659,0.6419753086419753,0.5061728395061729,0.5576923076923077,52,0.75,3.66,1.27,9.26,3.22,43,63,20,0.6825396825396826,3.809,-0.149,1.068,0.297,1.3,0.245,103,30,0.7744360902255639,1118,0.774,0.306,39,0.9069767441860465
2017,115,Colorado Rockies,87,75,162,824,757,0.5679012345679012,0.5061728395061729,0.6,35,0.4,4.51,1.38,7.95,3.33,47,62,15,0.7580645161290323,4.336,0.174,1.19,0.309,1.31,0.234,59,34,0.6344086021505376,1088,0.782,0.332,41,0.8723404255319149
2017,135,San Diego Padres,71,91,162,604,816,0.5308641975308642,0.345679012345679,0.5,38,0.3636363636363636,4.67,1.38,8.34,3.49,45,62,17,0.7258064516129032,4.691,-0.021,1.422,0.301,1.19,0.329,89,33,0.7295081967213115,1037,0.692,0.287,22,0.4888888888888889
2017,137,San Francisco Giants,64,98,162,639,776,0.4691358024691358,0.3209876543209876,0.4893617021276595,47,0.631578947368421,4.5,1.38,7.65,3.07,32,55,23,0.5818181818181818,4.228,0.272,1.128,0.312,1.01,0.319,76,34,0.6909090909090909,1093,0.689,0.294,14,0.4375
2018,111,Boston Red Sox,108,54,162,876,647,0.7037037037037037,0.6296296296296297,0.6410256410256411,39,0.6153846153846154,3.75,1.25,9.61,3.16,46,66,20,0.696969696969697,3.828,-0.078,1.086,0.295,0.9,0.322,125,31,0.8012820512820513,1124,0.792,0.309,42,0.9130434782608695
2018,147,New York Yankees,100,62,162,851,669,0.654320987654321,0.5802469135802469,0.575,40,0.6428571428571429,3.78,1.24,10.1,3.05,49,67,18,0.7313432835820896,3.643,0.137,1.094,0.302,0.97,0.342,63,21,0.75,1100,0.78,0.285,32,0.6530612244897959
2018,139,Tampa Bay Rays,90,72,162,716,646,0.6296296296296297,0.4814814814814814,0.4745762711864407,59,0.4166666666666667,3.74,1.2,8.83,3.11,52,74,22,0.7027027027027027,3.827,-0.087,1.019,0.279,0.99,0.317,128,51,0.7150837988826816,1156,0.739,0.317,25,0.4807692307692308
2018,141,Toronto Blue Jays,73,89,162,709,832,0.4938271604938271,0.4074074074074074,0.575,40,0.625,4.85,1.41,8.15,3.46,39,59,20,0.6610169491525424,4.539,0.311,1.306,0.308,0.93,0.309,47,30,0.6103896103896104,1036,0.739,0.286,25,0.6410256410256411
2018,110,Baltimore Orioles,47,115,162,622,892,0.345679012345679,0.2345679012345679,0.2926829268292683,41,0.3076923076923077,5.18,1.5,7.57,3.7,28,46,18,0.6086956521739131,4.99,0.19,1.472,0.312,0.96,0.31,81,22,0.7864077669902912,1027,0.689,0.286,15,0.5357142857142857
2018,114,Cleveland Indians,91,71,162,818,648,0.6049382716049383,0.5185185185185185,0.4782608695652174,46,0.3076923076923077,3.77,1.2,9.54,2.51,41,58,17,0.7068965517241379,3.795,-0.025,1.235,0.299,0.97,0.264,135,36,0.7894736842105263,1147,0.766,0.291,27,0.6585365853658537
2018,142,Minnesota Twins,78,84,162,738,775,0.6049382716049383,0.3580246913580246,0.4166666666666667,36,0.3846153846153846,4.5,1.38,8.59,3.57,37,65,28,0.5692307692307692,4.403,0.097,1.235,0.304,0.94,0.318,47,27,0.6351351351351351,1087,0.723,0.298,25,0.6756756756756757
2018,116,Detroit Tigers,64,98,162,630,796,0.4691358024691358,0.3209876543209876,0.4230769230769231,52,0.5,4.58,1.34,7.67,3.1,37,61,24,0.6065573770491803,4.595,-0.015,1.364,0.292,0.84,0.315,70,30,0.7,1071,0.68,0.293,32,0.8648648648648649
2018,145,Chicago White Sox,62,100,162,656,848,0.3703703703703703,0.3950617283950617,0.375,40,0.5,4.83,1.43,7.89,4.09,34,53,19,0.6415094339622641,4.74,0.09,1.228,0.293,0.87,0.388,98,41,0.7050359712230215,1050,0.703,0.304,20,0.5882352941176471
2018,118,Kansas City Royals,58,104,162,638,833,0.3950617283950617,0.3209876543209876,0.3877551020408163,49,0.3846153846153846,4.94,1.46,7.27,3.45,33,57,24,0.5789473684210527,4.672,0.268,1.288,0.311,0.95,0.378,117,38,0.7548387096774194,1063,0.697,0.293,14,0.42424242424242425
2018,117,Houston Astros,103,59,162,797,534,0.5679012345679012,0.7037037037037037,0.5,48,0.4545454545454545,3.11,1.1,10.44,2.69,46,67,21,0.6865671641791045,3.242,-0.132,0.94,0.284,1.03,0.251,71,26,0.7319587628865979,1052,0.754,0.289,26,0.5652173913043478
2018,133,Oakland Athletics,97,65,162,813,674,0.6172839506172839,0.5802469135802469,0.6888888888888889,45,0.6842105263157895,3.81,1.21,7.6,2.91,44,62,18,0.7096774193548387,4.193,-0.383,1.13,0.271,1.01,0.34,35,21,0.625,1085,0.764,0.294,38,0.8636363636363636
2018,136,Seattle Mariners,89,73,162,677,711,0.5555555555555556,0.5432098765432098,0.631578947368421,57,0.9333333333333332,4.13,1.24,8.25,2.49,60,81,21,0.7407407407407407,4.064,0.066,1.212,0.296,0.95,0.381,79,37,0.6810344827586207,1084,0.722,0.295,57,0.95
2018,108,Los Angeles Angels,80,82,162,721,722,0.5185185185185185,0.4691358024691358,0.6341463414634146,41,0.4166666666666667,4.15,1.32,8.68,3.42,35,61,26,0.5737704918032787,4.371,-0.221,1.284,0.295,0.94,0.264,89,22,0.8018018018018018,1071,0.726,0.277,14,0.4
2018,140,Texas Rangers,67,95,162,737,848,0.419753086419753,0.4074074074074074,0.3870967741935484,31,0.5,4.92,1.4,7.05,3.09,42,56,14,0.75,4.8,0.12,1.396,0.301,1.0,0.33,74,35,0.6788990825688074,1093,0.722,0.292,29,0.6904761904761905
2018,144,Atlanta Braves,90,72,162,759,657,0.5308641975308642,0.5802469135802469,0.6571428571428571,35,0.4285714285714285,3.75,1.28,8.79,3.92,40,60,20,0.6666666666666666,3.997,-0.247,0.946,0.281,1.0,0.316,90,36,0.7142857142857143,1143,0.741,0.302,16,0.4
2018,120,Washington Nationals,82,80,162,771,682,0.5061728395061729,0.5061728395061729,0.4285714285714285,42,0.2857142857142857,4.04,1.25,8.82,3.03,40,54,14,0.7407407407407407,4.158,-0.118,1.232,0.289,0.9,0.23,119,33,0.7828947368421053,1180,0.754,0.297,25,0.625
2018,143,Philadelphia Phillies,80,82,162,677,728,0.6049382716049383,0.382716049382716,0.5609756097560976,41,0.5714285714285714,4.14,1.29,9.12,3.11,44,64,20,0.6875,3.843,0.297,1.065,0.306,1.11,0.275,69,26,0.7263157894736842,1120,0.707,0.289,16,0.36363636363636365
2018,121,New York Mets,77,85,162,676,707,0.4567901234567901,0.4938271604938271,0.3809523809523809,42,0.5,4.07,1.27,8.91,2.98,41,59,18,0.6949152542372882,3.977,0.093,1.14,0.298,0.95,0.332,71,39,0.6454545454545455,1104,0.701,0.283,17,0.4146341463414634
2018,146,Miami Marlins,63,98,161,589,809,0.4691358024691358,0.3125,0.475,40,0.6,4.76,1.38,7.8,3.78,30,53,23,0.5660377358490566,4.575,0.185,1.198,0.293,0.91,0.342,45,31,0.5921052631578947,1123,0.66,0.293,10,0.3333333333333333
2018,158,Milwaukee Brewers,96,67,163,754,659,0.6296296296296297,0.5487804878048781,0.6346153846153846,52,0.5625,3.73,1.24,8.8,3.41,49,74,25,0.6621621621621622,4.015,-0.285,1.066,0.282,1.0,0.297,124,32,0.7948717948717948,1106,0.747,0.302,16,0.32653061224489793
2018,112,Chicago Cubs,95,68,163,761,645,0.6219512195121951,0.5432098765432098,0.5098039215686274,51,0.5789473684210527,3.65,1.31,8.13,3.79,46,65,19,0.7076923076923077,4.145,-0.495,0.957,0.287,1.09,0.303,66,38,0.6346153846153846,1224,0.743,0.313,22,0.4782608695652174
2018,138,St. Louis Cardinals,88,74,162,759,691,0.5308641975308642,0.5555555555555556,0.5,44,0.5,3.85,1.34,8.27,3.67,43,64,21,0.671875,3.98,-0.13,0.891,0.297,1.08,0.301,63,32,0.6631578947368421,1101,0.73,0.294,28,0.6511627906976745
2018,134,Pittsburgh Pirates,82,79,161,692,693,0.55,0.4691358024691358,0.5686274509803921,51,0.5833333333333334,4.0,1.31,8.38,3.12,40,60,20,0.6666666666666666,4.068,-0.068,1.092,0.299,0.99,0.302,70,38,0.6481481481481481,1071,0.724,0.298,37,0.925
2018,113,Cincinnati Reds,67,95,162,696,819,0.4567901234567901,0.3703703703703703,0.2564102564102564,39,0.3684210526315789,4.63,1.4,7.86,3.32,38,57,19,0.6666666666666666,4.693,-0.063,1.424,0.303,1.09,0.253,77,33,0.7,1179,0.729,0.307,30,0.7894736842105263
2018,119,Los Angeles Dodgers,92,71,163,804,610,0.5487804878048781,0.5802469135802469,0.5,44,0.5333333333333333,3.38,1.15,9.54,2.57,48,74,26,0.6486486486486487,3.608,-0.228,1.091,0.286,1.09,0.263,75,24,0.7575757575757576,1163,0.775,0.294,38,0.7916666666666666
2018,115,Colorado Rockies,91,72,163,780,745,0.5802469135802469,0.5365853658536586,0.6341463414634146,41,0.4545454545454545,4.33,1.31,8.73,3.25,51,78,27,0.6538461538461539,4.069,0.261,1.14,0.302,1.16,0.375,95,33,0.7421875,1067,0.757,0.304,43,0.8431372549019608
2018,109,Arizona Diamondbacks,82,80,162,693,644,0.4938271604938271,0.5185185185185185,0.392156862745098,51,0.3571428571428571,3.72,1.25,8.91,3.21,39,66,27,0.5909090909090909,3.924,-0.204,1.07,0.292,1.27,0.3,79,25,0.7596153846153846,1086,0.707,0.286,32,0.8205128205128205
2018,137,San Francisco Giants,73,89,162,603,699,0.5185185185185185,0.382716049382716,0.4642857142857143,56,0.5238095238095238,3.95,1.31,7.82,3.23,36,66,30,0.5454545454545454,3.989,-0.039,0.961,0.297,1.06,0.295,77,34,0.6936936936936937,1101,0.668,0.299,14,0.3888888888888889
2018,135,San Diego Padres,66,96,162,617,767,0.382716049382716,0.4320987654320987,0.5116279069767442,43,0.3125,4.4,1.34,8.64,3.21,36,53,17,0.6792452830188679,4.109,0.291,1.143,0.308,1.08,0.302,95,36,0.7251908396946565,1028,0.677,0.294,24,0.6666666666666666
2019,147,New York Yankees,103,59,162,943,739,0.7037037037037037,0.5679012345679012,0.4864864864864865,37,0.6363636363636364,4.31,1.3,9.57,3.16,50,78,28,0.6410256410256411,4.424,-0.114,1.547,0.297,0.95,0.287,55,22,0.7142857142857143,1039,0.829,0.306,37,0.74
2019,139,Tampa Bay Rays,96,66,162,769,656,0.5925925925925926,0.5925925925925926,0.5897435897435898,39,0.5789473684210527,3.65,1.17,9.9,2.77,46,75,29,0.6133333333333333,3.611,0.039,1.105,0.291,1.05,0.277,94,37,0.7175572519083969,1130,0.756,0.306,20,0.43478260869565216
2019,111,Boston Red Sox,84,78,162,901,828,0.4691358024691358,0.5679012345679012,0.5111111111111111,45,0.5294117647058824,4.7,1.38,9.99,3.7,33,64,31,0.515625,4.239,0.461,1.315,0.314,1.02,0.301,68,30,0.6938775510204082,1170,0.806,0.313,16,0.48484848484848486
2019,141,Toronto Blue Jays,67,95,162,726,828,0.4320987654320987,0.3950617283950617,0.4390243902439024,41,0.4666666666666667,4.79,1.43,8.32,3.77,33,43,10,0.7674418604651163,4.78,0.01,1.425,0.301,0.99,0.28,51,20,0.7183098591549296,1003,0.733,0.28,23,0.696969696969697
2019,110,Baltimore Orioles,54,108,162,729,981,0.3086419753086419,0.3580246913580246,0.3333333333333333,33,0.2,5.59,1.46,7.78,3.5,27,54,27,0.5,5.521,0.069,1.902,0.296,0.89,0.38,84,30,0.7368421052631579,1063,0.725,0.293,11,0.4074074074074074
2019,142,Minnesota Twins,101,61,162,939,754,0.5679012345679012,0.6790123456790124,0.6571428571428571,35,0.4166666666666667,4.18,1.3,9.0,2.78,50,72,22,0.6944444444444444,3.981,0.199,1.218,0.311,0.97,0.32,28,21,0.5714285714285714,1115,0.832,0.3,30,0.6
2019,114,Cleveland Indians,93,69,162,769,657,0.6049382716049383,0.5432098765432098,0.4838709677419355,31,0.4615384615384615,3.76,1.22,9.44,2.82,42,58,16,0.7241379310344828,4.013,-0.253,1.296,0.293,0.86,0.289,103,35,0.7463768115942029,1072,0.755,0.289,34,0.8095238095238095
2019,145,Chicago White Sox,72,89,161,708,832,0.4875,0.4074074074074074,0.4375,32,0.5,4.9,1.43,8.36,3.71,33,50,17,0.66,4.848,0.052,1.517,0.303,1.04,0.326,63,28,0.6923076923076923,1071,0.728,0.329,30,0.9090909090909091
2019,118,Kansas City Royals,59,103,162,691,869,0.382716049382716,0.345679012345679,0.375,40,0.3076923076923077,5.2,1.48,7.77,3.68,37,60,23,0.6166666666666667,4.856,0.344,1.396,0.312,1.02,0.364,117,39,0.75,1056,0.71,0.301,30,0.8108108108108109
2019,116,Detroit Tigers,47,114,161,582,915,0.2716049382716049,0.3125,0.3888888888888889,36,0.375,5.24,1.46,8.59,3.37,31,56,25,0.5535714285714286,4.795,0.445,1.57,0.319,0.97,0.361,57,20,0.7402597402597403,1069,0.682,0.308,22,0.7096774193548387
2019,117,Houston Astros,107,55,162,920,640,0.7407407407407407,0.5802469135802469,0.5581395348837209,43,0.7142857142857143,3.66,1.13,10.28,2.76,47,67,20,0.7014925373134329,3.933,-0.273,1.416,0.272,1.0,0.266,67,27,0.7127659574468085,1168,0.847,0.296,38,0.8085106382978723
2019,133,Oakland Athletics,97,65,162,845,680,0.6419753086419753,0.5555555555555556,0.5510204081632653,49,0.4,3.97,1.24,7.98,2.93,45,77,32,0.5844155844155844,4.292,-0.322,1.235,0.279,0.9,0.307,49,21,0.7,1081,0.775,0.282,25,0.5555555555555556
2019,140,Texas Rangers,78,84,162,810,878,0.5555555555555556,0.4074074074074074,0.5434782608695652,46,0.5384615384615384,5.06,1.46,8.63,3.65,33,47,14,0.7021276595744681,4.793,0.267,1.508,0.314,0.91,0.333,131,38,0.7751479289940828,1066,0.75,0.304,14,0.42424242424242425
2019,108,Los Angeles Angels,72,90,162,769,868,0.4691358024691358,0.419753086419753,0.45,40,0.3,5.12,1.38,8.76,3.59,32,47,15,0.6808510638297872,4.998,0.122,1.666,0.291,0.9,0.337,65,20,0.7647058823529411,1125,0.746,0.281,23,0.71875
2019,136,Seattle Mariners,68,94,162,758,893,0.4320987654320987,0.4074074074074074,0.4693877551020408,49,0.6923076923076923,4.99,1.38,7.75,3.16,34,63,29,0.5396825396825397,4.956,0.034,1.626,0.291,1.02,0.38,115,47,0.7098765432098766,1080,0.74,0.287,24,0.7058823529411765
2019,144,Atlanta Braves,97,65,162,855,743,0.6172839506172839,0.5802469135802469,0.6363636363636364,44,0.6470588235294118,4.19,1.36,8.64,3.4,44,67,23,0.6567164179104478,4.345,-0.155,1.26,0.305,1.1,0.326,89,28,0.7606837606837606,1138,0.788,0.305,18,0.4090909090909091
2019,120,Washington Nationals,93,69,162,873,724,0.6172839506172839,0.5308641975308642,0.4473684210526316,38,0.4,4.27,1.29,9.45,3.23,40,69,29,0.5797101449275363,4.1,0.17,1.263,0.298,1.0,0.39,116,29,0.8,1114,0.796,0.306,29,0.725
2019,121,New York Mets,86,76,162,791,737,0.5925925925925926,0.4691358024691358,0.5106382978723404,47,0.4375,4.24,1.3,9.36,3.08,38,65,27,0.5846153846153846,4.054,0.186,1.257,0.307,1.02,0.295,56,27,0.6746987951807228,1128,0.77,0.299,26,0.6842105263157895
2019,143,Philadelphia Phillies,81,81,162,774,794,0.5555555555555556,0.4444444444444444,0.5,40,0.5384615384615384,4.53,1.37,8.62,3.38,36,57,21,0.631578947368421,4.836,-0.306,1.598,0.301,1.05,0.313,78,18,0.8125,1129,0.746,0.293,28,0.7777777777777778
2019,146,Miami Marlins,57,105,162,615,808,0.3703703703703703,0.3333333333333333,0.3636363636363636,44,0.4375,4.74,1.35,8.59,3.83,27,49,22,0.5510204081632653,4.851,-0.111,1.471,0.283,0.81,0.318,55,30,0.6470588235294118,1034,0.673,0.3,19,0.7037037037037037
2019,138,St. Louis Cardinals,91,71,162,764,662,0.6172839506172839,0.5061728395061729,0.5319148936170213,47,0.6666666666666666,3.8,1.27,8.72,3.4,52,73,21,0.7123287671232876,4.227,-0.427,1.19,0.285,1.13,0.289,116,29,0.8,1107,0.737,0.292,24,0.46153846153846156
2019,158,Milwaukee Brewers,89,73,162,769,766,0.6049382716049383,0.4938271604938271,0.6,45,0.4666666666666667,4.4,1.33,9.23,3.52,50,78,28,0.6410256410256411,4.418,-0.018,1.388,0.296,0.98,0.281,101,25,0.8015873015873016,1180,0.767,0.296,37,0.74
2019,112,Chicago Cubs,84,78,162,814,717,0.6296296296296297,0.4074074074074074,0.4130434782608695,46,0.3076923076923077,4.1,1.32,9.01,3.33,38,66,28,0.5757575757575758,4.203,-0.103,1.217,0.303,1.18,0.314,45,24,0.6521739130434783,1071,0.783,0.297,13,0.34210526315789475
2019,113,Cincinnati Reds,75,87,162,701,711,0.5061728395061729,0.419753086419753,0.4210526315789473,57,0.4666666666666667,4.18,1.26,9.71,3.35,46,69,23,0.6666666666666666,4.185,-0.005,1.339,0.289,1.09,0.329,80,38,0.6779661016949152,1073,0.737,0.288,34,0.7391304347826086
2019,134,Pittsburgh Pirates,69,93,162,758,911,0.4320987654320987,0.419753086419753,0.4318181818181818,44,0.3888888888888889,5.18,1.45,9.02,3.65,31,56,25,0.5535714285714286,4.735,0.445,1.506,0.318,1.05,0.322,64,29,0.6881720430107527,1103,0.741,0.309,28,0.9032258064516129
2019,119,Los Angeles Dodgers,106,56,162,886,613,0.7283950617283951,0.5802469135802469,0.5510204081632653,49,0.6,3.37,1.1,9.46,2.44,44,73,29,0.6027397260273972,3.683,-0.313,1.152,0.273,1.11,0.364,57,10,0.8507462686567164,1124,0.81,0.291,33,0.75
2019,109,Arizona Diamondbacks,85,77,162,813,743,0.5432098765432098,0.5061728395061729,0.48,50,0.5,4.25,1.31,8.77,3.17,45,69,24,0.6521739130434783,4.358,-0.108,1.352,0.298,1.05,0.233,88,14,0.8627450980392157,1119,0.757,0.293,18,0.4
2019,137,San Francisco Giants,77,85,162,678,773,0.4320987654320987,0.5185185185185185,0.7037037037037037,54,0.8125,4.38,1.3,8.38,3.18,41,63,22,0.6507936507936508,4.509,-0.129,1.391,0.289,0.98,0.292,47,28,0.6266666666666667,1069,0.694,0.29,34,0.8292682926829268
2019,115,Colorado Rockies,71,91,162,835,958,0.5308641975308642,0.345679012345679,0.5116279069767442,43,0.625,5.56,1.49,7.85,3.66,28,53,25,0.5283018867924528,5.186,0.374,1.678,0.311,1.29,0.375,71,31,0.696078431372549,1075,0.782,0.321,15,0.5357142857142857
2019,135,San Diego Padres,70,92,162,682,789,0.4444444444444444,0.419753086419753,0.52,50,0.4166666666666667,4.6,1.3,9.27,2.91,47,73,26,0.6438356164383562,4.174,0.426,1.351,0.303,1.01,0.332,70,37,0.6542056074766355,1008,0.718,0.293,41,0.8723404255319149
2020,139,Tampa Bay Rays,40,20,60,289,229,0.6896551724137931,0.6451612903225806,0.7368421052631579,19,0.5714285714285714,3.56,1.22,9.42,2.87,23,31,8,0.7419354838709677,3.923,-0.363,1.195,0.293,1.1,0.222,48,9,0.8421052631578947,424,0.753,0.3,6,0.2608695652173913
2020,147,New York Yankees,33,27,60,315,270,0.7096774193548387,0.3793103448275862,0.4615384615384615,13,0.7142857142857143,4.35,1.24,9.49,3.02,14,23,9,0.6086956521739131,4.374,-0.024,1.493,0.282,0.95,0.377,27,7,0.7941176470588235,409,0.789,0.28,8,0.5714285714285714
2020,141,Toronto Blue Jays,32,28,60,302,312,0.6538461538461539,0.4411764705882353,0.5652173913043478,23,0.4545454545454545,4.6,1.46,8.9,4.29,17,29,12,0.5862068965517241,4.709,-0.109,1.391,0.303,1.0,0.282,33,6,0.8461538461538461,404,0.766,0.297,7,0.4117647058823529
2020,110,Baltimore Orioles,25,35,60,274,294,0.3939393939393939,0.4444444444444444,0.3684210526315789,19,0.5,4.51,1.31,8.45,3.33,11,18,7,0.6111111111111112,4.581,-0.071,1.372,0.283,0.97,0.304,19,14,0.5757575757575758,410,0.75,0.309,5,0.45454545454545453
2020,111,Boston Red Sox,24,36,60,292,351,0.3548387096774194,0.4482758620689655,0.3076923076923077,13,0.0,5.58,1.6,9.22,4.33,14,27,13,0.5185185185185185,5.172,0.408,1.683,0.334,1.04,0.306,31,9,0.775,429,0.775,0.321,9,0.6428571428571429
2020,142,Minnesota Twins,36,24,60,269,215,0.7741935483870968,0.4137931034482758,0.6428571428571429,14,0.75,3.58,1.2,9.38,2.98,17,27,10,0.6296296296296297,3.772,-0.192,1.088,0.288,0.87,0.291,14,7,0.6666666666666666,378,0.742,0.283,9,0.5294117647058824
2020,114,Cleveland Indians,35,25,60,248,209,0.6,0.5666666666666667,0.5714285714285714,14,0.6666666666666666,3.29,1.11,10.43,2.64,20,28,8,0.7142857142857143,3.532,-0.242,1.142,0.287,0.9,0.262,25,10,0.7142857142857143,412,0.689,0.277,16,0.8
2020,145,Chicago White Sox,35,25,60,306,246,0.6,0.5666666666666667,0.3846153846153846,13,0.3333333333333333,3.81,1.26,8.93,3.71,13,25,12,0.52,4.303,-0.493,1.213,0.271,1.04,0.306,20,8,0.7142857142857143,400,0.779,0.314,12,0.9230769230769231
2020,118,Kansas City Royals,26,34,60,248,272,0.5,0.3666666666666666,0.4705882352941176,17,0.3333333333333333,4.3,1.38,9.0,3.67,19,20,1,0.95,4.474,-0.174,1.323,0.304,1.0,0.33,49,20,0.7101449275362319,395,0.711,0.297,7,0.3684210526315789
2020,116,Detroit Tigers,23,35,58,249,318,0.4444444444444444,0.3548387096774194,0.4375,16,0.3333333333333333,5.63,1.43,8.12,3.51,11,19,8,0.5789473684210527,5.147,0.483,1.664,0.299,0.99,0.306,19,6,0.76,337,0.7,0.314,5,0.45454545454545453
2020,133,Oakland Athletics,36,24,60,274,232,0.6875,0.5,0.5384615384615384,13,0.8571428571428571,3.77,1.23,8.84,2.88,17,21,4,0.8095238095238095,3.995,-0.225,1.206,0.286,0.83,0.338,26,3,0.896551724137931,401,0.718,0.271,14,0.8235294117647058
2020,117,Houston Astros,29,31,60,279,275,0.7142857142857143,0.28125,0.4166666666666667,24,0.2222222222222222,4.31,1.31,9.03,3.73,16,29,13,0.5517241379310345,4.307,0.003,1.202,0.289,1.03,0.33,22,11,0.6666666666666666,400,0.72,0.273,12,0.75
2020,136,Seattle Mariners,27,33,60,254,303,0.5833333333333334,0.3611111111111111,0.4666666666666667,15,0.4,5.03,1.38,8.17,4.01,15,24,9,0.625,4.894,0.136,1.377,0.281,0.84,0.5,50,16,0.7575757575757576,379,0.679,0.281,7,0.4666666666666667
2020,108,Los Angeles Angels,26,34,60,294,321,0.5161290322580645,0.3448275862068966,0.5,18,0.375,5.09,1.32,8.96,3.41,12,26,14,0.4615384615384615,4.465,0.625,1.405,0.287,0.84,0.369,21,8,0.7241379310344828,436,0.762,0.284,5,0.4166666666666667
2020,140,Texas Rangers,22,38,60,224,312,0.5333333333333333,0.2,0.5384615384615384,13,0.5,5.02,1.38,8.52,4.11,10,19,9,0.5263157894736842,4.861,0.159,1.412,0.279,0.84,0.333,49,14,0.7777777777777778,354,0.649,0.266,8,0.8
2020,144,Atlanta Braves,35,25,60,348,288,0.6333333333333333,0.5333333333333333,0.6470588235294118,17,0.4,4.41,1.36,8.69,3.78,13,19,6,0.6842105263157895,4.399,0.011,1.185,0.295,1.03,0.344,23,4,0.8518518518518519,446,0.832,0.322,11,0.8461538461538461
2020,146,Miami Marlins,31,29,60,263,304,0.4230769230769231,0.5882352941176471,0.5789473684210527,19,0.6,4.86,1.45,8.05,4.04,18,23,5,0.782608695652174,4.995,-0.135,1.464,0.298,1.14,0.336,51,14,0.7846153846153846,401,0.703,0.306,12,0.6666666666666666
2020,143,Philadelphia Phillies,28,32,60,306,311,0.59375,0.3214285714285714,0.4444444444444444,18,0.6,5.14,1.48,9.63,3.35,11,24,13,0.4583333333333333,4.407,0.733,1.449,0.344,1.28,0.311,35,8,0.813953488372093,425,0.781,0.299,5,0.45454545454545453
2020,120,Washington Nationals,26,34,60,293,301,0.4545454545454545,0.4074074074074074,0.4375,16,0.8,5.09,1.52,9.08,3.86,12,22,10,0.5454545454545454,4.998,0.092,1.681,0.317,0.85,0.277,33,12,0.7333333333333333,411,0.769,0.308,10,0.8333333333333334
2020,121,New York Mets,26,34,60,286,308,0.4137931034482758,0.4516129032258064,0.3529411764705882,17,0.2,4.98,1.42,10.06,3.84,11,18,7,0.6111111111111112,4.435,0.545,1.421,0.317,0.98,0.351,20,10,0.6666666666666666,450,0.807,0.32,6,0.5454545454545454
2020,112,Chicago Cubs,34,26,60,265,240,0.5757575757575758,0.5555555555555556,0.5263157894736842,19,0.75,3.99,1.22,9.08,3.16,16,21,5,0.7619047619047619,4.16,-0.17,1.285,0.279,1.15,0.351,24,10,0.7058823529411765,412,0.705,0.27,8,0.5
2020,138,St. Louis Cardinals,30,28,58,240,229,0.5185185185185185,0.5161290322580645,0.5384615384615384,13,0.25,3.9,1.23,8.83,3.88,13,18,5,0.7222222222222222,4.563,-0.663,1.313,0.252,1.04,0.286,18,10,0.6428571428571429,365,0.694,0.29,4,0.3076923076923077
2020,113,Cincinnati Reds,31,29,60,243,243,0.5517241379310345,0.4838709677419355,0.4666666666666667,15,1.0,3.84,1.22,10.98,3.8,9,16,7,0.5625,3.898,-0.058,1.196,0.279,0.99,0.275,29,9,0.7631578947368421,371,0.715,0.245,8,0.8888888888888888
2020,158,Milwaukee Brewers,29,31,60,247,264,0.5172413793103449,0.4516129032258064,0.6875,16,0.6,4.16,1.23,10.68,3.29,14,22,8,0.6363636363636364,3.779,0.381,1.166,0.297,1.23,0.4,15,11,0.5769230769230769,393,0.702,0.278,13,0.9285714285714286
2020,134,Pittsburgh Pirates,19,41,60,219,298,0.40625,0.2142857142857142,0.3478260869565217,23,0.1666666666666666,4.68,1.36,9.4,4.37,6,19,13,0.3157894736842105,4.78,-0.1,1.404,0.281,1.02,0.365,16,11,0.5925925925925926,355,0.641,0.268,4,0.6666666666666666
2020,119,Los Angeles Dodgers,43,17,60,349,213,0.7,0.7333333333333333,0.5833333333333334,12,0.8333333333333334,3.02,1.06,8.64,2.42,15,25,10,0.6,3.768,-0.748,1.104,0.253,1.07,0.292,29,8,0.7837837837837838,401,0.821,0.276,11,0.7333333333333333
2020,135,San Diego Padres,37,23,60,325,241,0.65625,0.5714285714285714,0.5,16,1.0,3.86,1.2,9.77,2.94,13,24,11,0.5416666666666666,3.854,0.006,1.211,0.29,1.0,0.299,55,13,0.8088235294117647,368,0.799,0.291,5,0.38461538461538464
2020,137,San Francisco Giants,29,31,60,299,297,0.5757575757575758,0.3703703703703703,0.5,16,0.4,4.64,1.32,8.48,3.65,13,24,11,0.5416666666666666,4.433,0.207,1.201,0.283,0.86,0.282,19,8,0.7037037037037037,411,0.786,0.311,4,0.3076923076923077
2020,115,Colorado Rockies,26,34,60,275,353,0.4,0.4666666666666667,0.5294117647058824,17,0.3333333333333333,5.59,1.49,6.72,3.51,16,24,8,0.6666666666666666,5.124,0.466,1.42,0.308,1.13,0.394,42,9,0.8235294117647058,395,0.716,0.316,6,0.375
2020,109,Arizona Diamondbacks,25,35,60,269,295,0.5333333333333333,0.3,0.5,18,0.0,4.84,1.43,9.1,4.08,13,22,9,0.5909090909090909,4.975,-0.135,1.616,0.295,0.83,0.325,23,7,0.7666666666666667,402,0.703,0.282,7,0.5384615384615384
2021,139,Tampa Bay Rays,100,62,162,857,651,0.6419753086419753,0.5925925925925926,0.4444444444444444,45,0.3684210526315789,3.67,1.17,9.14,2.7,42,64,22,0.65625,3.795,-0.125,1.138,0.282,0.88,0.342,88,42,0.676923076923077,1085,0.75,0.294,20,0.47619047619047616
2021,111,Boston Red Sox,92,70,162,829,749,0.6049382716049383,0.5308641975308642,0.5909090909090909,44,0.6875,4.26,1.38,9.68,3.46,49,76,27,0.6447368421052632,3.952,0.308,1.116,0.324,1.02,0.298,40,21,0.6557377049180327,1093,0.777,0.309,24,0.4897959183673469
2021,147,New York Yankees,92,70,162,711,669,0.5679012345679012,0.5679012345679012,0.5833333333333334,48,0.5555555555555556,3.74,1.21,9.84,3.08,47,73,26,0.6438356164383562,3.904,-0.164,1.229,0.286,0.9,0.301,63,18,0.7777777777777778,1097,0.729,0.285,30,0.6382978723404256
2021,141,Toronto Blue Jays,91,71,162,846,663,0.5875,0.5365853658536586,0.5,30,0.25,3.91,1.23,9.4,3.03,34,52,18,0.6538461538461539,4.184,-0.274,1.339,0.284,1.0,0.284,81,20,0.801980198019802,1056,0.796,0.296,23,0.6764705882352942
2021,110,Baltimore Orioles,52,110,162,659,956,0.3333333333333333,0.3086419753086419,0.3513513513513513,37,0.3636363636363636,5.84,1.48,7.92,3.61,26,54,28,0.4814814814814814,5.152,0.688,1.656,0.306,0.84,0.386,54,23,0.7012987012987013,1046,0.706,0.29,8,0.3076923076923077
2021,145,Chicago White Sox,93,69,162,796,636,0.654320987654321,0.4938271604938271,0.4285714285714285,42,0.4615384615384615,3.73,1.2,10.18,3.11,43,68,25,0.6323529411764706,3.739,-0.009,1.167,0.289,0.87,0.324,57,20,0.7402597402597403,1125,0.758,0.31,38,0.8837209302325582
2021,114,Cleveland Indians,80,82,162,717,727,0.4938271604938271,0.4938271604938271,0.4358974358974359,39,0.4375,4.34,1.28,8.89,3.34,39,58,19,0.6724137931034483,4.426,-0.086,1.381,0.283,0.97,0.366,109,17,0.8650793650793651,987,0.71,0.282,24,0.6153846153846154
2021,116,Detroit Tigers,77,85,162,697,756,0.5185185185185185,0.4320987654320987,0.5,46,0.6,4.32,1.37,7.98,3.62,42,66,24,0.6363636363636364,4.599,-0.279,1.262,0.29,1.02,0.36,88,25,0.7787610619469026,1031,0.707,0.3,18,0.42857142857142855
2021,118,Kansas City Royals,74,88,162,686,788,0.4814814814814814,0.4320987654320987,0.525,40,0.4444444444444444,4.64,1.39,8.53,3.75,37,62,25,0.5967741935483871,4.389,0.251,1.2,0.302,0.93,0.318,124,33,0.7898089171974523,1050,0.702,0.292,16,0.43243243243243246
2021,142,Minnesota Twins,73,89,162,729,834,0.4691358024691358,0.4320987654320987,0.5681818181818182,44,0.4782608695652174,4.83,1.32,8.35,3.07,42,63,21,0.6666666666666666,4.658,0.172,1.516,0.292,0.93,0.418,54,15,0.782608695652174,1092,0.737,0.282,17,0.40476190476190477
2021,117,Houston Astros,95,67,162,863,658,0.6296296296296297,0.5432098765432098,0.525,40,0.5294117647058824,3.78,1.23,9.07,3.42,34,61,27,0.5573770491803278,4.122,-0.342,1.165,0.276,1.05,0.33,53,16,0.7681159420289855,1159,0.783,0.303,26,0.7647058823529411
2021,136,Seattle Mariners,90,72,162,697,748,0.5679012345679012,0.5432098765432098,0.6346153846153846,52,0.6666666666666666,4.3,1.28,8.3,3.03,51,84,33,0.6071428571428571,4.258,0.042,1.231,0.289,0.86,0.368,64,24,0.7272727272727273,1040,0.688,0.273,19,0.37254901960784315
2021,133,Oakland Athletics,86,76,162,743,687,0.5308641975308642,0.5308641975308642,0.46,50,0.7272727272727273,4.02,1.26,8.37,2.76,39,67,28,0.582089552238806,4.097,-0.077,1.2,0.292,0.83,0.356,88,20,0.8148148148148148,1084,0.723,0.278,22,0.5641025641025641
2021,108,Los Angeles Angels,77,85,162,723,804,0.4878048780487805,0.4625,0.6410256410256411,39,0.375,4.69,1.38,9.2,3.75,39,65,26,0.6,4.255,0.435,1.191,0.306,1.05,0.399,79,26,0.7523809523809524,1029,0.717,0.294,34,0.8717948717948718
2021,140,Texas Rangers,60,102,162,625,815,0.4444444444444444,0.2962962962962963,0.4615384615384615,39,0.5,4.79,1.34,7.83,3.24,31,51,20,0.6078431372549019,4.757,0.033,1.466,0.29,0.96,0.325,106,29,0.7851851851851852,1007,0.669,0.28,17,0.5483870967741935
2021,144,Atlanta Braves,88,73,161,790,656,0.525,0.5679012345679012,0.4561403508771929,57,0.3571428571428571,3.88,1.24,9.04,3.29,40,67,27,0.5970149253731343,4.085,-0.205,1.168,0.283,1.06,0.322,59,19,0.7564102564102564,1072,0.754,0.288,37,0.925
2021,143,Philadelphia Phillies,82,80,162,734,745,0.5802469135802469,0.4320987654320987,0.5454545454545454,55,0.6470588235294118,4.39,1.29,9.39,3.23,36,70,34,0.5142857142857142,4.152,0.238,1.269,0.298,1.09,0.406,77,19,0.8020833333333334,1115,0.726,0.286,12,0.3333333333333333
2021,121,New York Mets,77,85,162,636,668,0.5802469135802469,0.3703703703703703,0.4696969696969697,66,0.6111111111111112,3.9,1.23,9.48,3.1,41,69,28,0.5942028985507246,4.039,-0.139,1.24,0.289,0.99,0.325,54,26,0.675,1099,0.706,0.291,32,0.7804878048780488
2021,146,Miami Marlins,67,95,162,623,701,0.5185185185185185,0.3086419753086419,0.42,50,0.5294117647058824,3.96,1.28,8.78,3.36,33,58,25,0.5689655172413793,4.015,-0.055,1.03,0.292,1.07,0.347,106,29,0.7851851851851852,1042,0.67,0.296,15,0.45454545454545453
2021,120,Washington Nationals,65,97,162,724,820,0.4320987654320987,0.3703703703703703,0.4583333333333333,48,0.1538461538461538,4.8,1.37,8.69,3.54,36,72,36,0.5,4.874,-0.074,1.595,0.293,0.94,0.376,56,26,0.6829268292682927,1185,0.754,0.307,21,0.5833333333333334
2021,158,Milwaukee Brewers,95,67,162,738,623,0.5555555555555556,0.6172839506172839,0.5833333333333334,36,0.5263157894736842,3.5,1.18,10.14,3.37,44,73,29,0.6027397260273972,3.72,-0.22,1.053,0.278,1.03,0.39,82,21,0.7961165048543689,1113,0.713,0.283,34,0.7727272727272727
2021,138,St. Louis Cardinals,90,72,162,706,672,0.5555555555555556,0.5555555555555556,0.5777777777777777,45,0.7777777777777778,3.98,1.3,7.78,3.86,50,71,21,0.704225352112676,4.303,-0.323,0.965,0.274,1.02,0.378,89,22,0.8018018018018018,1081,0.725,0.287,29,0.58
2021,113,Cincinnati Reds,83,79,162,786,760,0.5432098765432098,0.4814814814814814,0.5454545454545454,44,0.5294117647058824,4.4,1.36,9.56,3.87,41,66,25,0.6212121212121212,4.337,0.063,1.293,0.3,1.05,0.365,36,24,0.6,1110,0.759,0.296,18,0.43902439024390244
2021,112,Chicago Cubs,71,91,162,705,839,0.4814814814814814,0.3950617283950617,0.4705882352941176,51,0.4615384615384615,4.87,1.4,8.65,3.8,40,59,19,0.6779661016949152,4.884,-0.014,1.498,0.297,1.15,0.396,86,37,0.6991869918699187,1019,0.719,0.296,26,0.65
2021,134,Pittsburgh Pirates,61,101,162,609,833,0.4567901234567901,0.2962962962962963,0.4761904761904761,42,0.625,5.08,1.44,8.46,3.91,25,50,25,0.5,4.744,0.336,1.373,0.304,0.91,0.356,60,30,0.6666666666666666,1128,0.673,0.29,14,0.56
2021,137,San Francisco Giants,107,55,162,804,594,0.6666666666666666,0.654320987654321,0.6458333333333334,48,0.5263157894736842,3.24,1.15,8.81,2.57,56,85,29,0.6588235294117647,3.548,-0.308,0.934,0.282,1.08,0.281,66,14,0.825,1138,0.769,0.295,31,0.5535714285714286
2021,119,Los Angeles Dodgers,106,56,162,830,561,0.7160493827160493,0.5925925925925926,0.5,48,0.3157894736842105,3.01,1.1,9.91,3.01,56,83,27,0.6746987951807228,3.543,-0.533,0.998,0.263,1.03,0.218,65,17,0.7926829268292683,1171,0.759,0.284,38,0.6785714285714286
2021,135,San Diego Padres,79,83,162,729,708,0.5555555555555556,0.419753086419753,0.4468085106382978,47,0.5,4.1,1.25,9.55,3.25,43,71,28,0.6056338028169014,4.177,-0.077,1.29,0.29,1.02,0.36,110,39,0.738255033557047,1123,0.722,0.287,39,0.9069767441860465
2021,115,Colorado Rockies,74,87,161,739,796,0.5925925925925926,0.325,0.4897959183673469,49,0.5333333333333333,4.82,1.39,8.18,3.47,33,63,30,0.5238095238095238,4.47,0.35,1.263,0.304,1.15,0.383,76,23,0.7676767676767676,1074,0.731,0.299,20,0.6060606060606061
2021,109,Arizona Diamondbacks,52,110,162,679,893,0.3950617283950617,0.2469135802469135,0.2439024390243902,41,0.375,5.11,1.44,7.86,3.52,22,50,28,0.44,4.885,0.225,1.473,0.303,0.88,0.292,43,16,0.7288135593220338,1152,0.691,0.295,10,0.45454545454545453
2022,147,New York Yankees,99,63,162,807,567,0.7037037037037037,0.5185185185185185,0.5344827586206896,58,0.5555555555555556,3.3,1.12,9.05,2.75,47,68,21,0.6911764705882353,3.618,-0.318,0.974,0.269,1.02,0.271,102,33,0.7555555555555555,1093,0.751,0.276,20,0.425531914893617
2022,141,Toronto Blue Jays,92,70,162,775,679,0.5802469135802469,0.5555555555555556,0.6,50,0.5333333333333333,3.87,1.23,8.68,2.65,46,73,27,0.6301369863013698,3.906,-0.036,1.124,0.297,0.89,0.23,67,35,0.6568627450980392,1111,0.76,0.305,36,0.782608695652174
2022,139,Tampa Bay Rays,86,76,162,666,614,0.6296296296296297,0.4320987654320987,0.5,54,0.5238095238095238,3.41,1.15,8.68,2.41,44,80,36,0.55,3.74,-0.33,1.079,0.279,0.92,0.25,95,37,0.7196969696969697,1074,0.686,0.295,8,0.18181818181818182
2022,110,Baltimore Orioles,83,79,162,674,688,0.5555555555555556,0.4691358024691358,0.4893617021276595,47,0.6153846153846154,3.97,1.29,7.62,2.78,46,59,13,0.7796610169491526,4.088,-0.118,1.074,0.297,0.98,0.347,95,31,0.753968253968254,1095,0.695,0.284,19,0.41304347826086957
2022,111,Boston Red Sox,78,84,162,735,787,0.5308641975308642,0.4320987654320987,0.48,50,0.3888888888888889,4.53,1.35,8.47,3.31,39,67,28,0.582089552238806,4.223,0.307,1.164,0.304,0.96,0.395,52,20,0.7222222222222222,1133,0.73,0.313,8,0.20512820512820512
2022,114,Cleveland Guardians,92,70,162,698,634,0.5679012345679012,0.5679012345679012,0.6222222222222222,45,0.6842105263157895,3.46,1.16,8.59,2.69,51,69,18,0.7391304347826086,3.81,-0.35,1.063,0.275,0.92,0.277,119,27,0.815068493150685,1156,0.699,0.294,42,0.8235294117647058
2022,145,Chicago White Sox,81,81,162,686,717,0.4567901234567901,0.5432098765432098,0.627906976744186,43,0.4,3.92,1.29,9.01,3.31,48,71,23,0.676056338028169,3.868,0.052,1.032,0.296,0.87,0.384,58,10,0.8529411764705882,1117,0.697,0.304,37,0.7708333333333334
2022,142,Minnesota Twins,78,84,162,696,684,0.5679012345679012,0.3950617283950617,0.4166666666666667,48,0.3333333333333333,3.98,1.24,8.37,2.93,28,55,27,0.509090909090909,4.09,-0.11,1.152,0.286,0.81,0.271,38,17,0.6909090909090909,1126,0.718,0.295,9,0.32142857142857145
2022,116,Detroit Tigers,66,96,162,557,713,0.4390243902439024,0.375,0.5238095238095238,42,0.3,4.04,1.3,7.58,3.24,38,56,18,0.6785714285714286,4.216,-0.176,1.059,0.285,0.86,0.297,47,24,0.6619718309859155,1015,0.632,0.29,30,0.7894736842105263
2022,118,Kansas City Royals,65,97,162,640,810,0.4814814814814814,0.3209876543209876,0.4444444444444444,36,0.5,4.7,1.47,7.57,3.74,33,54,21,0.6111111111111112,4.474,0.226,1.1,0.314,0.95,0.311,104,34,0.7536231884057971,1091,0.686,0.293,24,0.7272727272727273
2022,117,Houston Astros,106,56,162,737,518,0.6790123456790124,0.6296296296296297,0.6363636363636364,44,0.4545454545454545,2.9,1.09,9.49,2.85,53,69,16,0.7681159420289855,3.342,-0.442,0.835,0.269,0.88,0.292,83,22,0.7904761904761904,1068,0.743,0.278,33,0.6226415094339622
2022,136,Seattle Mariners,90,72,162,690,623,0.5679012345679012,0.5432098765432098,0.6071428571428571,56,0.6875,3.59,1.19,8.65,2.78,40,55,15,0.7272727272727273,3.961,-0.371,1.157,0.281,0.78,0.273,83,27,0.7545454545454545,1129,0.705,0.272,20,0.5
2022,108,Los Angeles Angels,73,89,162,623,668,0.4938271604938271,0.4074074074074074,0.391304347826087,46,0.4666666666666667,3.77,1.24,8.67,3.39,38,66,28,0.5757575757575758,4.019,-0.249,1.054,0.277,0.94,0.339,77,27,0.7403846153846154,1050,0.687,0.289,16,0.42105263157894735
2022,140,Texas Rangers,68,94,162,707,743,0.419753086419753,0.419753086419753,0.3,50,0.4,4.22,1.34,8.24,3.64,37,67,30,0.5522388059701493,4.233,-0.013,1.06,0.293,1.07,0.343,128,41,0.757396449704142,1007,0.696,0.287,13,0.35135135135135137
2022,133,Oakland Athletics,60,102,162,568,770,0.3625,0.3780487804878049,0.4047619047619047,42,0.6,4.52,1.33,7.59,3.17,34,59,25,0.576271186440678,4.47,0.05,1.231,0.29,0.89,0.3,78,23,0.7722772277227723,969,0.627,0.264,11,0.3235294117647059
2022,144,Atlanta Braves,101,61,162,789,609,0.6790123456790124,0.5679012345679012,0.5909090909090909,44,0.4615384615384615,3.46,1.19,9.66,3.11,55,83,28,0.6626506024096386,3.517,-0.057,0.92,0.286,1.0,0.31,87,31,0.7372881355932204,1030,0.76,0.303,41,0.7454545454545455
2022,121,New York Mets,101,61,162,772,606,0.6666666666666666,0.5802469135802469,0.5833333333333334,36,0.8333333333333334,3.57,1.18,9.79,2.68,41,56,15,0.7321428571428571,3.562,0.008,1.058,0.299,0.95,0.388,62,22,0.7380952380952381,1158,0.744,0.302,32,0.7804878048780488
2022,143,Philadelphia Phillies,87,75,162,747,685,0.5802469135802469,0.4938271604938271,0.4680851063829787,47,0.5714285714285714,3.97,1.26,8.97,2.92,42,60,18,0.7,3.658,0.312,0.945,0.303,1.02,0.311,105,28,0.7894736842105263,1075,0.739,0.299,12,0.2857142857142857
2022,146,Miami Marlins,69,93,162,586,676,0.419753086419753,0.4320987654320987,0.375,64,0.4705882352941176,3.87,1.27,9.0,3.2,41,72,31,0.5694444444444444,3.96,-0.09,1.083,0.296,1.11,0.414,122,29,0.8079470198675497,1045,0.657,0.284,20,0.4878048780487805
2022,120,Washington Nationals,55,107,162,603,855,0.3209876543209876,0.3580246913580246,0.4358974358974359,39,0.3,5.0,1.44,7.78,3.56,28,45,17,0.6222222222222222,5.034,-0.034,1.556,0.298,0.89,0.331,75,31,0.7075471698113207,1099,0.687,0.295,12,0.42857142857142855
2022,138,St. Louis Cardinals,93,69,162,772,637,0.654320987654321,0.4938271604938271,0.6046511627906976,43,0.6666666666666666,3.79,1.27,7.38,3.07,37,54,17,0.6851851851851852,4.0,-0.21,0.916,0.288,1.2,0.325,95,25,0.7916666666666666,1132,0.745,0.289,19,0.5135135135135135
2022,158,Milwaukee Brewers,86,76,162,725,688,0.5679012345679012,0.4938271604938271,0.5490196078431373,51,0.5,3.83,1.22,9.52,3.24,52,83,31,0.6265060240963856,3.982,-0.152,1.183,0.281,1.01,0.26,96,30,0.7619047619047619,1102,0.724,0.279,34,0.6538461538461539
2022,112,Chicago Cubs,74,88,162,657,731,0.4567901234567901,0.4567901234567901,0.490566037735849,53,0.3684210526315789,4.0,1.3,8.62,3.37,44,75,31,0.5866666666666667,4.392,-0.392,1.291,0.287,0.99,0.329,111,37,0.75,1100,0.698,0.294,17,0.38636363636363635
2022,134,Pittsburgh Pirates,62,100,162,591,817,0.419753086419753,0.345679012345679,0.4375,48,0.3076923076923077,4.66,1.42,7.92,3.71,33,62,29,0.532258064516129,4.332,0.328,1.039,0.305,1.07,0.352,89,32,0.7355371900826446,1016,0.655,0.277,19,0.5757575757575758
2022,113,Cincinnati Reds,62,100,162,648,815,0.4074074074074074,0.3580246913580246,0.4772727272727273,44,0.5454545454545454,4.86,1.39,8.94,3.87,31,53,22,0.5849056603773585,4.651,0.209,1.347,0.299,0.82,0.345,58,33,0.6373626373626373,1020,0.676,0.29,10,0.3225806451612903
2022,119,Los Angeles Dodgers,111,51,162,847,513,0.7037037037037037,0.6666666666666666,0.5161290322580645,31,0.4,2.8,1.05,9.08,2.52,43,61,18,0.7049180327868853,3.509,-0.709,0.943,0.256,0.89,0.288,98,18,0.8448275862068966,1159,0.775,0.302,22,0.5116279069767442
2022,135,San Diego Padres,89,73,162,705,660,0.5432098765432098,0.5555555555555556,0.6382978723404256,47,0.7058823529411765,3.81,1.2,9.05,2.92,48,70,22,0.6857142857142857,3.873,-0.063,1.079,0.283,0.87,0.389,49,22,0.6901408450704225,1174,0.7,0.289,35,0.7291666666666666
2022,137,San Francisco Giants,81,81,162,716,697,0.5432098765432098,0.4567901234567901,0.4489795918367347,49,0.5,3.85,1.28,8.6,2.77,39,61,22,0.639344262295082,3.488,0.362,0.829,0.312,1.18,0.358,64,16,0.8,1115,0.704,0.283,27,0.6923076923076923
2022,109,Arizona Diamondbacks,74,88,162,702,740,0.4938271604938271,0.419753086419753,0.3695652173913043,46,0.4166666666666667,4.25,1.29,7.65,3.17,33,60,27,0.55,4.387,-0.137,1.202,0.283,0.83,0.323,104,29,0.7819548872180451,1039,0.689,0.272,18,0.5454545454545454
2022,115,Colorado Rockies,68,94,162,698,873,0.5061728395061729,0.3333333333333333,0.4893617021276595,47,0.4285714285714285,5.06,1.44,7.5,3.4,43,64,21,0.671875,4.441,0.619,1.162,0.313,1.08,0.381,45,20,0.6923076923076923,1113,0.713,0.307,34,0.7906976744186046
2023,110,Baltimore Orioles,101,61,162,807,678,0.6049382716049383,0.6419753086419753,0.6521739130434783,46,0.6470588235294118,3.89,1.24,8.86,2.93,49,80,31,0.6125,3.89,-0.0,1.096,0.294,1.03,0.351,114,24,0.8260869565217391,1041,0.742,0.305,33,0.673469387755102
2023,139,Tampa Bay Rays,99,63,162,860,665,0.654320987654321,0.5679012345679012,0.4680851063829787,47,0.5833333333333334,3.86,1.18,9.41,2.74,45,76,31,0.5921052631578947,3.72,0.14,1.105,0.285,1.02,0.328,160,41,0.7960199004975125,1047,0.776,0.308,25,0.5555555555555556
2023,141,Toronto Blue Jays,89,73,162,746,671,0.5308641975308642,0.5679012345679012,0.5555555555555556,45,0.5263157894736842,3.78,1.25,9.47,3.03,51,69,18,0.7391304347826086,3.975,-0.195,1.228,0.296,0.9,0.227,99,34,0.7443609022556391,1170,0.746,0.301,36,0.7058823529411765
2023,147,New York Yankees,82,80,162,673,698,0.5185185185185185,0.4938271604938271,0.425,40,0.4,3.97,1.24,9.0,3.18,44,63,19,0.6984126984126984,4.168,-0.198,1.219,0.281,1.02,0.35,100,30,0.7692307692307693,1007,0.701,0.266,24,0.5454545454545454
2023,111,Boston Red Sox,78,84,162,772,776,0.4814814814814814,0.4814814814814814,0.4186046511627907,43,0.4,4.52,1.34,8.96,3.13,43,59,16,0.7288135593220338,4.287,0.233,1.309,0.307,1.01,0.344,112,26,0.8115942028985508,1117,0.748,0.31,29,0.6744186046511628
2023,142,Minnesota Twins,87,75,162,778,659,0.5802469135802469,0.4938271604938271,0.4130434782608695,46,0.6,3.87,1.2,9.67,2.75,38,66,28,0.5757575757575758,3.804,0.066,1.203,0.293,0.86,0.274,86,18,0.8269230769230769,1138,0.754,0.304,27,0.7105263157894737
2023,116,Detroit Tigers,78,84,162,661,740,0.4567901234567901,0.5061728395061729,0.5121951219512195,41,0.5555555555555556,4.24,1.25,8.57,2.97,41,63,22,0.6507936507936508,4.044,0.196,1.167,0.286,0.91,0.295,85,23,0.7870370370370371,1103,0.687,0.291,26,0.6341463414634146
2023,114,Cleveland Guardians,76,86,162,662,697,0.5185185185185185,0.419753086419753,0.4655172413793103,58,0.55,3.96,1.31,8.17,3.33,47,81,34,0.5802469135802469,4.127,-0.167,1.078,0.291,0.85,0.259,151,36,0.8074866310160428,1121,0.694,0.292,44,0.9361702127659575
2023,145,Chicago White Sox,61,101,162,641,841,0.382716049382716,0.3703703703703703,0.3877551020408163,49,0.3125,4.87,1.42,9.24,4.11,28,57,29,0.4912280701754385,4.621,0.249,1.346,0.3,0.82,0.367,86,22,0.7962962962962963,1009,0.675,0.289,15,0.5357142857142857
2023,118,Kansas City Royals,56,106,162,676,859,0.4074074074074074,0.2839506172839506,0.5121951219512195,41,0.4285714285714285,5.17,1.41,8.11,3.53,28,53,25,0.5283018867924528,4.61,0.56,1.322,0.304,0.88,0.326,163,47,0.7761904761904762,1009,0.701,0.296,15,0.5357142857142857
2023,117,Houston Astros,90,72,162,827,698,0.4814814814814814,0.6296296296296297,0.4878048780487805,41,0.1111111111111111,3.94,1.28,9.09,3.34,42,61,19,0.6885245901639344,4.228,-0.288,1.252,0.291,0.89,0.311,107,32,0.7697841726618705,1134,0.768,0.294,31,0.7380952380952381
2023,140,Texas Rangers,90,72,162,881,716,0.6172839506172839,0.4938271604938271,0.3888888888888889,36,0.2,4.28,1.27,8.47,3.08,30,63,33,0.4761904761904761,4.23,0.05,1.241,0.289,0.9,0.308,79,19,0.8061224489795918,1164,0.789,0.31,22,0.7333333333333333
2023,136,Seattle Mariners,88,74,162,758,659,0.5555555555555556,0.5308641975308642,0.4901960784313725,51,0.3,3.74,1.19,9.06,2.61,44,64,20,0.6875,3.797,-0.057,1.143,0.288,0.93,0.261,118,30,0.7972972972972973,1144,0.734,0.301,21,0.4772727272727273
2023,108,Los Angeles Angels,73,89,162,739,829,0.4691358024691358,0.4320987654320987,0.5116279069767442,43,0.4666666666666667,4.64,1.42,9.08,4.0,43,72,29,0.5972222222222222,4.567,0.073,1.314,0.303,0.83,0.478,72,31,0.6990291262135923,1102,0.743,0.295,31,0.7209302325581395
2023,133,Oakland Athletics,50,112,162,585,924,0.3209876543209876,0.2962962962962963,0.425531914893617,47,0.4285714285714285,5.48,1.52,8.24,4.4,29,55,26,0.5272727272727272,4.967,0.513,1.351,0.308,0.72,0.409,149,31,0.8277777777777777,1043,0.668,0.276,21,0.7241379310344828
2023,144,Atlanta Braves,104,58,162,947,716,0.6419753086419753,0.6419753086419753,0.5609756097560976,41,0.7272727272727273,4.14,1.3,9.48,3.34,52,78,26,0.6666666666666666,4.011,0.129,1.169,0.303,0.98,0.291,132,27,0.8301886792452831,1062,0.845,0.306,33,0.6346153846153846
2023,143,Philadelphia Phillies,90,72,162,796,715,0.6049382716049383,0.5061728395061729,0.5471698113207547,53,0.5882352941176471,4.03,1.24,9.07,2.93,45,71,26,0.6338028169014085,3.911,0.119,1.155,0.291,0.98,0.343,141,26,0.844311377245509,1123,0.765,0.308,23,0.5111111111111111
2023,146,Miami Marlins,84,78,162,666,723,0.5679012345679012,0.4691358024691358,0.7021276595744681,47,0.7,4.21,1.29,9.34,3.22,43,74,31,0.581081081081081,4.047,0.163,1.198,0.302,1.03,0.279,86,21,0.8037383177570093,1097,0.721,0.308,15,0.3488372093023256
2023,121,New York Mets,75,87,162,717,729,0.5308641975308642,0.3950617283950617,0.4716981132075472,53,0.7,4.3,1.36,8.88,3.78,34,52,18,0.6538461538461539,4.382,-0.082,1.208,0.298,0.91,0.361,118,15,0.8872180451127819,1082,0.723,0.275,16,0.47058823529411764
2023,120,Washington Nationals,71,91,162,700,845,0.419753086419753,0.4567901234567901,0.5714285714285714,49,0.75,5.02,1.47,7.72,3.73,42,69,27,0.6086956521739131,5.067,-0.047,1.544,0.306,0.91,0.335,127,29,0.8141025641025641,1082,0.71,0.293,28,0.6666666666666666
2023,158,Milwaukee Brewers,92,70,162,728,647,0.6049382716049383,0.5308641975308642,0.6170212765957447,47,0.6666666666666666,3.71,1.19,8.89,3.07,46,71,25,0.647887323943662,4.128,-0.418,1.235,0.269,0.96,0.313,129,28,0.821656050955414,1075,0.704,0.292,36,0.782608695652174
2023,112,Chicago Cubs,83,79,162,819,723,0.5555555555555556,0.4691358024691358,0.4666666666666667,45,0.3333333333333333,4.08,1.28,8.63,3.22,35,57,22,0.6140350877192983,4.079,0.001,1.123,0.292,1.06,0.308,140,34,0.8045977011494253,1127,0.751,0.303,22,0.6285714285714286
2023,113,Cincinnati Reds,82,80,162,783,821,0.4691358024691358,0.5432098765432098,0.5396825396825397,63,0.6666666666666666,4.83,1.42,8.64,3.83,53,79,26,0.6708860759493671,4.703,0.127,1.388,0.302,0.77,0.311,190,48,0.7983193277310925,1107,0.747,0.306,37,0.6981132075471698
2023,134,Pittsburgh Pirates,76,86,162,692,790,0.4814814814814814,0.4567901234567901,0.5641025641025641,39,0.25,4.6,1.38,8.58,3.75,47,68,21,0.6911764705882353,4.311,0.289,1.127,0.301,0.99,0.349,117,41,0.740506329113924,1111,0.707,0.296,39,0.8297872340425532
2023,138,St. Louis Cardinals,71,91,162,719,829,0.4320987654320987,0.4444444444444444,0.3953488372093023,43,0.5,4.79,1.46,7.66,3.34,36,64,28,0.5625,4.344,0.446,1.128,0.321,1.09,0.353,101,29,0.7769230769230769,1183,0.742,0.291,14,0.3888888888888889
2023,119,Los Angeles Dodgers,100,62,162,906,699,0.654320987654321,0.5802469135802469,0.5161290322580645,31,0.5,4.06,1.2,8.64,2.83,44,61,17,0.7213114754098361,4.142,-0.082,1.245,0.279,0.91,0.242,105,25,0.8076923076923077,1163,0.795,0.294,24,0.5454545454545454
2023,109,Arizona Diamondbacks,84,78,162,746,761,0.5308641975308642,0.5061728395061729,0.5,42,0.5555555555555556,4.48,1.32,8.47,3.29,44,71,27,0.6197183098591549,4.27,0.21,1.235,0.297,0.9,0.296,166,26,0.8645833333333334,1091,0.73,0.293,22,0.5
2023,135,San Diego Padres,82,80,162,752,648,0.5432098765432098,0.4691358024691358,0.28125,32,0.1428571428571428,3.73,1.27,9.02,3.48,36,64,28,0.5625,4.052,-0.322,1.087,0.288,1.03,0.355,137,32,0.8106508875739645,1144,0.742,0.283,33,0.9166666666666666
2023,137,San Francisco Giants,79,83,162,674,719,0.5555555555555556,0.419753086419753,0.5681818181818182,44,0.6875,4.02,1.25,8.53,2.53,50,77,27,0.6493506493506493,3.834,0.186,1.086,0.305,1.28,0.332,57,16,0.7808219178082192,1130,0.695,0.29,39,0.78
2023,115,Colorado Rockies,59,103,162,721,957,0.4567901234567901,0.2716049382716049,0.4893617021276595,47,0.6,5.67,1.55,7.19,3.73,32,66,34,0.4848484848484848,5.15,0.52,1.489,0.321,0.91,0.397,76,25,0.7524752475247525,1038,0.715,0.315,13,0.40625
2024,147,New York Yankees,94,68,162,815,668,0.5432098765432098,0.6172839506172839,0.5135135135135135,37,0.5,3.74,1.24,9.03,3.3,45,66,21,0.6818181818181818,4.067,-0.327,1.122,0.283,0.87,0.35,88,26,0.7719298245614035,1141,0.762,0.283,30,0.6666666666666666
2024,110,Baltimore Orioles,91,71,162,786,699,0.5432098765432098,0.5802469135802469,0.4375,32,0.4545454545454545,3.94,1.24,8.61,3.0,46,67,21,0.6865671641791045,3.945,-0.005,1.092,0.284,0.88,0.31,98,25,0.7967479674796748,1108,0.75,0.288,23,0.5
2024,111,Boston Red Sox,81,81,162,751,747,0.4691358024691358,0.5308641975308642,0.5806451612903226,31,0.5,4.04,1.26,8.38,2.86,40,71,31,0.5633802816901409,4.108,-0.068,1.171,0.289,0.97,0.352,144,44,0.7659574468085106,1116,0.742,0.314,27,0.675
2024,139,Tampa Bay Rays,80,82,162,604,663,0.5185185185185185,0.4691358024691358,0.5769230769230769,52,0.6153846153846154,3.77,1.2,8.78,2.78,51,73,22,0.6986301369863014,4.049,-0.279,1.225,0.28,0.78,0.215,178,53,0.7705627705627706,1099,0.668,0.289,23,0.45098039215686275
2024,141,Toronto Blue Jays,74,88,162,671,743,0.4814814814814814,0.4320987654320987,0.3877551020408163,49,0.5,4.29,1.27,8.29,3.17,36,59,23,0.6101694915254238,4.43,-0.14,1.312,0.282,0.84,0.345,72,16,0.8181818181818182,1106,0.702,0.283,17,0.4722222222222222
2024,114,Cleveland Guardians,92,69,161,708,621,0.625,0.5185185185185185,0.5777777777777777,45,0.7692307692307693,3.61,1.2,8.89,3.1,53,69,16,0.7681159420289855,3.984,-0.374,1.128,0.277,0.89,0.261,148,46,0.7628865979381443,978,0.702,0.271,47,0.8867924528301887
2024,118,Kansas City Royals,86,76,162,735,644,0.5555555555555556,0.5061728395061729,0.4473684210526316,38,0.375,3.76,1.24,8.44,2.97,41,64,23,0.640625,3.762,-0.002,0.92,0.293,0.96,0.26,134,31,0.8121212121212121,990,0.709,0.283,18,0.43902439024390244
2024,116,Detroit Tigers,86,76,162,682,642,0.5308641975308642,0.5308641975308642,0.5636363636363636,55,0.5263157894736842,3.61,1.16,8.42,2.59,45,71,26,0.6338028169014085,3.708,-0.098,0.989,0.279,0.93,0.219,76,24,0.76,1045,0.685,0.288,28,0.6222222222222222
2024,142,Minnesota Twins,82,80,162,742,735,0.5308641975308642,0.4814814814814814,0.5238095238095238,42,0.3571428571428571,4.26,1.23,9.37,2.71,43,62,19,0.6935483870967742,3.848,0.412,1.187,0.295,0.82,0.401,65,23,0.7386363636363636,1087,0.726,0.289,23,0.5348837209302325
2024,145,Chicago White Sox,41,121,162,507,813,0.2839506172839506,0.2222222222222222,0.3095238095238095,42,0.2857142857142857,4.67,1.44,8.66,4.08,21,58,37,0.3620689655172414,4.559,0.111,1.274,0.302,0.81,0.357,90,33,0.7317073170731707,1014,0.618,0.272,14,0.6666666666666666
2024,117,Houston Astros,88,73,161,740,649,0.5679012345679012,0.525,0.4,45,0.375,3.74,1.24,9.3,3.42,43,69,26,0.6231884057971014,4.033,-0.293,1.15,0.282,0.87,0.301,93,24,0.7948717948717948,1113,0.74,0.299,34,0.7906976744186046
2024,136,Seattle Mariners,85,77,162,676,607,0.6049382716049383,0.4444444444444444,0.4909090909090909,55,0.5294117647058824,3.49,1.08,8.89,2.32,34,56,22,0.6071428571428571,3.735,-0.245,1.149,0.263,0.8,0.365,140,28,0.8333333333333334,1117,0.687,0.284,22,0.6470588235294118
2024,140,Texas Rangers,78,84,162,683,738,0.5432098765432098,0.419753086419753,0.5652173913043478,46,0.8181818181818182,4.35,1.3,8.64,3.34,38,57,19,0.6666666666666666,4.322,0.028,1.249,0.287,0.88,0.319,97,25,0.7950819672131147,1084,0.685,0.279,33,0.868421052631579
2024,133,Oakland Athletics,69,93,162,643,764,0.4691358024691358,0.382716049382716,0.5185185185185185,54,0.3333333333333333,4.37,1.33,7.91,3.32,35,57,22,0.6140350877192983,4.24,0.13,1.059,0.297,0.8,0.336,98,26,0.7903225806451613,1073,0.694,0.284,28,0.8
2024,108,Los Angeles Angels,63,99,162,635,797,0.3950617283950617,0.382716049382716,0.4583333333333333,48,0.3333333333333333,4.56,1.35,7.87,3.78,35,53,18,0.660377358490566,4.685,-0.125,1.27,0.282,0.88,0.325,133,50,0.726775956284153,1015,0.67,0.279,26,0.7428571428571429
2024,143,Philadelphia Phillies,95,67,162,784,671,0.6666666666666666,0.5061728395061729,0.5348837209302325,43,0.5,3.85,1.24,8.94,2.77,37,56,19,0.6607142857142857,3.863,-0.013,1.13,0.295,1.07,0.309,148,30,0.8314606741573034,1115,0.75,0.306,13,0.35135135135135137
2024,144,Atlanta Braves,89,73,162,704,607,0.5679012345679012,0.5308641975308642,0.4186046511627907,43,0.7058823529411765,3.49,1.2,9.68,2.8,40,62,22,0.6451612903225806,3.444,0.046,0.935,0.301,1.09,0.33,69,20,0.7752808988764045,1088,0.724,0.291,34,0.85
2024,121,New York Mets,89,73,162,768,697,0.5679012345679012,0.5308641975308642,0.6363636363636364,44,0.5,3.96,1.26,9.08,3.66,39,64,25,0.609375,4.054,-0.094,1.03,0.283,0.96,0.354,106,22,0.828125,1110,0.734,0.291,20,0.5128205128205128
2024,120,Washington Nationals,71,91,162,660,764,0.4691358024691358,0.4074074074074074,0.3783783783783784,37,0.2941176470588235,4.3,1.33,8.25,2.97,40,63,23,0.6349206349206349,3.94,0.36,1.054,0.308,0.93,0.374,223,73,0.7533783783783784,1010,0.684,0.288,38,0.95
2024,146,Miami Marlins,62,100,162,637,841,0.3703703703703703,0.3950617283950617,0.5348837209302325,43,0.5263157894736842,4.73,1.38,8.25,3.48,33,60,27,0.55,4.445,0.285,1.221,0.302,0.92,0.383,125,43,0.7440476190476191,1059,0.678,0.299,24,0.7272727272727273
2024,158,Milwaukee Brewers,93,69,162,777,641,0.5802469135802469,0.5679012345679012,0.5283018867924528,53,0.4,3.65,1.23,8.55,3.07,53,72,19,0.7361111111111112,4.191,-0.541,1.22,0.279,0.85,0.294,217,42,0.8378378378378378,1113,0.729,0.305,21,0.39622641509433965
2024,138,St. Louis Cardinals,83,79,162,672,719,0.5432098765432098,0.4814814814814814,0.5686274509803921,51,0.4705882352941176,4.04,1.26,8.15,2.83,55,83,28,0.6626506024096386,3.955,0.085,1.084,0.294,1.05,0.376,91,29,0.7583333333333333,1149,0.704,0.294,49,0.8909090909090909
2024,112,Chicago Cubs,83,79,162,736,669,0.5432098765432098,0.4814814814814814,0.4509803921568627,51,0.5833333333333334,3.78,1.25,8.47,3.05,38,64,26,0.59375,4.047,-0.267,1.137,0.284,0.86,0.335,143,30,0.8265895953757225,1105,0.71,0.291,20,0.5263157894736842
2024,113,Cincinnati Reds,77,85,162,699,694,0.4814814814814814,0.4691358024691358,0.3488372093023256,43,0.5,4.09,1.25,8.63,3.07,36,51,15,0.7058823529411765,4.254,-0.164,1.235,0.283,0.73,0.298,207,45,0.8214285714285714,989,0.693,0.283,28,0.7777777777777778
2024,134,Pittsburgh Pirates,76,86,162,665,739,0.4814814814814814,0.4567901234567901,0.4901960784313725,51,0.4666666666666667,4.15,1.31,8.48,3.22,43,72,29,0.5972222222222222,4.036,0.114,1.039,0.3,0.88,0.331,106,19,0.848,1112,0.672,0.291,23,0.5348837209302325
2024,119,Los Angeles Dodgers,98,64,162,842,686,0.6419753086419753,0.5679012345679012,0.5526315789473685,38,0.5625,3.9,1.23,8.65,3.12,50,79,29,0.6329113924050633,4.182,-0.282,1.233,0.277,0.83,0.344,136,23,0.8553459119496856,1143,0.781,0.297,18,0.36
2024,135,San Diego Padres,93,69,162,760,669,0.5555555555555556,0.5925925925925926,0.5365853658536586,41,0.8333333333333334,3.86,1.22,9.09,2.89,44,67,23,0.6567164179104478,3.78,0.08,1.057,0.293,0.86,0.304,120,28,0.8108108108108109,1068,0.744,0.295,36,0.8181818181818182
2024,109,Arizona Diamondbacks,89,73,162,886,788,0.5432098765432098,0.5555555555555556,0.5652173913043478,46,0.3846153846153846,4.62,1.35,8.19,3.0,38,64,26,0.59375,4.093,0.527,1.129,0.31,0.96,0.375,119,30,0.7986577181208053,1111,0.777,0.302,16,0.42105263157894735
2024,137,San Francisco Giants,80,82,162,693,699,0.5185185185185185,0.4691358024691358,0.5,48,0.4375,4.1,1.3,9.01,3.3,36,55,19,0.6545454545454545,3.801,0.299,0.961,0.305,1.2,0.341,68,22,0.7555555555555555,1075,0.701,0.29,23,0.6388888888888888
2024,115,Colorado Rockies,61,101,162,682,929,0.4567901234567901,0.2962962962962963,0.5531914893617021,47,0.6666666666666666,5.47,1.52,7.05,3.55,37,65,28,0.5692307692307692,4.94,0.53,1.395,0.319,1.0,0.349,85,31,0.7327586206896551,1028,0.704,0.308,12,0.32432432432432434
2025,141,Toronto Blue Jays,94,68,162,798,721,0.6666666666666666,0.4938271604938271,0.574468085106383,47,0.7142857142857143,4.19,1.27,8.95,3.24,42,65,23,0.6461538461538462,4.299,-0.109,1.308,0.287,0.81,0.273,77,25,0.7549019607843137,1121,0.76,0.298,33,0.7857142857142857
2025,147,New York Yankees,94,68,162,849,685,0.6172839506172839,0.5432098765432098,0.5111111111111111,45,0.4285714285714285,3.91,1.25,9.0,3.48,43,64,21,0.671875,4.03,-0.12,1.094,0.278,0.97,0.287,134,38,0.7790697674418605,1127,0.787,0.29,18,0.4186046511627907
2025,111,Boston Red Sox,89,73,162,786,676,0.5925925925925926,0.5061728395061729,0.46,50,0.4,3.7,1.29,8.46,3.29,45,73,28,0.6164383561643836,4.012,-0.312,1.019,0.292,0.99,0.296,139,38,0.7853107344632768,1125,0.745,0.307,32,0.7111111111111111
2025,139,Tampa Bay Rays,77,85,162,714,683,0.5061728395061729,0.4444444444444444,0.4313725490196078,51,0.4166666666666667,3.94,1.22,8.9,2.98,35,64,29,0.546875,4.187,-0.247,1.289,0.282,0.95,0.299,194,48,0.8016528925619835,1042,0.714,0.303,27,0.7714285714285715
2025,110,Baltimore Orioles,75,87,162,677,788,0.4814814814814814,0.4444444444444444,0.5294117647058824,51,0.5,4.6,1.37,8.49,3.29,38,58,20,0.6551724137931034,4.449,0.151,1.364,0.304,0.92,0.32,121,37,0.7658227848101266,1044,0.699,0.284,19,0.5
2025,114,Cleveland Guardians,88,74,162,643,649,0.5555555555555556,0.5308641975308642,0.5652173913043478,46,0.6666666666666666,3.7,1.26,8.62,3.29,47,69,22,0.6811594202898551,3.987,-0.287,1.055,0.287,0.85,0.324,129,34,0.7914110429447853,1016,0.669,0.268,24,0.5106382978723404
2025,116,Detroit Tigers,87,75,162,758,691,0.5679012345679012,0.5061728395061729,0.6363636363636364,33,0.3846153846153846,3.95,1.25,8.62,3.04,40,62,22,0.6451612903225806,4.084,-0.134,1.172,0.288,0.96,0.301,61,16,0.7922077922077922,1062,0.729,0.298,23,0.575
2025,118,Kansas City Royals,82,80,162,651,637,0.5308641975308642,0.4814814814814814,0.5454545454545454,44,0.5833333333333334,3.73,1.24,7.96,2.99,47,67,20,0.7014925373134329,4.04,-0.31,1.072,0.283,0.9,0.276,111,42,0.7254901960784313,1073,0.706,0.281,42,0.8936170212765957
2025,142,Minnesota Twins,70,92,162,678,773,0.4691358024691358,0.3950617283950617,0.3571428571428571,42,0.2666666666666666,4.55,1.31,8.66,2.9,28,53,25,0.5283018867924528,4.125,0.425,1.224,0.304,0.74,0.385,114,34,0.7702702702702703,1089,0.707,0.283,19,0.6785714285714286
2025,145,Chicago White Sox,60,102,162,647,742,0.4074074074074074,0.3333333333333333,0.2941176470588235,51,0.3,4.26,1.36,8.17,3.78,25,49,24,0.5102040816326531,4.502,-0.242,1.201,0.289,0.76,0.31,85,21,0.8018867924528302,1055,0.675,0.279,7,0.28
2025,136,Seattle Mariners,90,72,162,766,694,0.6296296296296297,0.4814814814814814,0.5849056603773585,53,0.4761904761904761,3.87,1.22,8.77,2.79,43,69,26,0.6231884057971014,4.01,-0.14,1.182,0.288,0.91,0.253,161,37,0.8131313131313131,1120,0.74,0.287,38,0.8837209302325582
2025,117,Houston Astros,87,75,162,686,665,0.5679012345679012,0.5061728395061729,0.6136363636363636,44,0.5333333333333333,3.86,1.22,9.39,3.17,45,62,17,0.7258064516129032,4.056,-0.196,1.242,0.283,0.84,0.232,85,28,0.7522123893805309,1116,0.714,0.294,28,0.6222222222222222
2025,140,Texas Rangers,81,81,162,684,605,0.5925925925925926,0.4074074074074074,0.42,50,0.5294117647058824,3.47,1.18,8.38,2.89,37,66,29,0.5606060606060606,3.923,-0.453,1.073,0.273,0.87,0.271,134,33,0.8023952095808383,1066,0.683,0.276,14,0.3783783783783784
2025,133,Athletics,76,86,162,733,817,0.4444444444444444,0.4938271604938271,0.4878048780487805,41,0.6428571428571429,4.7,1.36,8.28,3.57,35,55,20,0.6363636363636364,4.694,0.006,1.39,0.29,0.71,0.289,80,28,0.7407407407407407,1106,0.749,0.299,22,0.6285714285714286
2025,108,Los Angeles Angels,72,90,162,673,837,0.4814814814814814,0.4074074074074074,0.5714285714285714,49,0.6428571428571429,4.89,1.43,8.05,3.9,38,72,34,0.5277777777777778,4.816,0.074,1.402,0.297,0.9,0.365,88,27,0.7652173913043478,1020,0.695,0.276,29,0.7631578947368421
2025,143,Philadelphia Phillies,96,66,162,778,648,0.6790123456790124,0.5061728395061729,0.5531914893617021,47,0.6,3.79,1.23,9.19,2.72,47,74,27,0.6351351351351351,3.739,0.051,1.106,0.301,0.96,0.302,124,30,0.8051948051948052,1133,0.759,0.303,16,0.3404255319148936
2025,121,New York Mets,83,79,162,766,715,0.6049382716049383,0.419753086419753,0.4693877551020408,49,0.4615384615384615,4.03,1.32,8.72,3.49,40,68,28,0.5882352941176471,3.918,0.112,0.936,0.3,1.07,0.364,147,18,0.8909090909090909,1142,0.753,0.287,28,0.7
2025,146,Miami Marlins,79,83,162,709,798,0.4691358024691358,0.5061728395061729,0.5,44,0.7142857142857143,4.6,1.3,8.07,3.16,40,62,22,0.6451612903225806,4.371,0.229,1.241,0.287,0.9,0.306,138,44,0.7582417582417582,1117,0.707,0.295,15,0.375
2025,144,Atlanta Braves,76,86,162,724,734,0.4814814814814814,0.4567901234567901,0.375,56,0.5,4.36,1.31,8.86,3.32,34,55,21,0.6181818181818182,4.233,0.127,1.233,0.296,0.93,0.419,82,25,0.7663551401869159,1160,0.719,0.291,29,0.8529411764705882
2025,120,Washington Nationals,66,96,162,687,899,0.3950617283950617,0.419753086419753,0.5714285714285714,42,0.625,5.35,1.45,7.89,3.58,37,57,20,0.6491228070175439,4.752,0.598,1.353,0.308,0.89,0.377,132,48,0.7333333333333333,988,0.693,0.292,21,0.5675675675675675
2025,158,Milwaukee Brewers,97,65,162,806,634,0.6419753086419753,0.5555555555555556,0.5833333333333334,48,0.5833333333333334,3.58,1.23,8.94,3.33,45,66,21,0.6818181818181818,3.947,-0.367,1.049,0.28,0.85,0.325,164,53,0.7557603686635944,1158,0.735,0.305,30,0.6666666666666666
2025,112,Chicago Cubs,92,70,162,793,649,0.6172839506172839,0.5185185185185185,0.5681818181818182,44,0.5454545454545454,3.79,1.18,7.93,2.54,44,64,20,0.6875,4.194,-0.404,1.267,0.273,0.78,0.389,161,35,0.8214285714285714,1108,0.75,0.283,22,0.5
2025,113,Cincinnati Reds,83,79,162,716,681,0.5555555555555556,0.4691358024691358,0.5,44,0.2,3.86,1.22,8.66,3.1,41,63,22,0.6507936507936508,4.141,-0.281,1.192,0.276,0.8,0.286,105,30,0.7777777777777778,1088,0.706,0.298,32,0.7804878048780488
2025,138,St. Louis Cardinals,78,84,162,689,754,0.5432098765432098,0.419753086419753,0.5531914893617021,47,0.3333333333333333,4.29,1.32,7.6,2.9,42,65,23,0.6461538461538462,4.091,0.199,1.068,0.301,1.07,0.369,89,27,0.7672413793103449,1092,0.693,0.295,24,0.5714285714285714
2025,134,Pittsburgh Pirates,71,91,162,583,645,0.5432098765432098,0.3333333333333333,0.4166666666666667,60,0.5,3.76,1.22,8.27,2.98,36,62,26,0.5806451612903226,3.869,-0.109,0.963,0.282,0.87,0.278,115,36,0.7615894039735099,1127,0.655,0.291,17,0.4722222222222222
2025,119,Los Angeles Dodgers,93,69,162,825,683,0.6419753086419753,0.5061728395061729,0.5102040816326531,49,0.5333333333333333,3.95,1.26,9.4,3.52,46,73,27,0.6301369863013698,3.967,-0.017,1.093,0.287,0.91,0.273,88,25,0.7787610619469026,1093,0.768,0.289,23,0.5
2025,135,San Diego Padres,90,72,162,702,621,0.6419753086419753,0.4691358024691358,0.5660377358490566,53,0.6666666666666666,3.63,1.21,8.95,3.36,49,65,16,0.7538461538461538,4.052,-0.422,1.118,0.272,0.79,0.286,106,30,0.7794117647058824,1127,0.711,0.293,40,0.8163265306122449
2025,137,San Francisco Giants,81,81,162,705,684,0.5185185185185185,0.4814814814814814,0.4827586206896552,58,0.6,3.82,1.3,8.52,3.18,41,63,22,0.6507936507936508,3.776,0.044,0.898,0.303,1.08,0.373,68,24,0.7391304347826086,1076,0.697,0.281,17,0.4146341463414634
2025,109,Arizona Diamondbacks,80,82,162,791,785,0.5308641975308642,0.4567901234567901,0.4285714285714285,49,0.3684210526315789,4.49,1.32,8.03,3.12,42,71,29,0.5915492957746479,4.308,0.182,1.222,0.293,0.92,0.355,121,39,0.75625,1112,0.758,0.29,10,0.23809523809523808
2025,115,Colorado Rockies,43,119,162,597,1021,0.3086419753086419,0.2222222222222222,0.4390243902439024,41,0.1666666666666666,5.97,1.58,6.99,3.54,29,54,25,0.5370370370370371,5.272,0.698,1.605,0.325,0.92,0.337,87,39,0.6904761904761905,986,0.679,0.299,11,0.3793103448275862
