game_pk,game_date,game_type,batter,inning,inning_topbot,at_bat_number,events,home_team,away_team,on_1b,on_2b,on_3b,post_on_1b,post_on_2b,post_on_3b
776147,2025-09-28,R,683227,3,Top,21,single,CLE,TEX,,,,683227,,
776147,2025-09-28,R,669394,3,Top,24,single,CLE,TEX,,673962,683227,669394,,
776147,2025-09-28,R,666969,10,Top,80,single,CLE,TEX,,673962,,666969,,673962
776158,2025-09-27,R,673962,6,Top,39,single,CLE,TEX,,,,673962,,
776158,2025-09-27,R,543309,7,Top,44,single,CLE,TEX,,,,543309,,
776158,2025-09-27,R,664238,8,Top,51,single,CLE,TEX,,,,664238,,
776175,2025-09-26,R,683227,1,Top,2,single,CLE,TEX,592626,,,683227,592626,
776175,2025-09-26,R,673962,3,Top,21,single,CLE,TEX,,,,673962,,
776175,2025-09-26,R,641680,4,Top,29,single,CLE,TEX,,,,641680,,
776175,2025-09-26,R,641856,7,Top,49,single,CLE,TEX,,,,641856,,
776175,2025-09-26,R,680737,7,Top,50,single,CLE,TEX,641856,,,680737,641856,
776175,2025-09-26,R,592626,7,Top,51,single,CLE,TEX,680737,641856,,592626,680737,641856
776175,2025-09-26,R,683227,7,Top,52,single,CLE,TEX,592626,680737,641856,683227,592626,
776175,2025-09-26,R,669394,7,Top,54,single,CLE,TEX,683227,592626,,669394,,683227
776175,2025-09-26,R,592626,9,Top,66,single,CLE,TEX,,,,592626,,
776175,2025-09-26,R,683227,9,Top,67,single,CLE,TEX,592626,,,683227,592626,
776183,2025-09-25,R,677649,3,Bot,19,single,TEX,MIN,,,,677649,,
776183,2025-09-25,R,696030,5,Bot,33,single,TEX,MIN,,,,696030,,
776192,2025-09-24,R,677649,7,Bot,48,single,TEX,MIN,,,,,677649,
776192,2025-09-24,R,641856,7,Bot,49,single,TEX,MIN,,677649,,,641856,
776192,2025-09-24,R,641680,7,Bot,50,single,TEX,MIN,,641856,,,641680,
776210,2025-09-23,R,677649,3,Bot,23,single,TEX,MIN,,,,677649,,
776210,2025-09-23,R,696030,3,Bot,26,single,TEX,MIN,677649,,,696030,677649,
776210,2025-09-23,R,673962,4,Bot,34,single,TEX,MIN,,,,673962,,
776226,2025-09-21,R,683227,4,Bot,32,single,TEX,MIA,673962,,,683227,673962,
776226,2025-09-21,R,673962,6,Bot,48,single,TEX,MIA,,,,,673962,
776226,2025-09-21,R,683227,6,Bot,49,single,TEX,MIA,,673962,,683227,,
776242,2025-09-20,R,592626,1,Bot,5,single,TEX,MIA,,,,592626,,
776242,2025-09-20,R,677649,3,Bot,23,single,TEX,MIA,,,,677649,,
776242,2025-09-20,R,696030,3,Bot,27,single,TEX,MIA,592626,677649,,696030,,592626
776242,2025-09-20,R,642133,3,Bot,28,single,TEX,MIA,696030,,592626,,642133,696030
776242,2025-09-20,R,673962,4,Bot,35,single,TEX,MIA,,,,673962,,
776242,2025-09-20,R,680737,7,Bot,59,single,TEX,MIA,,,,680737,,
776242,2025-09-20,R,673962,9,Bot,73,single,TEX,MIA,,,,694671,,
776251,2025-09-19,R,673962,2,Bot,13,single,TEX,MIA,,,592626,673962,,
776251,2025-09-19,R,696030,6,Bot,45,single,TEX,MIA,,,,696030,,
776292,2025-09-17,R,696030,2,Top,13,single,HOU,TEX,,,,,696030,
776292,2025-09-17,R,683227,2,Top,16,single,HOU,TEX,,,673962,683227,,
776292,2025-09-17,R,592626,3,Top,23,single,HOU,TEX,,,,,592626,
776292,2025-09-17,R,642133,6,Top,45,single,HOU,TEX,,,,642133,,
776292,2025-09-17,R,677649,8,Top,58,single,HOU,TEX,683227,,,677649,683227,
776301,2025-09-16,R,543309,2,Top,10,single,HOU,TEX,,,,543309,,
776301,2025-09-16,R,592626,4,Top,27,single,HOU,TEX,,,,592626,,
776301,2025-09-16,R,543309,8,Top,67,single,HOU,TEX,,,,543309,,
776301,2025-09-16,R,666969,8,Top,70,single,HOU,TEX,696030,673962,,,677649,696030
776301,2025-09-16,R,669701,9,Top,75,single,HOU,TEX,,,,669701,,
776301,2025-09-16,R,641680,9,Top,78,single,HOU,TEX,669701,,,641680,669701,
776319,2025-09-15,R,673962,3,Top,17,single,HOU,TEX,,,,673962,,
776319,2025-09-15,R,694671,4,Top,24,single,HOU,TEX,,,,694671,,
776319,2025-09-15,R,664238,5,Top,34,single,HOU,TEX,,,,,664238,
776319,2025-09-15,R,669701,5,Top,35,single,HOU,TEX,,664238,,669701,,
776319,2025-09-15,R,641680,7,Top,50,single,HOU,TEX,,,,641680,,
776319,2025-09-15,R,642133,7,Top,51,single,HOU,TEX,641680,,,677649,641680,
776319,2025-09-15,R,694671,7,Top,53,single,HOU,TEX,677649,641680,,,,
776319,2025-09-15,R,680737,9,Top,66,single,HOU,TEX,,,,680737,,
776319,2025-09-15,R,677649,9,Top,69,single,HOU,TEX,641680,,,677649,641680,
776335,2025-09-14,R,696030,2,Top,12,single,NYM,TEX,,,,696030,,
776335,2025-09-14,R,592626,4,Top,26,single,NYM,TEX,,,,592626,,
776335,2025-09-14,R,642133,4,Top,28,single,NYM,TEX,,,,642133,,
776335,2025-09-14,R,642133,6,Top,44,single,NYM,TEX,666969,,,642133,,666969
776335,2025-09-14,R,680737,7,Top,50,single,NYM,TEX,,,,680737,,
776335,2025-09-14,R,592626,7,Top,55,single,NYM,TEX,694671,669701,680737,592626,,694671
776335,2025-09-14,R,543309,9,Top,68,single,NYM,TEX,,,,,677649,
776349,2025-09-13,R,696030,2,Top,12,single,NYM,TEX,,,,696030,,
776349,2025-09-13,R,680737,3,Top,19,single,NYM,TEX,,,,680737,,
776349,2025-09-13,R,669701,3,Top,20,single,NYM,TEX,680737,,,669701,680737,
776349,2025-09-13,R,669701,6,Top,42,single,NYM,TEX,,,,669701,,
776349,2025-09-13,R,669394,6,Top,45,single,NYM,TEX,669701,,,669394,669701,
776349,2025-09-13,R,683227,9,Top,71,single,NYM,TEX,,,,687957,,
776349,2025-09-13,R,694671,9,Top,74,single,NYM,TEX,,687957,,,694671,
776359,2025-09-12,R,673962,1,Top,5,single,NYM,TEX,592626,,669701,673962,,592626
776359,2025-09-12,R,696030,1,Top,6,single,NYM,TEX,673962,,592626,696030,673962,
776359,2025-09-12,R,683227,1,Top,8,single,NYM,TEX,641680,696030,673962,683227,,641680
776359,2025-09-12,R,669394,2,Top,16,single,NYM,TEX,,,,,669394,
776359,2025-09-12,R,669394,7,Top,53,single,NYM,TEX,,,,669394,,
776359,2025-09-12,R,680737,8,Top,61,single,NYM,TEX,,,,680737,,
776359,2025-09-12,R,669701,8,Top,62,single,NYM,TEX,680737,,,669701,,680737
776375,2025-09-10,R,680737,3,Bot,21,single,TEX,MIL,,,,680737,,
776375,2025-09-10,R,696030,4,Bot,34,single,TEX,MIL,,,,696030,,
776375,2025-09-10,R,683227,4,Bot,35,single,TEX,MIL,696030,,,683227,696030,
776375,2025-09-10,R,669701,5,Bot,41,single,TEX,MIL,,,,669701,,
776395,2025-09-09,R,696030,2,Bot,15,single,TEX,MIL,673962,,,696030,673962,
776395,2025-09-09,R,683227,2,Bot,16,single,TEX,MIL,696030,673962,,,683227,
776395,2025-09-09,R,669701,5,Bot,42,single,TEX,MIL,,,,669701,,
776395,2025-09-09,R,641680,6,Bot,53,single,TEX,MIL,,,,641680,,
776406,2025-09-08,R,641680,7,Bot,49,single,TEX,MIL,,,,641680,,
776406,2025-09-08,R,669394,8,Bot,60,single,TEX,MIL,,673962,,669394,,673962
776418,2025-09-07,R,664238,2,Bot,13,single,TEX,HOU,,,,,664238,
776418,2025-09-07,R,669394,4,Bot,26,single,TEX,HOU,,,,669394,,
776418,2025-09-07,R,683227,6,Bot,42,single,TEX,HOU,,,,683227,,
776432,2025-09-06,R,673962,2,Bot,12,single,TEX,HOU,,,,673962,,
776432,2025-09-06,R,696030,2,Bot,13,single,TEX,HOU,673962,,,696030,673962,
776432,2025-09-06,R,592626,3,Bot,24,single,TEX,HOU,,,,592626,,
776432,2025-09-06,R,669701,5,Bot,40,single,TEX,HOU,,,,669701,,
776449,2025-09-05,R,673962,2,Bot,15,single,TEX,HOU,,,,673962,,
776449,2025-09-05,R,677649,2,Bot,16,single,TEX,HOU,673962,,,677649,,673962
776449,2025-09-05,R,683227,5,Bot,40,single,TEX,HOU,,,,683227,,
776449,2025-09-05,R,677649,6,Bot,49,single,TEX,HOU,,,,677649,,
776449,2025-09-05,R,677649,8,Bot,66,single,TEX,HOU,543309,,,677649,,543309
776468,2025-09-03,R,669701,1,Top,1,single,AZ,TEX,,,,669701,,
776468,2025-09-03,R,669394,1,Top,4,single,AZ,TEX,669701,,,669394,,669701
776468,2025-09-03,R,696030,5,Top,32,single,AZ,TEX,,,,696030,,
776468,2025-09-03,R,694671,8,Top,55,single,AZ,TEX,,,,694671,,
776481,2025-09-02,R,669701,1,Top,1,single,AZ,TEX,,,,669701,,
776481,2025-09-02,R,696030,2,Top,11,single,AZ,TEX,683227,,,696030,683227,
776481,2025-09-02,R,683227,4,Top,27,single,AZ,TEX,,,,683227,,
776481,2025-09-02,R,696030,4,Top,28,single,AZ,TEX,683227,,,,,696030
776481,2025-09-02,R,680737,5,Top,33,single,AZ,TEX,,,,680737,,
776481,2025-09-02,R,592626,6,Top,40,single,AZ,TEX,,,,592626,,
776481,2025-09-02,R,592626,8,Top,61,single,AZ,TEX,,,,592626,,
776481,2025-09-02,R,642133,8,Top,62,single,AZ,TEX,592626,,,642133,,592626
776495,2025-09-01,R,543309,3,Top,16,single,AZ,TEX,,,,543309,,
776495,2025-09-01,R,673962,5,Top,30,single,AZ,TEX,,,,673962,,
776495,2025-09-01,R,664238,9,Top,61,single,AZ,TEX,,,,664238,,
776495,2025-09-01,R,683227,9,Top,66,single,AZ,TEX,543309,,669394,683227,543309,
776495,2025-09-01,R,696030,10,Top,74,single,AZ,TEX,,677649,680737,696030,,
776508,2025-08-31,R,669701,3,Top,17,single,ATH,TEX,,,,669701,,
776508,2025-08-31,R,677649,7,Top,47,single,ATH,TEX,,,,677649,,
776508,2025-08-31,R,666969,7,Top,52,single,ATH,TEX,694671,669701,680737,666969,694671,669701
776508,2025-08-31,R,666969,9,Top,73,single,ATH,TEX,,,,666969,,
776524,2025-08-30,R,666969,2,Top,8,single,ATH,TEX,,,,666969,,
776524,2025-08-30,R,673962,2,Top,10,single,ATH,TEX,666969,,,673962,,666969
776524,2025-08-30,R,543309,2,Top,11,single,ATH,TEX,673962,,666969,543309,673962,
776524,2025-08-30,R,694671,3,Top,19,single,ATH,TEX,,,,694671,,
776524,2025-08-30,R,642133,3,Top,22,single,ATH,TEX,694671,,,642133,,694671
776524,2025-08-30,R,666969,5,Top,38,single,ATH,TEX,,,,666969,,
776524,2025-08-30,R,677649,6,Top,45,single,ATH,TEX,,,,677649,,
776524,2025-08-30,R,680737,6,Top,46,single,ATH,TEX,677649,,,680737,677649,
776524,2025-08-30,R,543309,7,Top,56,single,ATH,TEX,,673962,,543309,,
776524,2025-08-30,R,669701,8,Top,64,single,ATH,TEX,,,,669701,,
776524,2025-08-30,R,666969,9,Top,72,single,ATH,TEX,,,,666969,,
776538,2025-08-29,R,673962,2,Top,8,single,ATH,TEX,,,,673962,,
776538,2025-08-29,R,543309,2,Top,9,single,ATH,TEX,673962,,,543309,673962,
776538,2025-08-29,R,683227,2,Top,10,single,ATH,TEX,543309,673962,,683227,543309,673962
776538,2025-08-29,R,664238,2,Top,12,single,ATH,TEX,683227,,543309,,,
776538,2025-08-29,R,673962,6,Top,43,single,ATH,TEX,,,,673962,,
776538,2025-08-29,R,642133,7,Top,51,single,ATH,TEX,,,,642133,,
776538,2025-08-29,R,673962,8,Top,59,single,ATH,TEX,,,,673962,,
776563,2025-08-27,R,608369,1,Bot,8,single,TEX,LAA,694671,,,608369,694671,
776563,2025-08-27,R,694671,2,Bot,19,single,TEX,LAA,,,,694671,,
776563,2025-08-27,R,592626,4,Bot,38,single,TEX,LAA,,666969,,592626,,
776563,2025-08-27,R,673962,4,Bot,39,single,TEX,LAA,592626,,,673962,592626,
776563,2025-08-27,R,543309,4,Bot,41,single,TEX,LAA,673962,592626,,543309,,673962
776563,2025-08-27,R,696030,7,Bot,65,single,TEX,LAA,,,,696030,,
776563,2025-08-27,R,669701,7,Bot,66,single,TEX,LAA,696030,,,669701,696030,
776563,2025-08-27,R,677649,7,Bot,68,single,TEX,LAA,680737,669701,696030,677649,680737,669701
776563,2025-08-27,R,673962,7,Bot,71,single,TEX,LAA,,,666969,673962,,
776563,2025-08-27,R,642133,7,Bot,72,single,TEX,LAA,673962,,,642133,673962,
776563,2025-08-27,R,680737,7,Bot,76,single,TEX,LAA,696030,,,680737,696030,
776563,2025-08-27,R,666969,8,Bot,81,single,TEX,LAA,,,,666969,,
776563,2025-08-27,R,683227,8,Bot,84,single,TEX,LAA,673962,,,683227,673962,
776575,2025-08-26,R,673962,1,Bot,9,single,TEX,LAA,,666969,608369,673962,,666969
776575,2025-08-26,R,666969,5,Bot,39,single,TEX,LAA,608369,,,666969,608369,
776575,2025-08-26,R,694671,7,Bot,51,single,TEX,LAA,,,,694671,,
776592,2025-08-25,R,673962,3,Bot,17,single,TEX,LAA,,,,673962,,
776592,2025-08-25,R,669701,4,Bot,26,single,TEX,LAA,,,,669701,,
776592,2025-08-25,R,592626,5,Bot,33,single,TEX,LAA,,,,592626,,
776592,2025-08-25,R,694671,6,Bot,45,single,TEX,LAA,669701,,,694671,669701,
776592,2025-08-25,R,666969,7,Bot,52,single,TEX,LAA,,,,666969,,
776611,2025-08-24,R,608369,3,Bot,23,single,TEX,CLE,,,,608369,,
776611,2025-08-24,R,673962,4,Bot,32,single,TEX,CLE,,,,673962,,
776611,2025-08-24,R,677649,4,Bot,33,single,TEX,CLE,673962,,,,677649,673962
776611,2025-08-24,R,694671,4,Bot,35,single,TEX,CLE,,677649,673962,694671,,
776611,2025-08-24,R,673962,6,Bot,48,single,TEX,CLE,,,,673962,,
776611,2025-08-24,R,669701,8,Bot,67,single,TEX,CLE,,,,669701,,
776611,2025-08-24,R,608369,8,Bot,69,single,TEX,CLE,669701,,,608369,,669701
776623,2025-08-23,R,683227,4,Bot,30,single,TEX,CLE,,,,683227,,
776623,2025-08-23,R,641680,4,Bot,31,single,TEX,CLE,683227,,,641680,683227,
776623,2025-08-23,R,673962,5,Bot,40,single,TEX,CLE,,,,673962,,
776623,2025-08-23,R,680737,6,Bot,47,single,TEX,CLE,,,,680737,,
776641,2025-08-22,R,592626,7,Bot,47,single,TEX,CLE,,,,592626,,
776641,2025-08-22,R,608369,9,Bot,65,single,TEX,CLE,,694671,,,608369,
776657,2025-08-21,R,608369,3,Top,20,single,KC,TEX,694671,,,608369,694671,
776657,2025-08-21,R,592626,3,Top,22,single,KC,TEX,608369,694671,,592626,608369,
776657,2025-08-21,R,683227,4,Top,31,single,KC,TEX,,,,683227,,
776657,2025-08-21,R,641680,4,Top,32,single,KC,TEX,683227,,,641680,683227,
776657,2025-08-21,R,608369,5,Top,40,single,KC,TEX,,,,608369,,
776657,2025-08-21,R,677649,5,Top,41,single,KC,TEX,608369,,,677649,608369,
776657,2025-08-21,R,694497,5,Top,43,single,KC,TEX,677649,608369,,694497,677649,608369
776657,2025-08-21,R,669701,5,Top,45,single,KC,TEX,642133,694497,677649,669701,642133,
776657,2025-08-21,R,677649,7,Top,59,single,KC,TEX,,,,677649,,
776666,2025-08-20,R,694671,3,Top,23,single,KC,TEX,,,,694671,,
776666,2025-08-20,R,543760,3,Top,25,single,KC,TEX,,694671,,543760,,
776666,2025-08-20,R,677649,6,Top,48,single,KC,TEX,,,,677649,,
776666,2025-08-20,R,608369,7,Top,57,single,KC,TEX,694671,,641680,608369,694671,
776666,2025-08-20,R,543760,7,Top,58,single,KC,TEX,608369,694671,,,,
776666,2025-08-20,R,677649,8,Top,67,single,KC,TEX,,,,677649,,
776666,2025-08-20,R,641680,8,Top,68,single,KC,TEX,677649,,,,,
776666,2025-08-20,R,543760,9,Top,77,single,KC,TEX,608369,694671,,543760,608369,694671
776666,2025-08-20,R,669701,9,Top,79,single,KC,TEX,,543309,,669701,,543309
776675,2025-08-19,R,642133,2,Top,11,single,KC,TEX,,,,642133,,
776675,2025-08-19,R,641680,8,Top,53,single,KC,TEX,,,,641680,,
776690,2025-08-18,R,608369,1,Top,3,single,KC,TEX,,,,608369,,
776690,2025-08-18,R,642133,1,Top,4,single,KC,TEX,608369,,,642133,608369,
776690,2025-08-18,R,543760,2,Top,11,single,KC,TEX,,,,543760,,
776690,2025-08-18,R,592626,2,Top,12,single,KC,TEX,543760,,,592626,543760,
776690,2025-08-18,R,641680,2,Top,14,single,KC,TEX,592626,543760,,641680,,592626
776690,2025-08-18,R,694497,4,Top,30,single,KC,TEX,,,,694497,,
776690,2025-08-18,R,694671,6,Top,46,single,KC,TEX,,,,694671,,
776690,2025-08-18,R,608369,6,Top,47,single,KC,TEX,694671,,,608369,694671,
776690,2025-08-18,R,694497,6,Top,49,single,KC,TEX,,,694671,694497,,
776690,2025-08-18,R,694671,8,Top,62,single,KC,TEX,,,,694671,,
776710,2025-08-17,R,642133,2,Top,8,single,TOR,TEX,,,,642133,,
776710,2025-08-17,R,641680,3,Top,17,single,TOR,TEX,,,,,,
776710,2025-08-17,R,694671,3,Top,19,single,TOR,TEX,,,,694671,,
776710,2025-08-17,R,669394,4,Top,27,single,TOR,TEX,,543760,,669394,,
776710,2025-08-17,R,641680,4,Top,29,single,TOR,TEX,,683227,669394,641680,,
776710,2025-08-17,R,669701,4,Top,30,single,TOR,TEX,641680,,,,,
776710,2025-08-17,R,641680,6,Top,45,single,TOR,TEX,,,,641680,,
776710,2025-08-17,R,543760,7,Top,56,single,TOR,TEX,,,,543760,,
776723,2025-08-16,R,669394,3,Top,26,single,TOR,TEX,,664059,,669394,,
776723,2025-08-16,R,673962,3,Top,27,single,TOR,TEX,669394,,,673962,669394,
776723,2025-08-16,R,694497,7,Top,62,single,TOR,TEX,,,,694497,,
776723,2025-08-16,R,669394,7,Top,65,single,TOR,TEX,694497,,,669394,694497,
776723,2025-08-16,R,669394,9,Top,85,single,TOR,TEX,,694671,,669394,,
776735,2025-08-15,R,694497,2,Top,8,single,TOR,TEX,,,,,,
776735,2025-08-15,R,642133,4,Top,27,single,TOR,TEX,,,,642133,,
776746,2025-08-13,R,669701,1,Bot,5,single,TEX,AZ,,,,669701,,
776746,2025-08-13,R,694497,1,Bot,9,single,TEX,AZ,543760,669701,,,694497,543760
776746,2025-08-13,R,592626,5,Bot,44,single,TEX,AZ,543760,,,592626,,543760
776746,2025-08-13,R,669394,8,Bot,65,single,TEX,AZ,,,,669394,,
776764,2025-08-12,R,592626,2,Bot,11,single,TEX,AZ,,,,592626,,
776764,2025-08-12,R,694671,2,Bot,12,single,TEX,AZ,592626,,,694671,,592626
776764,2025-08-12,R,669701,3,Bot,24,single,TEX,AZ,543309,,,669701,543309,
776785,2025-08-11,R,669701,1,Bot,4,single,TEX,AZ,,,,669701,,
776785,2025-08-11,R,608369,6,Bot,49,single,TEX,AZ,,669701,,608369,,
776785,2025-08-11,R,543760,6,Bot,50,single,TEX,AZ,608369,,,543760,608369,
776785,2025-08-11,R,641680,7,Bot,59,single,TEX,AZ,,,,641680,,
776785,2025-08-11,R,669394,10,Bot,82,single,TEX,AZ,,608369,664059,,,
776800,2025-08-10,R,666969,1,Bot,8,single,TEX,PHI,,,,666969,,
776800,2025-08-10,R,642133,4,Bot,30,single,TEX,PHI,,,,642133,,
776800,2025-08-10,R,694671,6,Bot,49,single,TEX,PHI,,,,694671,,
776800,2025-08-10,R,543309,7,Bot,55,single,TEX,PHI,,,,543309,,
776800,2025-08-10,R,664059,8,Bot,63,single,TEX,PHI,,,,664059,,
776800,2025-08-10,R,673962,9,Bot,72,single,TEX,PHI,,,,673962,,
776810,2025-08-09,R,608369,1,Bot,5,single,TEX,PHI,,,,608369,,
776810,2025-08-09,R,543760,1,Bot,6,single,TEX,PHI,608369,,,543760,608369,
776810,2025-08-09,R,694671,1,Bot,7,single,TEX,PHI,543760,608369,,694671,543760,
776810,2025-08-09,R,669394,4,Bot,31,single,TEX,PHI,,,,669394,,
776810,2025-08-09,R,664059,5,Bot,38,single,TEX,PHI,,,,664059,,
776810,2025-08-09,R,677649,7,Bot,56,single,TEX,PHI,,,,677649,,
776821,2025-08-08,R,608369,1,Bot,7,single,TEX,PHI,,,,608369,,
776821,2025-08-08,R,543760,1,Bot,8,single,TEX,PHI,608369,,,543760,608369,
776821,2025-08-08,R,673962,1,Bot,10,single,TEX,PHI,543760,608369,,673962,,543760
776821,2025-08-08,R,677649,5,Bot,45,single,TEX,PHI,,,,677649,,
776821,2025-08-08,R,608369,5,Bot,47,single,TEX,PHI,677649,,,608369,,677649
776821,2025-08-08,R,677649,7,Bot,62,single,TEX,PHI,,,,677649,,
776821,2025-08-08,R,666969,8,Bot,72,single,TEX,PHI,,,,666969,,
776845,2025-08-06,R,608369,1,Bot,6,single,TEX,NYY,,,,608369,,
776845,2025-08-06,R,543309,2,Bot,14,single,TEX,NYY,,,,543309,,
776845,2025-08-06,R,664059,3,Bot,22,single,TEX,NYY,,677649,,664059,,
776845,2025-08-06,R,677649,5,Bot,40,single,TEX,NYY,,,,677649,,
776845,2025-08-06,R,608369,5,Bot,42,single,TEX,NYY,664059,677649,,608369,664059,677649
776845,2025-08-06,R,677649,7,Bot,59,single,TEX,NYY,,,,677649,,
776845,2025-08-06,R,543760,9,Bot,77,single,TEX,NYY,608369,,,543760,608369,
776855,2025-08-05,R,666969,6,Bot,41,single,TEX,NYY,,,,666969,,
776855,2025-08-05,R,592626,6,Bot,42,single,TEX,NYY,666969,,,592626,666969,
776855,2025-08-05,R,642133,8,Bot,59,single,TEX,NYY,694671,592626,666969,642133,694671,
776871,2025-08-04,R,669701,2,Bot,22,single,TEX,NYY,673962,694671,,669701,673962,
776871,2025-08-04,R,641680,2,Bot,23,single,TEX,NYY,669701,673962,,641680,669701,673962
776871,2025-08-04,R,677649,2,Bot,24,single,TEX,NYY,641680,669701,673962,677649,641680,
776871,2025-08-04,R,664059,2,Bot,25,single,TEX,NYY,677649,641680,,664059,677649,
776871,2025-08-04,R,673962,3,Bot,33,single,TEX,NYY,,,,673962,,
776871,2025-08-04,R,677649,4,Bot,41,single,TEX,NYY,641680,,,677649,641680,
776871,2025-08-04,R,694671,5,Bot,50,single,TEX,NYY,,,,694671,,
776883,2025-08-03,R,666969,2,Top,8,single,SEA,TEX,,,,666969,,
776883,2025-08-03,R,669701,3,Top,18,single,SEA,TEX,,,,669701,,
776897,2025-08-02,R,642133,3,Top,13,single,SEA,TEX,,,,642133,,
776897,2025-08-02,R,608369,3,Top,17,single,SEA,TEX,696030,,,608369,,696030
776897,2025-08-02,R,543760,6,Top,37,single,SEA,TEX,,,,,,
776897,2025-08-02,R,543309,10,Top,71,single,SEA,TEX,,677649,,543309,,
776897,2025-08-02,R,696030,10,Top,72,single,SEA,TEX,543309,,,696030,543309,
776897,2025-08-02,R,592626,11,Top,82,single,SEA,TEX,,666969,,664059,,666969
776897,2025-08-02,R,694671,11,Top,83,single,SEA,TEX,664059,,666969,694671,,664059
776897,2025-08-02,R,677649,11,Top,84,single,SEA,TEX,694671,,664059,677649,,694671
776908,2025-08-01,R,669701,3,Top,20,single,SEA,TEX,,,642133,669701,,
776908,2025-08-01,R,694671,4,Top,29,single,SEA,TEX,,,,694671,,
776908,2025-08-01,R,592626,4,Top,30,single,SEA,TEX,694671,,,592626,,694671
776923,2025-07-31,R,642133,3,Top,16,single,SEA,TEX,592626,,,642133,592626,
776923,2025-07-31,R,608369,6,Top,43,single,SEA,TEX,,,,608369,,
776923,2025-07-31,R,666969,9,Top,67,single,SEA,TEX,,,,666969,,
776932,2025-07-30,R,694671,4,Top,26,single,LAA,TEX,,,543760,,,
776932,2025-07-30,R,543760,6,Top,42,single,LAA,TEX,,608369,,543760,,
776932,2025-07-30,R,543760,8,Top,57,single,LAA,TEX,,,,,543760,
776932,2025-07-30,R,543309,8,Top,60,single,LAA,TEX,694671,,,543309,694671,
776932,2025-07-30,R,694497,8,Top,61,single,LAA,TEX,543309,694671,,694497,543309,
776932,2025-07-30,R,673962,8,Top,62,single,LAA,TEX,694497,543309,,673962,694497,543309
776932,2025-07-30,R,608369,9,Top,71,single,LAA,TEX,,,,608369,,
776945,2025-07-29,R,664059,1,Top,1,single,LAA,TEX,,,,664059,,
776945,2025-07-29,R,694671,1,Top,2,single,LAA,TEX,664059,,,,694671,
776945,2025-07-29,R,673962,2,Top,11,single,LAA,TEX,,,,673962,,
776945,2025-07-29,R,694671,3,Top,21,single,LAA,TEX,,,,694671,,
776945,2025-07-29,R,669701,4,Top,30,single,LAA,TEX,,,,669701,,
776945,2025-07-29,R,694671,5,Top,38,single,LAA,TEX,664059,,,694671,664059,
776945,2025-07-29,R,666969,5,Top,40,single,LAA,TEX,694671,664059,,666969,,
776945,2025-07-29,R,543309,6,Top,47,single,LAA,TEX,,,,543309,,
776945,2025-07-29,R,669701,6,Top,48,single,LAA,TEX,543309,,,669701,543309,
776945,2025-07-29,R,677649,6,Top,49,single,LAA,TEX,669701,543309,,677649,,
776945,2025-07-29,R,543760,7,Top,61,single,LAA,TEX,,,,543760,,
776945,2025-07-29,R,543760,9,Top,80,single,LAA,TEX,,,,543760,,
776958,2025-07-28,R,543760,7,Top,58,single,LAA,TEX,669701,,,,543760,669701
776958,2025-07-28,R,641680,8,Top,67,single,LAA,TEX,,694497,,641680,,
776981,2025-07-27,R,641680,2,Bot,18,single,TEX,ATL,,,,641680,,
776981,2025-07-27,R,666969,3,Bot,25,single,TEX,ATL,,,,666969,,
776981,2025-07-27,R,673962,3,Bot,29,single,TEX,ATL,694497,694671,666969,673962,,694497
776981,2025-07-27,R,641680,3,Bot,30,single,TEX,ATL,673962,,694497,641680,673962,
776981,2025-07-27,R,694671,5,Bot,43,single,TEX,ATL,,,,,,
776981,2025-07-27,R,669701,6,Bot,51,single,TEX,ATL,,,,669701,,
776981,2025-07-27,R,669701,8,Bot,67,single,TEX,ATL,,,,669701,,
776981,2025-07-27,R,608369,8,Bot,68,single,TEX,ATL,669701,,,677649,669701,
776993,2025-07-26,R,673962,2,Bot,19,single,TEX,ATL,,,694497,673962,,
776993,2025-07-26,R,608369,3,Bot,25,single,TEX,ATL,,,,608369,,
776993,2025-07-26,R,666969,3,Bot,27,single,TEX,ATL,,543760,608369,666969,,
776993,2025-07-26,R,642133,4,Bot,35,single,TEX,ATL,,,,642133,,
776993,2025-07-26,R,673962,4,Bot,36,single,TEX,ATL,642133,,,673962,642133,
776993,2025-07-26,R,543760,10,Bot,80,single,TEX,ATL,608369,669701,,,,
777009,2025-07-25,R,664059,1,Bot,6,single,TEX,ATL,,,,664059,,
777009,2025-07-25,R,680737,5,Bot,39,single,TEX,ATL,,,,680737,,
777009,2025-07-25,R,666969,8,Bot,63,single,TEX,ATL,,,,666969,,
777009,2025-07-25,R,673962,8,Bot,64,single,TEX,ATL,666969,,,673962,666969,
777009,2025-07-25,R,694497,8,Bot,68,single,TEX,ATL,669701,641680,694671,694497,669701,641680
777033,2025-07-23,R,673962,2,Bot,11,single,TEX,ATH,,,,673962,,
777043,2025-07-22,R,694671,2,Bot,13,single,TEX,ATH,,,,694671,,
777043,2025-07-22,R,642133,2,Bot,14,single,TEX,ATH,694671,,,642133,694671,
777043,2025-07-22,R,543309,3,Bot,19,single,TEX,ATH,,,,543309,,
777043,2025-07-22,R,673962,7,Bot,53,single,TEX,ATH,,,,673962,,
777043,2025-07-22,R,543309,7,Bot,54,single,TEX,ATH,673962,,,543309,673962,
777043,2025-07-22,R,669701,7,Bot,55,single,TEX,ATH,543309,673962,,669701,543309,
777057,2025-07-21,R,669701,5,Bot,37,single,TEX,ATH,,,,669701,,
777057,2025-07-21,R,673962,7,Bot,57,single,TEX,ATH,,669701,,673962,,669701
777057,2025-07-21,R,608369,7,Bot,60,single,TEX,ATH,,673962,,608369,,
777073,2025-07-20,R,608369,4,Bot,29,single,TEX,DET,,,,608369,,
777073,2025-07-20,R,543309,7,Bot,51,single,TEX,DET,,666969,,543309,,666969
777088,2025-07-19,R,666969,2,Bot,11,single,TEX,DET,,,,,666969,
777088,2025-07-19,R,543309,5,Bot,35,single,TEX,DET,,,,543309,,
777088,2025-07-19,R,608369,5,Bot,38,single,TEX,DET,669701,696030,,608369,669701,
777098,2025-07-18,R,543309,3,Bot,18,single,TEX,DET,,,,543309,,
777125,2025-07-13,R,543309,4,Top,26,single,HOU,TEX,,694497,,543309,,694497
777125,2025-07-13,R,677649,7,Top,49,single,HOU,TEX,,,,677649,,
777125,2025-07-13,R,543309,9,Top,63,single,HOU,TEX,,,,543309,,
777137,2025-07-12,R,543760,1,Top,3,single,HOU,TEX,664059,,,543760,,664059
777137,2025-07-12,R,694671,6,Top,42,single,HOU,TEX,,608369,,,694671,608369
777137,2025-07-12,R,669701,9,Top,65,single,HOU,TEX,,,,,669701,
777137,2025-07-12,R,666969,11,Top,77,single,HOU,TEX,,543760,,,666969,
777154,2025-07-11,R,608369,1,Top,2,single,HOU,TEX,,,,608369,,
777154,2025-07-11,R,694671,1,Top,5,single,HOU,TEX,543760,608369,,694671,543760,608369
777154,2025-07-11,R,694497,1,Top,6,single,HOU,TEX,694671,543760,608369,,694497,694671
777154,2025-07-11,R,669394,3,Top,25,single,HOU,TEX,694497,,,669394,694497,
777154,2025-07-11,R,608369,4,Top,32,single,HOU,TEX,,,,608369,,
777154,2025-07-11,R,666969,5,Top,39,single,HOU,TEX,,,,666969,,
777154,2025-07-11,R,694671,5,Top,40,single,HOU,TEX,666969,,,694671,666969,
777154,2025-07-11,R,543309,8,Top,65,single,HOU,TEX,,,,543309,,
777154,2025-07-11,R,669701,8,Top,66,single,HOU,TEX,543309,,,669701,,543309
777154,2025-07-11,R,694671,9,Top,75,single,HOU,TEX,,,,694671,,
777159,2025-07-10,R,608369,1,Top,2,single,LAA,TEX,,,,608369,,
777159,2025-07-10,R,543760,1,Top,3,single,LAA,TEX,608369,,,543760,608369,
777159,2025-07-10,R,666969,1,Top,4,single,LAA,TEX,543760,608369,,666969,,543760
777159,2025-07-10,R,641680,1,Top,5,single,LAA,TEX,666969,,543760,641680,,666969
777159,2025-07-10,R,543760,3,Top,21,single,LAA,TEX,608369,,,543760,608369,
777159,2025-07-10,R,694671,3,Top,24,single,LAA,TEX,666969,543760,,694671,666969,
777159,2025-07-10,R,694497,3,Top,25,single,LAA,TEX,694671,666969,,,694497,
777159,2025-07-10,R,608369,3,Top,29,single,LAA,TEX,669701,696030,669394,608369,,669701
777159,2025-07-10,R,543760,3,Top,30,single,LAA,TEX,608369,,669701,543760,,608369
777159,2025-07-10,R,543760,8,Top,70,single,LAA,TEX,,,,543760,,
777171,2025-07-09,R,666969,1,Top,4,single,LAA,TEX,,,,,666969,
777171,2025-07-09,R,608369,3,Top,18,single,LAA,TEX,669701,,,608369,,669701
777171,2025-07-09,R,694671,4,Top,30,single,LAA,TEX,,,,,694671,
777171,2025-07-09,R,694671,6,Top,47,single,LAA,TEX,,,,694671,,
777171,2025-07-09,R,543309,6,Top,50,single,LAA,TEX,,694671,,543309,,
777180,2025-07-08,R,669394,4,Top,29,single,LAA,TEX,,694497,,669394,,
777180,2025-07-08,R,608369,5,Top,36,single,LAA,TEX,,,,608369,,
777180,2025-07-08,R,669394,5,Top,42,single,LAA,TEX,694497,641680,666969,669394,,694497
777180,2025-07-08,R,543309,5,Top,43,single,LAA,TEX,669394,,694497,543309,669394,
777180,2025-07-08,R,641680,6,Top,51,single,LAA,TEX,,,,641680,,
777200,2025-07-07,R,664059,1,Top,1,single,LAA,TEX,,,,664059,,
777200,2025-07-07,R,641680,2,Top,10,single,LAA,TEX,,,,641680,,
777200,2025-07-07,R,664059,3,Top,19,single,LAA,TEX,,,,664059,,
777200,2025-07-07,R,666969,3,Top,22,single,LAA,TEX,608369,664059,,666969,,608369
777200,2025-07-07,R,641680,3,Top,24,single,LAA,TEX,666969,,608369,641680,666969,
777200,2025-07-07,R,608369,7,Top,56,single,LAA,TEX,,,,608369,,
777207,2025-07-06,R,669701,1,Top,1,single,SD,TEX,,,,669701,,
777207,2025-07-06,R,666969,1,Top,4,single,SD,TEX,,608369,,666969,,608369
777207,2025-07-06,R,669394,2,Top,14,single,SD,TEX,,,,669394,,
777207,2025-07-06,R,669394,7,Top,55,single,SD,TEX,,,,669394,,
777207,2025-07-06,R,543760,8,Top,65,single,SD,TEX,,,,543760,,
777223,2025-07-05,R,669701,3,Top,20,single,SD,TEX,,,,669701,,
777223,2025-07-05,R,669394,4,Top,30,single,SD,TEX,,641680,,669394,,641680
777223,2025-07-05,R,543309,4,Top,31,single,SD,TEX,669394,,641680,543309,669394,
777223,2025-07-05,R,666969,5,Top,40,single,SD,TEX,,,,666969,,
777223,2025-07-05,R,694671,6,Top,45,single,SD,TEX,,,,694671,,
777223,2025-07-05,R,669394,6,Top,47,single,SD,TEX,694671,,,669394,,694671
777223,2025-07-05,R,694497,8,Top,64,single,SD,TEX,,,,,694497,
777223,2025-07-05,R,543309,8,Top,68,single,SD,TEX,669394,,694497,,543309,669394
777239,2025-07-04,R,694497,2,Top,8,single,SD,TEX,,,,,694497,
777239,2025-07-04,R,608369,3,Top,18,single,SD,TEX,669701,,,608369,,669701
777239,2025-07-04,R,669394,9,Top,68,single,SD,TEX,,,,677649,,
777268,2025-07-02,R,669701,1,Bot,5,single,TEX,BAL,,,,669701,,
777268,2025-07-02,R,669701,3,Bot,20,single,TEX,BAL,641856,,,669701,641856,
777268,2025-07-02,R,666969,3,Bot,23,single,TEX,BAL,,,,666969,,
777268,2025-07-02,R,696030,4,Bot,29,single,TEX,BAL,,,,696030,,
777268,2025-07-02,R,641680,4,Bot,30,single,TEX,BAL,696030,,,,641680,696030
777268,2025-07-02,R,677649,4,Bot,33,single,TEX,BAL,,641680,696030,677649,,
777268,2025-07-02,R,696030,5,Bot,41,single,TEX,BAL,,,,696030,,
777268,2025-07-02,R,641680,5,Bot,42,single,TEX,BAL,696030,,,641680,,696030
777268,2025-07-02,R,669701,6,Bot,50,single,TEX,BAL,,,,669701,,
777282,2025-07-01,R,664059,3,Bot,19,single,TEX,BAL,,,,664059,,
777282,2025-07-01,R,669701,3,Bot,20,single,TEX,BAL,664059,,,669701,664059,
777282,2025-07-01,R,666969,3,Bot,23,single,TEX,BAL,543760,669701,664059,666969,543760,
777282,2025-07-01,R,641680,3,Bot,25,single,TEX,BAL,666969,543760,,641680,666969,
777282,2025-07-01,R,641856,5,Bot,44,single,TEX,BAL,641680,,,641856,641680,
777282,2025-07-01,R,543760,6,Bot,53,single,TEX,BAL,,608369,,,543760,608369
777282,2025-07-01,R,666969,6,Bot,54,single,TEX,BAL,,543760,608369,,666969,
777292,2025-06-30,R,608369,1,Bot,6,single,TEX,BAL,,,,608369,,
777292,2025-06-30,R,543309,2,Bot,17,single,TEX,BAL,,,,543309,,
777292,2025-06-30,R,543760,8,Bot,65,single,TEX,BAL,,,,,543760,
777292,2025-06-30,R,666969,8,Bot,66,single,TEX,BAL,,543760,,666969,,543760
777292,2025-06-30,R,543760,10,Bot,82,single,TEX,BAL,,664059,,543760,,664059
777302,2025-06-29,R,669701,1,Bot,6,single,TEX,SEA,,,,669701,,
777302,2025-06-29,R,673962,2,Bot,15,single,TEX,SEA,,694497,,673962,,
777302,2025-06-29,R,669701,3,Bot,22,single,TEX,SEA,,,,669701,,
777302,2025-06-29,R,543760,3,Bot,24,single,TEX,SEA,608369,,,543760,608369,
777302,2025-06-29,R,694497,4,Bot,31,single,TEX,SEA,,,,694497,,
777302,2025-06-29,R,694497,6,Bot,50,single,TEX,SEA,,,,,694497,
777302,2025-06-29,R,696030,9,Bot,73,single,TEX,SEA,,,,,696030,
777322,2025-06-28,R,669701,1,Bot,4,single,TEX,SEA,,,,669701,,
777322,2025-06-28,R,694497,2,Bot,12,single,TEX,SEA,,,,694497,,
777322,2025-06-28,R,543760,3,Bot,23,single,TEX,SEA,,,,543760,,
777322,2025-06-28,R,673962,4,Bot,32,single,TEX,SEA,,,,673962,,
777322,2025-06-28,R,543760,10,Bot,76,single,TEX,SEA,608369,669701,696030,,,
777340,2025-06-27,R,669701,6,Bot,52,single,TEX,SEA,,,,669701,,
777340,2025-06-27,R,666969,6,Bot,56,single,TEX,SEA,,543760,664059,666969,,
777340,2025-06-27,R,694497,6,Bot,57,single,TEX,SEA,666969,,,694497,666969,
777340,2025-06-27,R,664059,7,Bot,65,single,TEX,SEA,,669701,,664059,,
777340,2025-06-27,R,641680,9,Bot,78,single,TEX,SEA,,,,680737,,
777365,2025-06-25,R,673962,2,Top,10,single,BAL,TEX,,,543760,673962,,
777365,2025-06-25,R,694497,4,Top,24,single,BAL,TEX,,,,694497,,
777365,2025-06-25,R,608369,5,Top,33,single,BAL,TEX,664059,696030,,608369,,664059
777365,2025-06-25,R,543760,5,Top,34,single,BAL,TEX,608369,,664059,,543760,608369
777365,2025-06-25,R,543760,7,Top,49,single,BAL,TEX,,,,,543760,
777380,2025-06-24,R,673962,2,Top,10,single,BAL,TEX,,,,,,
777380,2025-06-24,R,543760,4,Top,23,single,BAL,TEX,608369,,,543760,608369,
777380,2025-06-24,R,694497,4,Top,25,single,BAL,TEX,543760,608369,,,694497,543760
777380,2025-06-24,R,673962,6,Top,42,single,BAL,TEX,,,,673962,,
777380,2025-06-24,R,696030,6,Top,43,single,BAL,TEX,673962,,,696030,673962,
777380,2025-06-24,R,608369,7,Top,50,single,BAL,TEX,,,,608369,,
777380,2025-06-24,R,666969,7,Top,52,single,BAL,TEX,,608369,,,666969,
777380,2025-06-24,R,694497,7,Top,53,single,BAL,TEX,,666969,,694497,,666969
777380,2025-06-24,R,608369,9,Top,71,single,BAL,TEX,,,,,608369,
777394,2025-06-23,R,666969,2,Top,7,single,BAL,TEX,,,,666969,,
777394,2025-06-23,R,664059,6,Top,40,single,BAL,TEX,,,,664059,,
777394,2025-06-23,R,694671,6,Top,41,single,BAL,TEX,664059,,,694671,664059,
777404,2025-06-22,R,664059,1,Top,1,single,PIT,TEX,,,,664059,,
777404,2025-06-22,R,669701,2,Top,11,single,PIT,TEX,666969,,543760,669701,,666969
777404,2025-06-22,R,673962,2,Top,12,single,PIT,TEX,669701,,666969,673962,669701,
777404,2025-06-22,R,677649,5,Top,36,single,PIT,TEX,,,,677649,,
777404,2025-06-22,R,641680,6,Top,51,single,PIT,TEX,666969,,,641680,666969,
777421,2025-06-21,R,543309,3,Top,18,single,PIT,TEX,677649,,,,543309,
777421,2025-06-21,R,669701,6,Top,39,single,PIT,TEX,,,,669701,,
777421,2025-06-21,R,608369,6,Top,41,single,PIT,TEX,664059,669701,,608369,,664059
777421,2025-06-21,R,694497,7,Top,50,single,PIT,TEX,,,,694497,,
777432,2025-06-20,R,669701,1,Top,1,single,PIT,TEX,,,,669701,,
777432,2025-06-20,R,664059,1,Top,2,single,PIT,TEX,669701,,,,,
777432,2025-06-20,R,543760,1,Top,4,single,PIT,TEX,,,,543760,,
777432,2025-06-20,R,669394,1,Top,6,single,PIT,TEX,543760,,,669394,543760,
777432,2025-06-20,R,666969,5,Top,40,single,PIT,TEX,,,,666969,,
777432,2025-06-20,R,694497,6,Top,45,single,PIT,TEX,,,,694497,,
777432,2025-06-20,R,641680,8,Top,64,single,PIT,TEX,,,,641680,,
777443,2025-06-19,R,694671,6,Bot,42,single,TEX,KC,,,,694671,,
777443,2025-06-19,R,664059,8,Bot,60,single,TEX,KC,,,,664059,,
777460,2025-06-18,R,666969,1,Bot,8,single,TEX,KC,,694671,,666969,,
777460,2025-06-18,R,664059,2,Bot,17,single,TEX,KC,677649,,,664059,,677649
777460,2025-06-18,R,694671,3,Bot,27,single,TEX,KC,,,,694671,,
777460,2025-06-18,R,664059,4,Bot,38,single,TEX,KC,,669394,,664059,,669394
777460,2025-06-18,R,543760,7,Bot,60,single,TEX,KC,,694671,,543760,,694671
777460,2025-06-18,R,543309,8,Bot,71,single,TEX,KC,,,,543309,,
777468,2025-06-17,R,666969,2,Bot,14,single,TEX,KC,,,,666969,,
777468,2025-06-17,R,696030,4,Bot,32,single,TEX,KC,,608369,,,696030,
777468,2025-06-17,R,608369,8,Bot,64,single,TEX,KC,,,,608369,,
777468,2025-06-17,R,543760,8,Bot,65,single,TEX,KC,608369,,,543760,608369,
777493,2025-06-15,R,694671,3,Bot,24,single,TEX,CWS,,,,694671,,
777493,2025-06-15,R,669701,5,Bot,39,single,TEX,CWS,,,,669701,,
777493,2025-06-15,R,608369,5,Bot,41,single,TEX,CWS,669701,,,608369,,669701
777493,2025-06-15,R,669394,8,Bot,66,single,TEX,CWS,,,,669394,,
777508,2025-06-14,R,694671,1,Bot,5,single,TEX,CWS,669701,,,694671,669701,
777508,2025-06-14,R,543760,5,Bot,41,single,TEX,CWS,,608369,,543760,608369,
777508,2025-06-14,R,666969,6,Bot,47,single,TEX,CWS,,,,666969,,
777508,2025-06-14,R,694671,7,Bot,54,single,TEX,CWS,,,,694671,,
777508,2025-06-14,R,608369,8,Bot,69,single,TEX,CWS,694671,,,608369,694671,
777508,2025-06-14,R,666969,11,Bot,95,single,TEX,CWS,,669394,694497,,,
777524,2025-06-13,R,669701,1,Bot,4,single,TEX,CWS,,,,669701,,
777524,2025-06-13,R,694671,1,Bot,5,single,TEX,CWS,669701,,,694671,,669701
777524,2025-06-13,R,669394,2,Bot,12,single,TEX,CWS,,,,669394,,
777524,2025-06-13,R,641680,4,Bot,30,single,TEX,CWS,,,,,,
777533,2025-06-12,R,543309,2,Top,15,single,MIN,TEX,,666969,,543309,,
777533,2025-06-12,R,669701,6,Top,49,single,MIN,TEX,,,,669701,,
777533,2025-06-12,R,543760,6,Top,52,single,MIN,TEX,669701,,,543760,,669701
777533,2025-06-12,R,694497,6,Top,53,single,MIN,TEX,543760,,669701,,694497,543760
777533,2025-06-12,R,669394,6,Top,54,single,MIN,TEX,,694497,543760,669394,,
777533,2025-06-12,R,673962,6,Top,55,single,MIN,TEX,669394,,,673962,,669394
777533,2025-06-12,R,694671,9,Top,82,single,MIN,TEX,,,,694671,,
777533,2025-06-12,R,669394,9,Top,86,single,MIN,TEX,,,,669394,,
777533,2025-06-12,R,673962,9,Top,87,single,MIN,TEX,669394,,,673962,,669394
777556,2025-06-11,R,694497,7,Top,53,single,MIN,TEX,,,,694497,,
777556,2025-06-11,R,641680,8,Top,59,single,MIN,TEX,,,,641680,,
777556,2025-06-11,R,669701,8,Top,60,single,MIN,TEX,641680,,,669701,641680,
777557,2025-06-10,R,669701,1,Top,1,single,MIN,TEX,,,,669701,,
777557,2025-06-10,R,666969,2,Top,12,single,MIN,TEX,,,,,666969,
777557,2025-06-10,R,608369,3,Top,19,single,MIN,TEX,,,,608369,,
777557,2025-06-10,R,543309,4,Top,29,single,MIN,TEX,,666969,694497,,543309,
777557,2025-06-10,R,694497,5,Top,41,single,MIN,TEX,608369,,,,694497,608369
777557,2025-06-10,R,673962,5,Top,42,single,MIN,TEX,,694497,608369,673962,,
777557,2025-06-10,R,669701,5,Top,45,single,MIN,TEX,,543309,,,669701,
777557,2025-06-10,R,543760,6,Top,53,single,MIN,TEX,,,,,543760,
777557,2025-06-10,R,608369,8,Top,70,single,MIN,TEX,,,,608369,,
777557,2025-06-10,R,669394,8,Top,72,single,MIN,TEX,543760,608369,,669394,543760,608369
777557,2025-06-10,R,694497,8,Top,73,single,MIN,TEX,669394,543760,608369,694497,669394,543760
777557,2025-06-10,R,694671,9,Top,82,single,MIN,TEX,,,,694671,,
777596,2025-06-08,R,543760,2,Top,7,single,WSH,TEX,,,,543760,,
777596,2025-06-08,R,664059,3,Top,17,single,WSH,TEX,,,,664059,,
777596,2025-06-08,R,694497,6,Top,42,single,WSH,TEX,,,,694497,,
777596,2025-06-08,R,669394,6,Top,43,single,WSH,TEX,694497,,,669394,694497,
777596,2025-06-08,R,543760,7,Top,52,single,WSH,TEX,,,,543760,,
777596,2025-06-08,R,669701,9,Top,66,single,WSH,TEX,,,,669701,,
777610,2025-06-07,R,664059,1,Top,1,single,WSH,TEX,,,,664059,,
777610,2025-06-07,R,673962,1,Top,3,single,WSH,TEX,664059,,,673962,664059,
777610,2025-06-07,R,543760,1,Top,4,single,WSH,TEX,673962,664059,,,,543760
777610,2025-06-07,R,664059,6,Top,36,single,WSH,TEX,,,,664059,,
777610,2025-06-07,R,664059,8,Top,51,single,WSH,TEX,,,,664059,,
777610,2025-06-07,R,694671,8,Top,52,single,WSH,TEX,664059,,,694671,664059,
777610,2025-06-07,R,666969,8,Top,56,single,WSH,TEX,,543760,,,666969,
777624,2025-06-06,R,666969,5,Top,32,single,WSH,TEX,,,,666969,,
777624,2025-06-06,R,669701,6,Top,38,single,WSH,TEX,,,,669701,,
777629,2025-06-05,R,669701,1,Top,1,single,TB,TEX,,,,669701,,
777629,2025-06-05,R,666969,7,Top,47,single,TB,TEX,,,,666969,,
777629,2025-06-05,R,669394,7,Top,48,single,TB,TEX,666969,,,669394,666969,
777629,2025-06-05,R,669701,8,Top,53,single,TB,TEX,,,,,669701,
777629,2025-06-05,R,543760,9,Top,61,single,TB,TEX,,,,543760,,
777646,2025-06-04,R,666969,5,Top,38,single,TB,TEX,,,,666969,,
777646,2025-06-04,R,669701,5,Top,41,single,TB,TEX,,,,669701,,
777646,2025-06-04,R,694497,6,Top,48,single,TB,TEX,,,,694497,,
777646,2025-06-04,R,694671,7,Top,57,single,TB,TEX,,,,694671,,
777646,2025-06-04,R,694671,9,Top,73,single,TB,TEX,,669701,,694671,,
777662,2025-06-03,R,669394,3,Top,16,single,TB,TEX,,,,669394,,
777662,2025-06-03,R,543309,6,Top,37,single,TB,TEX,,,,543309,,
777662,2025-06-03,R,666969,7,Top,49,single,TB,TEX,,,,666969,,
777662,2025-06-03,R,669394,7,Top,51,single,TB,TEX,543760,666969,,669394,,543760
777678,2025-06-01,R,543760,2,Bot,17,single,TEX,STL,,,,,543760,
777678,2025-06-01,R,641680,7,Bot,53,single,TEX,STL,,,,641680,,
777678,2025-06-01,R,664059,7,Bot,55,single,TEX,STL,543760,641680,,664059,543760,641680
777678,2025-06-01,R,673962,8,Bot,62,single,TEX,STL,,,,673962,,
777697,2025-05-31,R,608369,1,Bot,5,single,TEX,STL,,,,608369,,
777697,2025-05-31,R,669394,5,Bot,34,single,TEX,STL,,,,669394,,
777697,2025-05-31,R,543760,5,Bot,36,single,TEX,STL,664059,,,543760,,664059
777697,2025-05-31,R,696030,7,Bot,50,single,TEX,STL,,,,696030,,
777709,2025-05-30,R,673962,1,Bot,7,single,TEX,STL,,664059,,673962,,
777709,2025-05-30,R,543309,2,Bot,15,single,TEX,STL,,,,543309,,
777709,2025-05-30,R,543760,2,Bot,16,single,TEX,STL,543309,,,543760,543309,
777709,2025-05-30,R,543760,4,Bot,31,single,TEX,STL,,,,543760,,
777709,2025-05-30,R,608369,5,Bot,40,single,TEX,STL,,,,608369,,
777709,2025-05-30,R,669394,6,Bot,47,single,TEX,STL,,,,669394,,
777709,2025-05-30,R,543760,6,Bot,49,single,TEX,STL,543309,669394,,543760,543309,
777709,2025-05-30,R,664059,6,Bot,51,single,TEX,STL,543760,543309,,664059,,543760
777709,2025-05-30,R,673962,6,Bot,54,single,TEX,STL,694671,664059,543760,673962,694671,
777709,2025-05-30,R,543309,7,Bot,60,single,TEX,STL,,,,543309,,
777709,2025-05-30,R,664059,7,Bot,63,single,TEX,STL,,,,664059,,
777709,2025-05-30,R,673962,8,Bot,71,single,TEX,STL,696030,,,673962,696030,
777724,2025-05-28,R,669701,1,Bot,4,single,TEX,TOR,,,,669701,,
777741,2025-05-27,R,694671,1,Bot,6,single,TEX,TOR,,,,694671,,
777741,2025-05-27,R,543760,5,Bot,38,single,TEX,TOR,696030,,,543760,,696030
777741,2025-05-27,R,669701,6,Bot,44,single,TEX,TOR,,,,,,
777741,2025-05-27,R,696030,7,Bot,53,single,TEX,TOR,,,,696030,,
777741,2025-05-27,R,543309,8,Bot,62,single,TEX,TOR,,,,,664059,
777741,2025-05-27,R,673962,8,Bot,65,single,TEX,TOR,694671,664059,,,,673962
777759,2025-05-26,R,666969,3,Bot,18,single,TEX,TOR,,,,666969,,
777759,2025-05-26,R,641680,5,Bot,36,single,TEX,TOR,,,,641680,,
777759,2025-05-26,R,696030,5,Bot,37,single,TEX,TOR,641680,,,696030,641680,
777759,2025-05-26,R,696030,7,Bot,54,single,TEX,TOR,,,,696030,,
777777,2025-05-25,R,673962,4,Top,23,single,CWS,TEX,,,,673962,,
777777,2025-05-25,R,543760,5,Top,32,single,CWS,TEX,,,,543760,,
777777,2025-05-25,R,694671,6,Top,40,single,CWS,TEX,669701,,,694671,669701,
777777,2025-05-25,R,543309,9,Top,66,single,CWS,TEX,,669394,673962,543309,669394,
777792,2025-05-24,R,664059,1,Top,1,single,CWS,TEX,,,,,664059,
777792,2025-05-24,R,673962,1,Top,4,single,CWS,TEX,,669701,,673962,,669701
777792,2025-05-24,R,641680,4,Top,29,single,CWS,TEX,592626,,,641680,592626,
777792,2025-05-24,R,694671,5,Top,42,single,CWS,TEX,,,,694671,,
777792,2025-05-24,R,543309,5,Top,45,single,CWS,TEX,673962,694671,,543309,673962,
777805,2025-05-23,R,694671,6,Top,43,single,CWS,TEX,,,,694671,,
777818,2025-05-22,R,673962,1,Top,3,single,NYY,TEX,,,,673962,,
777818,2025-05-22,R,543760,7,Top,48,single,NYY,TEX,,,,,543760,
777818,2025-05-22,R,592626,7,Top,51,single,NYY,TEX,,543760,,,592626,543760
777835,2025-05-21,R,641680,2,Top,11,single,NYY,TEX,,,,641680,,
777835,2025-05-21,R,669701,3,Top,18,single,NYY,TEX,,,,669701,,
777835,2025-05-21,R,673962,6,Top,39,single,NYY,TEX,,,,673962,,
777835,2025-05-21,R,694671,7,Top,50,single,NYY,TEX,,,,694671,,
777835,2025-05-21,R,543760,8,Top,57,single,NYY,TEX,,,,543760,,
777835,2025-05-21,R,669394,8,Top,59,single,NYY,TEX,543760,,,,669394,543760
777835,2025-05-21,R,664059,9,Top,67,single,NYY,TEX,,,,664059,,
777849,2025-05-20,R,543760,2,Top,8,single,NYY,TEX,,,,543760,,
777849,2025-05-20,R,673962,4,Top,23,single,NYY,TEX,,,,673962,,
777849,2025-05-20,R,673962,6,Top,40,single,NYY,TEX,694671,,,673962,694671,
777849,2025-05-20,R,666969,6,Top,41,single,NYY,TEX,673962,694671,,666969,673962,694671
777869,2025-05-18,R,664059,4,Bot,23,single,TEX,HOU,,,,664059,,
777869,2025-05-18,R,694671,4,Bot,24,single,TEX,HOU,664059,,,694671,664059,
777869,2025-05-18,R,673962,4,Bot,25,single,TEX,HOU,694671,664059,,673962,694671,
777869,2025-05-18,R,669394,4,Bot,29,single,TEX,HOU,543760,,673962,669394,,543760
777869,2025-05-18,R,641680,7,Bot,47,single,TEX,HOU,,,,,641680,
777869,2025-05-18,R,677649,7,Bot,50,single,TEX,HOU,607680,,,677649,,607680
777869,2025-05-18,R,666969,8,Bot,61,single,TEX,HOU,,,,666969,,
777882,2025-05-17,R,694671,3,Bot,24,single,TEX,HOU,,664059,543309,694671,,664059
777882,2025-05-17,R,543760,6,Bot,47,single,TEX,HOU,,,,543760,,
777895,2025-05-16,R,673962,2,Bot,15,single,TEX,HOU,,,,673962,,
777895,2025-05-16,R,641680,2,Bot,18,single,TEX,HOU,,694497,673962,641680,,
777895,2025-05-16,R,669701,2,Bot,19,single,TEX,HOU,641680,,,669701,641680,
777895,2025-05-16,R,669394,4,Bot,33,single,TEX,HOU,,,,669394,,
777910,2025-05-15,R,669394,8,Bot,56,single,TEX,HOU,,,,669394,,
777918,2025-05-14,R,669701,1,Bot,4,single,TEX,COL,,,,669701,,
777918,2025-05-14,R,592626,1,Bot,6,single,TEX,COL,,,,592626,,
777918,2025-05-14,R,666969,1,Bot,7,single,TEX,COL,592626,,,666969,592626,
777918,2025-05-14,R,543760,1,Bot,8,single,TEX,COL,666969,592626,,543760,666969,592626
777918,2025-05-14,R,543309,2,Bot,17,single,TEX,COL,,,,543309,,
777918,2025-05-14,R,669701,4,Bot,35,single,TEX,COL,,,,669701,,
777918,2025-05-14,R,673962,5,Bot,43,single,TEX,COL,,,,673962,,
777918,2025-05-14,R,673962,7,Bot,61,single,TEX,COL,,,,673962,,
777934,2025-05-13,R,664059,1,Bot,6,single,TEX,COL,,,,664059,,
777934,2025-05-13,R,694671,1,Bot,7,single,TEX,COL,664059,,,694671,,664059
777934,2025-05-13,R,543760,4,Bot,28,single,TEX,COL,,,,543760,,
777934,2025-05-13,R,669394,4,Bot,30,single,TEX,COL,641680,,,669394,641680,
777934,2025-05-13,R,673962,5,Bot,40,single,TEX,COL,,,,673962,,
777949,2025-05-12,R,673962,7,Bot,50,single,TEX,COL,,,,673962,,
777949,2025-05-12,R,669394,7,Bot,51,single,TEX,COL,673962,,,669394,673962,
777969,2025-05-11,R,673962,2,Top,10,single,DET,TEX,,,,673962,,
777969,2025-05-11,R,677649,2,Top,12,single,DET,TEX,673962,,,677649,,673962
777969,2025-05-11,R,666969,3,Top,20,single,DET,TEX,,,,666969,,
777969,2025-05-11,R,694497,3,Top,22,single,DET,TEX,,666969,,,694497,
777969,2025-05-11,R,694497,5,Top,39,single,DET,TEX,,,,694497,,
777969,2025-05-11,R,669701,8,Top,61,single,DET,TEX,,,,669701,,
777987,2025-05-10,R,673962,6,Top,46,single,DET,TEX,,,,673962,,
777987,2025-05-10,R,664059,8,Top,60,single,DET,TEX,,,,664059,,
777987,2025-05-10,R,677649,9,Top,69,single,DET,TEX,694671,,,677649,694671,
777987,2025-05-10,R,543760,9,Top,71,single,DET,TEX,677649,,694671,543760,,677649
777996,2025-05-09,R,669701,6,Top,36,single,DET,TEX,,,,669701,,
777996,2025-05-09,R,664059,6,Top,39,single,DET,TEX,677649,669701,,664059,677649,
777996,2025-05-09,R,694497,8,Top,53,single,DET,TEX,,,,694497,,
778006,2025-05-08,R,694671,1,Top,2,single,BOS,TEX,,,,694671,,
778006,2025-05-08,R,571466,3,Top,20,single,BOS,TEX,,,,571466,,
778006,2025-05-08,R,669701,3,Top,21,single,BOS,TEX,571466,,,669701,571466,
778006,2025-05-08,R,571466,5,Top,35,single,BOS,TEX,,,,571466,,
778006,2025-05-08,R,571466,7,Top,55,single,BOS,TEX,,,,571466,,
778018,2025-05-07,R,592626,2,Top,7,single,BOS,TEX,,,,592626,,
778018,2025-05-07,R,669701,4,Top,29,single,BOS,TEX,641680,,,669701,641680,
778018,2025-05-07,R,608369,5,Top,36,single,BOS,TEX,,,,608369,,
778018,2025-05-07,R,641680,6,Top,46,single,BOS,TEX,,,,641680,,
778037,2025-05-06,R,669701,1,Top,1,single,BOS,TEX,,,,669701,,
778037,2025-05-06,R,592626,1,Top,4,single,BOS,TEX,694671,,,592626,,694671
778037,2025-05-06,R,641680,3,Top,16,single,BOS,TEX,,,,641680,,
778037,2025-05-06,R,543760,4,Top,25,single,BOS,TEX,,592626,,543760,,592626
778037,2025-05-06,R,694497,4,Top,27,single,BOS,TEX,543760,,,694497,543760,
778037,2025-05-06,R,641680,4,Top,28,single,BOS,TEX,694497,543760,,641680,,694497
778037,2025-05-06,R,669701,4,Top,30,single,BOS,TEX,641680,,694497,669701,,641680
778037,2025-05-06,R,694671,4,Top,31,single,BOS,TEX,669701,,641680,694671,669701,
778037,2025-05-06,R,543760,5,Top,38,single,BOS,TEX,,,,543760,,
778037,2025-05-06,R,666969,5,Top,39,single,BOS,TEX,543760,,,666969,543760,
778037,2025-05-06,R,666969,7,Top,57,single,BOS,TEX,,,,666969,,
778037,2025-05-06,R,694497,7,Top,58,single,BOS,TEX,666969,,,694497,666969,
778037,2025-05-06,R,669701,8,Top,64,single,BOS,TEX,,,,669701,,
778037,2025-05-06,R,666969,9,Top,72,single,BOS,TEX,,,,666969,,
778052,2025-05-04,R,669701,1,Bot,5,single,TEX,SEA,,,,669701,,
778052,2025-05-04,R,666969,2,Bot,14,single,TEX,SEA,,,,,,
778052,2025-05-04,R,669701,3,Bot,25,single,TEX,SEA,688760,,,669701,688760,
778052,2025-05-04,R,608369,3,Bot,27,single,TEX,SEA,694671,669701,688760,608369,,694671
778052,2025-05-04,R,543760,3,Bot,29,single,TEX,SEA,608369,,694671,543760,608369,
778052,2025-05-04,R,666969,3,Bot,31,single,TEX,SEA,641680,543760,608369,666969,,641680
778052,2025-05-04,R,673962,3,Bot,32,single,TEX,SEA,666969,,641680,673962,666969,
778052,2025-05-04,R,669701,4,Bot,37,single,TEX,SEA,,,,669701,,
778052,2025-05-04,R,608369,4,Bot,39,single,TEX,SEA,,,,608369,,
778052,2025-05-04,R,641680,5,Bot,45,single,TEX,SEA,,,,641680,,
778070,2025-05-03,R,694671,1,Bot,8,single,TEX,SEA,,,,694671,,
778070,2025-05-03,R,673962,3,Bot,21,single,TEX,SEA,,,,673962,,
778070,2025-05-03,R,608369,4,Bot,28,single,TEX,SEA,,,,608369,,
778070,2025-05-03,R,641680,4,Bot,31,single,TEX,SEA,,608369,,641680,,
778070,2025-05-03,R,641680,7,Bot,52,single,TEX,SEA,,,,641680,,
778083,2025-05-02,R,641680,5,Bot,43,single,TEX,SEA,,,,641680,,
778083,2025-05-02,R,694671,9,Bot,77,single,TEX,SEA,,,,694671,,
778096,2025-05-01,R,694671,4,Bot,27,single,TEX,ATH,,,,694671,,
778096,2025-05-01,R,543760,5,Bot,33,single,TEX,ATH,,,,543760,,
778096,2025-05-01,R,669394,7,Bot,55,single,TEX,ATH,543760,,,669394,543760,
778106,2025-04-30,R,666969,3,Bot,19,single,TEX,ATH,,,,666969,,
778106,2025-04-30,R,641680,3,Bot,20,single,TEX,ATH,666969,,,641680,666969,
778106,2025-04-30,R,592626,4,Bot,28,single,TEX,ATH,,,,592626,,
778106,2025-04-30,R,666969,4,Bot,31,single,TEX,ATH,,543760,,666969,,
778106,2025-04-30,R,665750,5,Bot,36,single,TEX,ATH,,,,665750,,
778106,2025-04-30,R,669701,5,Bot,38,single,TEX,ATH,665750,,,669701,665750,
778106,2025-04-30,R,543760,6,Bot,46,single,TEX,ATH,,,,543760,,
778106,2025-04-30,R,673962,6,Bot,47,single,TEX,ATH,543760,,,673962,543760,
778106,2025-04-30,R,673962,8,Bot,62,single,TEX,ATH,543760,,,673962,543760,
778122,2025-04-29,R,665750,2,Bot,16,single,TEX,ATH,669394,666969,,665750,669394,
778122,2025-04-29,R,669701,2,Bot,18,single,TEX,ATH,665750,669394,,,669701,665750
778122,2025-04-29,R,641680,3,Bot,23,single,TEX,ATH,,,,641680,,
778122,2025-04-29,R,543760,3,Bot,24,single,TEX,ATH,641680,,,543760,641680,
778122,2025-04-29,R,669394,3,Bot,27,single,TEX,ATH,543760,641680,,669394,,543760
778122,2025-04-29,R,665750,3,Bot,28,single,TEX,ATH,669394,,543760,665750,669394,
778122,2025-04-29,R,543760,4,Bot,36,single,TEX,ATH,641680,,,543760,641680,
778122,2025-04-29,R,673962,4,Bot,37,single,TEX,ATH,543760,641680,,,673962,543760
778122,2025-04-29,R,665750,5,Bot,44,single,TEX,ATH,,,,665750,,
778122,2025-04-29,R,669701,6,Bot,49,single,TEX,ATH,,,,669701,,
778122,2025-04-29,R,641680,6,Bot,51,single,TEX,ATH,669701,,,,641680,669701
778122,2025-04-29,R,543760,6,Bot,52,single,TEX,ATH,,641680,669701,543760,,641680
778122,2025-04-29,R,669701,6,Bot,58,single,TEX,ATH,,694671,,669701,,
778122,2025-04-29,R,666969,8,Bot,74,single,TEX,ATH,,,,666969,,
778143,2025-04-28,R,641680,2,Bot,12,single,TEX,ATH,,,,641680,,
778143,2025-04-28,R,673962,2,Bot,14,single,TEX,ATH,641680,,,673962,641680,
778143,2025-04-28,R,669394,5,Bot,39,single,TEX,ATH,,,,669394,,
778143,2025-04-28,R,641680,6,Bot,47,single,TEX,ATH,,543309,,641680,,
778143,2025-04-28,R,543760,6,Bot,48,single,TEX,ATH,641680,,,,543760,641680
778151,2025-04-27,R,543760,1,Top,5,single,SF,TEX,,592626,669394,543760,,
778151,2025-04-27,R,673962,1,Top,6,single,SF,TEX,543760,,,673962,543760,
778151,2025-04-27,R,687957,2,Top,15,single,SF,TEX,,,,687957,,
778151,2025-04-27,R,641680,4,Top,30,single,SF,TEX,,,,,,
778151,2025-04-27,R,666969,8,Top,60,single,SF,TEX,,,,666969,,
778159,2025-04-26,R,673962,1,Top,3,single,SF,TEX,,694671,,673962,,694671
778159,2025-04-26,R,543309,2,Top,11,single,SF,TEX,,,,543309,,
778159,2025-04-26,R,607680,3,Top,19,single,SF,TEX,,,,607680,,
778159,2025-04-26,R,669701,7,Top,52,single,SF,TEX,,,,669701,,
778159,2025-04-26,R,673962,8,Top,59,single,SF,TEX,,,,673962,,
778159,2025-04-26,R,543760,9,Top,65,single,SF,TEX,,,,543760,,
778159,2025-04-26,R,641680,9,Top,66,single,SF,TEX,543760,,,641680,543760,
778171,2025-04-25,R,592626,6,Top,40,single,SF,TEX,,694671,669701,592626,,694671
778171,2025-04-25,R,673962,7,Top,46,single,SF,TEX,,,,673962,,
778171,2025-04-25,R,694671,8,Top,55,single,SF,TEX,,,,694671,,
778192,2025-04-24,R,694671,1,Top,2,single,ATH,TEX,,,,,694671,
778192,2025-04-24,R,694671,3,Top,18,single,ATH,TEX,,,,694671,,
778192,2025-04-24,R,694671,4,Top,33,single,ATH,TEX,669701,,,694671,669701,
778192,2025-04-24,R,666969,7,Top,56,single,ATH,TEX,,,,666969,,
778197,2025-04-23,R,543309,5,Top,41,single,ATH,TEX,,641680,,543309,,641680
778197,2025-04-23,R,607680,6,Top,47,single,ATH,TEX,,,,607680,,
778197,2025-04-23,R,543309,7,Top,57,single,ATH,TEX,,,,543309,,
778213,2025-04-22,R,694671,1,Top,2,single,ATH,TEX,669701,,,694671,669701,
778213,2025-04-22,R,608369,5,Top,38,single,ATH,TEX,,,,608369,,
778213,2025-04-22,R,666969,5,Top,39,single,ATH,TEX,608369,,,666969,608369,
778213,2025-04-22,R,694671,6,Top,51,single,ATH,TEX,,,,694671,,
778213,2025-04-22,R,543760,7,Top,60,single,ATH,TEX,,,,543760,,
778234,2025-04-20,R,669701,1,Bot,7,single,TEX,LAD,,,,669701,,
778234,2025-04-20,R,641680,3,Bot,21,single,TEX,LAD,,,,641680,,
778234,2025-04-20,R,669701,3,Bot,24,single,TEX,LAD,641680,,,669701,641680,
778234,2025-04-20,R,669701,6,Bot,43,single,TEX,LAD,,,,669701,,
778234,2025-04-20,R,694671,9,Bot,66,single,TEX,LAD,,,,694671,,
778251,2025-04-19,R,543309,5,Bot,37,single,TEX,LAD,,,,543309,,
778251,2025-04-19,R,543760,8,Bot,58,single,TEX,LAD,,,,543760,,
778263,2025-04-18,R,543760,3,Bot,22,single,TEX,LAD,,,,543760,,
778263,2025-04-18,R,687957,7,Bot,48,single,TEX,LAD,,,,687957,,
778263,2025-04-18,R,608369,9,Bot,63,single,TEX,LAD,,,,608369,,
778263,2025-04-18,R,666969,9,Bot,65,single,TEX,LAD,607680,,,666969,607680,
778281,2025-04-17,R,543760,1,Bot,6,single,TEX,LAA,,,,543760,,
778281,2025-04-17,R,608369,1,Bot,7,single,TEX,LAA,543760,,,608369,,543760
778281,2025-04-17,R,687957,2,Bot,14,single,TEX,LAA,,,,687957,,
778281,2025-04-17,R,543309,2,Bot,16,single,TEX,LAA,669394,687957,,543309,669394,687957
778281,2025-04-17,R,687957,3,Bot,26,single,TEX,LAA,,,,687957,,
778281,2025-04-17,R,673962,5,Bot,44,single,TEX,LAA,,,,673962,,
778281,2025-04-17,R,543309,6,Bot,50,single,TEX,LAA,,,,543309,,
778281,2025-04-17,R,669394,8,Bot,64,single,TEX,LAA,,,,669394,,
778289,2025-04-16,R,608369,1,Bot,5,single,TEX,LAA,543760,,,608369,543760,
778289,2025-04-16,R,669394,2,Bot,14,single,TEX,LAA,,687957,,669394,,
778289,2025-04-16,R,608369,2,Bot,18,single,TEX,LAA,543760,665750,669394,608369,,543760
778289,2025-04-16,R,666969,3,Bot,23,single,TEX,LAA,,,,666969,,
778289,2025-04-16,R,669394,4,Bot,29,single,TEX,LAA,,,,669394,,
778289,2025-04-16,R,665750,4,Bot,31,single,TEX,LAA,,,,665750,,
778289,2025-04-16,R,608369,5,Bot,36,single,TEX,LAA,,,,608369,,
778289,2025-04-16,R,669394,6,Bot,47,single,TEX,LAA,,,,669394,,
778289,2025-04-16,R,543760,6,Bot,50,single,TEX,LAA,665750,,,543760,665750,
778306,2025-04-15,R,665750,6,Bot,40,single,TEX,LAA,,,,,,665750
778306,2025-04-15,R,608369,6,Bot,42,single,TEX,LAA,,,,608369,,
778306,2025-04-15,R,673962,8,Bot,59,single,TEX,LAA,,608369,,673962,,
778306,2025-04-15,R,607680,8,Bot,61,single,TEX,LAA,673962,,,607680,,
778334,2025-04-13,R,608369,1,Top,2,single,SEA,TEX,,,,,608369,
778334,2025-04-13,R,669701,9,Top,62,single,SEA,TEX,,,,669701,,
778341,2025-04-12,R,608369,1,Top,2,single,SEA,TEX,543760,,,608369,543760,
778341,2025-04-12,R,669701,1,Top,3,single,SEA,TEX,608369,543760,,669701,608369,
778341,2025-04-12,R,666969,1,Top,4,single,SEA,TEX,669701,608369,,666969,669701,608369
778341,2025-04-12,R,608369,3,Top,18,single,SEA,TEX,,,,608369,,
778341,2025-04-12,R,666969,3,Top,20,single,SEA,TEX,608369,,,666969,608369,
778341,2025-04-12,R,673962,4,Top,30,single,SEA,TEX,,,,673962,,
778341,2025-04-12,R,669701,8,Top,63,single,SEA,TEX,,,,669701,,
778341,2025-04-12,R,669394,9,Top,71,single,SEA,TEX,,673962,,669394,,
778360,2025-04-11,R,669701,1,Top,3,single,SEA,TEX,608369,,,669701,608369,
778360,2025-04-11,R,673962,4,Top,29,single,SEA,TEX,,666969,,,673962,
778360,2025-04-11,R,669394,6,Top,47,single,SEA,TEX,,,,669394,,
778360,2025-04-11,R,641680,9,Top,68,single,SEA,TEX,,,,641680,,
778385,2025-04-09,R,669394,4,Top,24,single,CHC,TEX,,,,669394,,
778385,2025-04-09,R,607680,5,Top,31,single,CHC,TEX,,,,607680,,
778385,2025-04-09,R,543760,5,Top,34,single,CHC,TEX,,,,543760,,
778385,2025-04-09,R,666969,5,Top,37,single,CHC,TEX,,673962,,666969,,
778385,2025-04-09,R,641680,6,Top,44,single,CHC,TEX,,,,641680,,
778385,2025-04-09,R,665750,6,Top,45,single,CHC,TEX,641680,,,665750,,641680
778385,2025-04-09,R,665750,9,Top,63,single,CHC,TEX,,,,665750,,
778401,2025-04-08,R,666969,2,Top,9,single,CHC,TEX,,,,666969,,
778401,2025-04-08,R,673962,2,Top,11,single,CHC,TEX,669701,666969,,673962,669701,666969
778401,2025-04-08,R,641680,2,Top,12,single,CHC,TEX,673962,669701,666969,641680,,673962
778401,2025-04-08,R,608369,7,Top,61,single,CHC,TEX,,,,608369,,
778401,2025-04-08,R,669701,8,Top,69,single,CHC,TEX,,,,669701,,
778401,2025-04-08,R,665750,9,Top,79,single,CHC,TEX,,,,665750,,
778401,2025-04-08,R,608369,9,Top,81,single,CHC,TEX,,,,608369,,
778411,2025-04-07,R,666969,1,Top,4,single,CHC,TEX,694671,,,666969,694671,
778411,2025-04-07,R,543309,3,Top,16,single,CHC,TEX,,,,543309,,
778411,2025-04-07,R,543309,5,Top,36,single,CHC,TEX,,,,543309,,
778420,2025-04-06,R,669701,3,Bot,19,single,TEX,TB,,,,,669701,
778420,2025-04-06,R,641680,3,Bot,20,single,TEX,TB,,669701,,641680,,669701
778420,2025-04-06,R,669701,5,Bot,36,single,TEX,TB,,,,669701,,
778420,2025-04-06,R,665750,7,Bot,53,single,TEX,TB,,641680,,,665750,
778420,2025-04-06,R,641680,9,Bot,70,single,TEX,TB,,669701,,,,
778438,2025-04-05,R,607680,7,Bot,56,single,TEX,TB,,,,607680,,
778454,2025-04-04,R,669701,3,Bot,18,single,TEX,TB,,,,,669701,
778454,2025-04-04,R,665750,3,Bot,20,single,TEX,TB,,543309,,,,665750
778454,2025-04-04,R,543760,3,Bot,21,single,TEX,TB,,,665750,543760,,
778454,2025-04-04,R,608369,3,Bot,22,single,TEX,TB,543760,,,608369,,543760
778480,2025-04-02,R,543760,3,Top,16,single,CIN,TEX,,,,543760,,
778480,2025-04-02,R,592626,4,Top,21,single,CIN,TEX,,,,592626,,
778498,2025-04-01,R,694671,3,Top,18,single,CIN,TEX,608369,,,,,
778498,2025-04-01,R,669701,7,Top,44,single,CIN,TEX,,,,669701,,
778511,2025-03-31,R,641680,8,Top,67,single,CIN,TEX,669701,,,,641680,669701
778511,2025-03-31,R,641680,9,Top,79,single,CIN,TEX,,,,641680,,
778516,2025-03-30,R,694671,1,Bot,5,single,TEX,BOS,,,,694671,,
778516,2025-03-30,R,669394,2,Bot,13,single,TEX,BOS,,,,669394,,
778516,2025-03-30,R,543309,2,Bot,14,single,TEX,BOS,669394,,,543309,669394,
778516,2025-03-30,R,665750,2,Bot,15,single,TEX,BOS,543309,669394,,665750,543309,669394
778531,2025-03-29,R,608369,1,Bot,7,single,TEX,BOS,,,,608369,,
778531,2025-03-29,R,694671,1,Bot,8,single,TEX,BOS,608369,,,694671,608369,
778531,2025-03-29,R,665750,5,Bot,43,single,TEX,BOS,,,,,665750,
778531,2025-03-29,R,543760,5,Bot,44,single,TEX,BOS,,665750,,543760,,
778531,2025-03-29,R,608369,5,Bot,45,single,TEX,BOS,543760,,,608369,,543760
778550,2025-03-28,R,608369,1,Bot,5,single,TEX,BOS,,,,608369,,
778550,2025-03-28,R,665750,5,Bot,38,single,TEX,BOS,,,,,665750,
778550,2025-03-28,R,694671,6,Bot,45,single,TEX,BOS,,,,694671,,
778550,2025-03-28,R,592626,6,Bot,46,single,TEX,BOS,694671,,,592626,,
778550,2025-03-28,R,673962,6,Bot,49,single,TEX,BOS,,669394,,,673962,
778553,2025-03-27,R,673962,2,Bot,12,single,TEX,BOS,669394,,,673962,669394,
778553,2025-03-27,R,607680,2,Bot,13,single,TEX,BOS,673962,669394,,607680,673962,
778553,2025-03-27,R,607680,4,Bot,30,single,TEX,BOS,,,,607680,,
778553,2025-03-27,R,543760,5,Bot,37,single,TEX,BOS,,,,543760,,
778553,2025-03-27,R,673962,6,Bot,45,single,TEX,BOS,,,,673962,,
778553,2025-03-27,R,694671,8,Bot,60,single,TEX,BOS,,,,694671,,
