Date,Tm,Home_Away,Opp,W/L,R,RA,Inn,W-L,Rank,GB,Win,Loss,Save,Time,D/N,Attendance,cLI,Streak,Orig. Scheduled
"Thursday, Mar 27",TEX,Home,BOS,L,2.0,5.0,9.0,0-1,3.0,1.0,Chapman,Jackson,Slaten,2:34,D,37585.0,0.96,-1,
"Friday, Mar 28",TEX,Home,BOS,W,4.0,1.0,9.0,1-1,1.0,Tied,Leiter,Houck,Jackson,2:27,N,26766.0,0.88,1,
"Saturday, Mar 29",TEX,Home,BOS,W,4.0,3.0,9.0,2-1,1.0,Tied,Milner,Buehler,Martin,2:48,N,32251.0,0.93,2,
"Sunday, Mar 30",TEX,Home,BOS,W,3.0,2.0,9.0,3-1,1.0,up 0.5,Armstrong,Fitts,Jackson,2:13,D,29137.0,0.97,3,
"Monday, Mar 31",TEX,@,CIN,L,3.0,14.0,9.0,3-2,2.0,0.5,Singer,Rocker,,2:25,N,10533.0,0.96,-1,
"Tuesday, Apr 1",TEX,@,CIN,W,1.0,0.0,9.0,4-2,2.0,0.5,Eovaldi,Spiers,,2:13,N,14852.0,0.95,1,
"Wednesday, Apr 2",TEX,@,CIN,W,1.0,0.0,9.0,5-2,1.0,up 0.5,Leiter,Greene,Jackson,2:13,D,13322.0,0.98,2,
"Friday, Apr 4",TEX,Home,TBR,W,5.0,2.0,9.0,6-2,1.0,up 1.5,Mahle,Littell,Jackson,2:14,N,24483.0,1.11,3,
"Saturday, Apr 5",TEX,Home,TBR,W,6.0,4.0,9.0,7-2,1.0,up 1.5,Garcia,Montgomery,Jackson,2:18,N,29058.0,1.11,4,
"Sunday, Apr 6",TEX,Home,TBR,W-wo,4.0,3.0,9.0,8-2,1.0,up 1.5,Webb,Uceta,,2:46,D,25614.0,1.14,5,
"Monday, Apr 7",TEX,@,CHC,L,0.0,7.0,9.0,8-3,1.0,up 1.0,Steele,Eovaldi,,2:13,N,27017.0,1.08,-1,
"Tuesday, Apr 8",TEX,@,CHC,L,6.0,10.0,9.0,8-4,1.0,Tied,Hodge,Martin,,2:43,N,27694.0,1.06,-2,
"Wednesday, Apr 9",TEX,@,CHC,W,6.0,2.0,9.0,9-4,1.0,up 1.0,Mahle,Imanaga,,2:16,D,23590.0,1.04,1,
"Friday, Apr 11",TEX,@,SEA,L,3.0,5.0,9.0,9-5,1.0,up 0.5,Vargas,Martin,Muñoz,2:33,N,28366.0,1.17,-1,
"Saturday, Apr 12",TEX,@,SEA,L,2.0,9.0,9.0,9-6,2.0,0.5,Woo,Rocker,,2:33,N,29943.0,1.19,-2,
"Sunday, Apr 13",TEX,@,SEA,L,1.0,3.0,9.0,9-7,2.0,0.5,Gilbert,Eovaldi,Muñoz,2:38,D,25100.0,1.19,-3,
"Tuesday, Apr 15",TEX,Home,LAA,W,4.0,0.0,9.0,10-7,1.0,up 0.5,Mahle,Kikuchi,,2:30,N,24501.0,1.17,1,
"Wednesday, Apr 16",TEX,Home,LAA,W,3.0,1.0,9.0,11-7,1.0,up 1.5,Corbin,Soriano,Jackson,2:26,N,20535.0,1.19,2,
"Thursday, Apr 17",TEX,Home,LAA,W,5.0,3.0,9.0,12-7,1.0,up 2.0,Rocker,Kochanowicz,Garcia,2:14,N,26279.0,1.24,3,
"Friday, Apr 18",TEX,Home,LAD,L,0.0,3.0,9.0,12-8,1.0,up 1.5,Yamamoto,deGrom,Scott,2:22,N,38623.0,1.15,-1,
"Saturday, Apr 19",TEX,Home,LAD,W-wo,4.0,3.0,9.0,13-8,1.0,up 2.0,Webb,Yates,,2:23,D,39244.0,1.1,1,
"Sunday, Apr 20",TEX,Home,LAD,L,0.0,1.0,9.0,13-9,1.0,up 1.0,Casparius,Martin,Scott,2:32,D,38110.0,1.1,-1,
"Tuesday, Apr 22",TEX,@,ATH,W,8.0,5.0,9.0,14-9,1.0,up 2.0,Corbin,Bido,Jackson,2:52,N,10059.0,1.18,1,
"Wednesday, Apr 23",TEX,@,ATH,L,2.0,5.0,9.0,14-10,1.0,up 1.0,Sears,Rocker,Miller,2:39,N,9806.0,1.22,-1,
"Thursday, Apr 24",TEX,@,ATH,L-wo,3.0,4.0,9.0,14-11,1.0,Tied,Holman,Jackson,,2:47,N,9008.0,1.2,-2,
"Friday, Apr 25",TEX,@,SFG,W,2.0,0.0,9.0,15-11,1.0,up 1.0,Eovaldi,Verlander,Jackson,2:40,N,40080.0,1.07,1,
"Saturday, Apr 26",TEX,@,SFG,L-wo,2.0,3.0,9.0,15-12,1.0,Tied,Walker,Webb,,2:38,D,40153.0,1.08,-1,
"Sunday, Apr 27",TEX,@,SFG,L-wo,2.0,3.0,9.0,15-13,2.0,1.0,Doval,Jackson,,2:37,D,40118.0,1.09,-2,
"Monday, Apr 28",TEX,Home,ATH,L,1.0,2.0,9.0,15-14,3.0,1.5,Sears,Corbin,Miller,2:48,N,19818.0,1.16,-3,
"Tuesday, Apr 29",TEX,Home,ATH,W,15.0,2.0,9.0,16-14,3.0,1.5,deGrom,Lopez,Dunning,2:43,N,24452.0,1.11,1,
"Wednesday, Apr 30",TEX,Home,ATH,L,1.0,7.0,9.0,16-15,3.0,2.5,Holman,Garcia,,2:51,N,19803.0,1.12,-1,
"Thursday, May 1",TEX,Home,ATH,L,0.0,3.0,9.0,16-16,4.0,3.0,Springs,Mahle,Miller,2:25,D,30808.0,1.12,-2,
"Friday, May 2",TEX,Home,SEA,L,1.0,13.0,9.0,16-17,4.0,4.0,Woo,Leiter,,2:43,N,29074.0,1.07,-3,
"Saturday, May 3",TEX,Home,SEA,L,1.0,2.0,9.0,16-18,4.0,5.0,Speier,Martin,Muñoz,2:36,N,26726.0,1.0,-4,
"Sunday, May 4",TEX,Home,SEA,W,8.0,1.0,9.0,17-18,4.0,4.0,deGrom,Evans,,2:18,D,27812.0,0.91,1,
"Tuesday, May 6",TEX,@,BOS,W,6.0,1.0,9.0,18-18,3.0,3.5,Eovaldi,Giolito,,2:46,N,29858.0,0.95,2,
"Wednesday, May 7",TEX,@,BOS,L,4.0,6.0,9.0,18-19,4.0,4.5,Bernardino,Webb,Chapman,2:44,N,31437.0,0.98,-1,
"Thursday, May 8",TEX,@,BOS,L,0.0,5.0,9.0,18-20,4.0,5.0,Slaten,Leiter,,2:37,D,27800.0,0.91,-2,
"Friday, May 9",TEX,@,DET,L,1.0,2.0,9.0,18-21,4.0,5.0,Skubal,Corbin,Vest,2:01,N,28407.0,0.85,-3,
"Saturday, May 10",TEX,@,DET,W,10.0,3.0,9.0,19-21,4.0,4.0,deGrom,Flaherty,,2:47,N,40844.0,0.78,1,
"Sunday, May 11",TEX,@,DET,W,6.0,1.0,9.0,20-21,4.0,3.0,Eovaldi,Olson,,2:41,D,36138.0,0.89,2,
"Monday, May 12",TEX,Home,COL,W,2.0,1.0,9.0,21-21,3.0,2.0,Mahle,Dollander,Webb,2:09,N,23123.0,0.92,3,
"Tuesday, May 13",TEX,Home,COL,W,4.0,1.0,9.0,22-21,3.0,2.0,Leiter,Freeland,Armstrong,2:28,N,19924.0,1.0,4,
"Wednesday, May 14",TEX,Home,COL,W,8.0,3.0,9.0,23-21,2.0,1.0,Corbin,Senzatela,,2:46,N,18679.0,0.99,5,
"Thursday, May 15",TEX,Home,HOU,W,1.0,0.0,9.0,24-21,2.0,0.5,deGrom,Brown,Armstrong,2:01,N,28108.0,1.17,6,
"Friday, May 16",TEX,Home,HOU,L,3.0,6.0,9.0,24-22,2.0,1.5,Ort,Armstrong,,3:00,N,33035.0,1.25,-1,
"Saturday, May 17",TEX,Home,HOU,W,5.0,1.0,9.0,25-22,2.0,1.5,Mahle,Blanco,,2:29,N,38465.0,1.16,1,
"Sunday, May 18",TEX,Home,HOU,L,3.0,4.0,9.0,25-23,2.0,2.5,Valdez,Garcia,Hader,2:45,D,34433.0,1.26,-1,
"Tuesday, May 20",TEX,@,NYY,L,2.0,5.0,9.0,25-24,3.0,3.0,Warren,Corbin,Weaver,2:47,N,40343.0,1.09,-2,
"Wednesday, May 21",TEX,@,NYY,L-wo,3.0,4.0,9.0,25-25,3.0,4.0,Weaver,Jackson,,2:56,N,40359.0,1.08,-3,
"Thursday, May 22",TEX,@,NYY,L,0.0,1.0,9.0,25-26,3.0,4.0,Rodón,Eovaldi,Weaver,2:27,D,43450.0,1.0,-4,
"Friday, May 23",TEX,@,CHW,L,1.0,4.0,9.0,25-27,4.0,5.0,Burke,Mahle,Wilson,2:32,N,17885.0,0.84,-5,
"Saturday, May 24",TEX,@,CHW,L,5.0,10.0,9.0,25-28,4.0,5.0,Vasil,Milner,,3:06,D,19240.0,0.81,-6,
"Sunday, May 25",TEX,@,CHW,W,5.0,4.0,9.0,26-28,3.0,4.0,Armstrong,Leasure,Garcia,2:36,D,20908.0,0.8,1,
"Monday, May 26",TEX,Home,TOR,L,1.0,2.0,9.0,26-29,3.0,4.5,Gausman,deGrom,Hoffman,2:18,D,33766.0,0.86,-1,
"Tuesday, May 27",TEX,Home,TOR,W,2.0,0.0,9.0,27-29,3.0,4.5,Jackson,Green,Garcia,2:38,N,25818.0,0.81,1,
"Wednesday, May 28",TEX,Home,TOR,L,0.0,2.0,9.0,27-30,3.0,4.5,Little,Webb,Hoffman,2:33,N,20811.0,0.86,-1,
"Friday, May 30",TEX,Home,STL,W,11.0,1.0,9.0,28-30,3.0,3.5,Leiter,Liberatore,Boushley,2:39,N,28679.0,0.75,1,
"Saturday, May 31",TEX,Home,STL,L,0.0,2.0,9.0,28-31,3.0,4.0,Gray,Corbin,Helsley,2:26,D,29062.0,0.81,-1,
"Sunday, Jun 1",TEX,Home,STL,W,8.0,1.0,9.0,29-31,3.0,4.0,deGrom,Fedde,,2:32,D,28138.0,0.75,1,
"Tuesday, Jun 3",TEX,@,TBR,L,1.0,5.0,9.0,29-32,3.0,4.5,Rasmussen,Mahle,,2:24,N,9131.0,0.81,-1,
"Wednesday, Jun 4",TEX,@,TBR,L,4.0,5.0,9.0,29-33,3.0,4.5,Baz,Rocker,Fairbanks,2:44,N,8994.0,0.75,-2,
"Thursday, Jun 5",TEX,@,TBR,L-wo,3.0,4.0,9.0,29-34,3.0,5.5,Sulser,Garcia,,2:46,N,10046.0,0.71,-3,
"Friday, Jun 6",TEX,@,WSN,L,0.0,2.0,9.0,29-35,4.0,6.5,Soroka,Corbin,Finnegan,1:50,N,27160.0,0.62,-4,
"Saturday, Jun 7",TEX,@,WSN,W,5.0,0.0,9.0,30-35,4.0,6.5,deGrom,Parker,,2:18,D,22670.0,0.54,1,
"Sunday, Jun 8",TEX,@,WSN,W,4.0,2.0,9.0,31-35,3.0,5.5,Webb,Williams,Garcia,2:41,D,24897.0,0.6,2,
"Tuesday, Jun 10",TEX,@,MIN,W,16.0,4.0,9.0,32-35,4.0,4.5,Mahle,Woods Richardson,,2:45,N,24765.0,0.73,3,
"Wednesday, Jun 11",TEX,@,MIN,L,2.0,6.0,9.0,32-36,4.0,5.5,Festa,Leiter,,2:33,N,18904.0,0.8,-1,
"Thursday, Jun 12",TEX,@,MIN,W,16.0,3.0,9.0,33-36,4.0,5.5,Corbin,Ober,,2:49,D,23995.0,0.73,1,
"Friday, Jun 13",TEX,Home,CHW,W,3.0,1.0,9.0,34-36,3.0,5.5,Webb,Houser,Garcia,2:31,N,31934.0,0.71,2,
"Saturday, Jun 14",TEX,Home,CHW,W-wo,5.0,4.0,11.0,35-36,3.0,5.5,Latz,Alexander,,3:40,D,38122.0,0.78,3,
"Sunday, Jun 15",TEX,Home,CHW,W,2.0,1.0,9.0,36-36,3.0,5.5,Rocker,Civale,Jackson,3:00,D,38037.0,0.82,4,
"Tuesday, Jun 17",TEX,Home,KCR,L,1.0,6.0,9.0,36-37,3.0,6.0,Lugo,Leiter,,2:23,N,34408.0,0.95,-1,
"Wednesday, Jun 18",TEX,Home,KCR,L,3.0,6.0,9.0,36-38,4.0,7.0,Bubic,Corbin,Estévez,2:44,N,26520.0,0.88,-2,
"Thursday, Jun 19",TEX,Home,KCR,L,1.0,4.0,9.0,36-39,4.0,7.0,Wacha,Armstrong,Estévez,2:21,D,37308.0,0.78,-3,
"Friday, Jun 20",TEX,@,PIT,W,6.0,2.0,9.0,37-39,3.0,7.0,deGrom,Burrows,,2:49,N,31327.0,0.71,1,
"Saturday, Jun 21",TEX,@,PIT,W,3.0,2.0,9.0,38-39,3.0,6.0,Rocker,Keller,Martin,2:34,D,23819.0,0.76,2,
"Sunday, Jun 22",TEX,@,PIT,L,3.0,8.0,9.0,38-40,3.0,7.0,Falter,Leiter,,2:51,D,20341.0,0.88,-1,
"Monday, Jun 23",TEX,@,BAL,L,0.0,6.0,9.0,38-41,4.0,7.5,Rogers,Corbin,,2:08,N,13929.0,0.79,-2,
"Tuesday, Jun 24",TEX,@,BAL,W,6.0,5.0,10.0,39-41,4.0,7.5,Jackson,Domínguez,Garcia,3:23,N,16909.0,0.74,1,
"Wednesday, Jun 25",TEX,@,BAL,W,7.0,0.0,9.0,40-41,4.0,7.5,deGrom,Young,,2:16,N,22828.0,0.8,2,
"Friday, Jun 27",TEX,Home,SEA,L,6.0,7.0,12.0,40-42,4.0,9.0,Bazardo,Armstrong,,3:36,N,30228.0,0.92,-1,
"Saturday, Jun 28",TEX,Home,SEA,W-wo,3.0,2.0,10.0,41-42,4.0,8.0,Armstrong,Muñoz,,2:50,D,35506.0,0.83,1,
"Sunday, Jun 29",TEX,Home,SEA,L,4.0,6.0,12.0,41-43,4.0,9.0,Thornton,Winn,,3:23,D,31126.0,0.93,-1,
"Monday, Jun 30",TEX,Home,BAL,L,6.0,10.0,11.0,41-44,4.0,9.5,Akin,Milner,,3:34,N,27420.0,0.74,-2,
"Tuesday, Jul 1",TEX,Home,BAL,W,10.0,2.0,9.0,42-44,4.0,9.5,deGrom,Young,Latz,2:42,N,30933.0,0.68,1,
"Wednesday, Jul 2",TEX,Home,BAL,W,6.0,0.0,9.0,43-44,3.0,9.5,Eovaldi,Sugano,Dunning,2:19,N,27636.0,0.74,2,
"Friday, Jul 4",TEX,@,SDP,L-wo,2.0,3.0,10.0,43-45,4.0,10.0,Morejón,Garcia,,3:08,D,45114.0,0.81,-1,
"Saturday, Jul 5",TEX,@,SDP,W,7.0,4.0,9.0,44-45,3.0,10.0,Corbin,Kolek,Armstrong,2:57,N,43297.0,0.72,1,
"Sunday, Jul 6",TEX,@,SDP,L,1.0,4.0,9.0,44-46,3.0,11.0,Hart,Leiter,Suarez,2:58,N,40711.0,0.79,-1,
"Monday, Jul 7",TEX,@,LAA,L-wo,5.0,6.0,9.0,44-47,4.0,11.0,Jansen,Martin,,2:54,N,24382.0,0.71,-2,
"Tuesday, Jul 8",TEX,@,LAA,W,13.0,1.0,9.0,45-47,3.0,10.0,Eovaldi,Soriano,,2:24,N,26368.0,0.64,1,
"Wednesday, Jul 9",TEX,@,LAA,L,8.0,11.0,9.0,45-48,4.0,10.0,Fermin,Jackson,Jansen,2:56,N,25462.0,0.75,-1,
"Thursday, Jul 10",TEX,@,LAA,W,11.0,4.0,9.0,46-48,3.0,9.5,Corbin,Kochanowicz,,2:38,N,27071.0,0.67,1,
"Friday, Jul 11",TEX,@,HOU,W,7.0,3.0,9.0,47-48,3.0,8.5,Leiter,McCullers,,3:07,N,40233.0,0.77,2,
"Saturday, Jul 12",TEX,@,HOU,L-wo,4.0,5.0,11.0,47-49,4.0,9.5,Sousa,Garcia,,3:14,N,39696.0,0.83,-1,
"Sunday, Jul 13",TEX,@,HOU,W,5.0,1.0,9.0,48-49,3.0,8.5,Eovaldi,Brown,,2:28,D,37939.0,0.77,1,
"Friday, Jul 18",TEX,Home,DET,W,2.0,0.0,9.0,49-49,3.0,7.5,Martin,Kahnle,Garcia,2:30,N,36068.0,0.79,2,
"Saturday, Jul 19",TEX,Home,DET,W,4.0,1.0,9.0,50-49,3.0,6.5,Rocker,Montero,,2:24,N,37045.0,0.92,3,
"Sunday, Jul 20",TEX,Home,DET,L,1.0,2.0,9.0,50-50,3.0,7.5,Holton,Martin,Vest,2:52,N,33209.0,1.0,-1,
"Monday, Jul 21",TEX,Home,ATH,W,7.0,2.0,9.0,51-50,3.0,7.5,Leiter,Lopez,,2:29,N,26430.0,0.82,1,
"Tuesday, Jul 22",TEX,Home,ATH,W,6.0,2.0,9.0,52-50,3.0,7.5,deGrom,Newcomb,,2:13,N,23032.0,0.91,2,
"Wednesday, Jul 23",TEX,Home,ATH,W,2.0,1.0,9.0,53-50,3.0,7.5,Gray,Perkins,Garcia,2:10,N,27719.0,0.96,3,
"Friday, Jul 25",TEX,Home,ATL,W,8.0,3.0,9.0,54-50,3.0,6.0,Eovaldi,Wentz,,2:58,N,34643.0,1.08,4,
"Saturday, Jul 26",TEX,Home,ATL,W-wo,6.0,5.0,10.0,55-50,3.0,5.0,Armstrong,De Los Santos,,2:55,N,38318.0,1.17,5,
"Sunday, Jul 27",TEX,Home,ATL,W,8.0,1.0,9.0,56-50,2.0,4.0,Leiter,Elder,,2:37,D,35914.0,1.3,6,
"Monday, Jul 28",TEX,@,LAA,L,4.0,6.0,9.0,56-51,3.0,4.0,Brogdon,deGrom,Jansen,2:43,N,24538.0,1.46,-1,
"Tuesday, Jul 29",TEX,@,LAA,L,5.0,8.0,9.0,56-52,3.0,5.0,Burke,Gray,Jansen,3:20,N,26390.0,1.43,-2,
"Wednesday, Jul 30",TEX,@,LAA,W,6.0,3.0,9.0,57-52,2.0,5.0,Eovaldi,Soriano,Garcia,2:42,N,27162.0,1.34,1,
"Thursday, Jul 31",TEX,@,SEA,L,0.0,6.0,9.0,57-53,3.0,5.5,Kirby,Rocker,,2:33,N,28293.0,1.52,-1,
"Friday, Aug 1",TEX,@,SEA,L-wo,3.0,4.0,9.0,57-54,3.0,5.5,Bazardo,Garcia,,2:43,N,40984.0,1.4,-2,
"Saturday, Aug 2",TEX,@,SEA,W,6.0,4.0,11.0,58-54,3.0,4.5,Curvelo,Legumina,,3:21,D,37226.0,1.38,1,
"Sunday, Aug 3",TEX,@,SEA,L,4.0,5.0,9.0,58-55,3.0,4.5,Evans,deGrom,Muñoz,2:21,D,29510.0,1.5,-1,
"Monday, Aug 4",TEX,Home,NYY,W-wo,8.0,5.0,10.0,59-55,3.0,4.5,Coulombe,Bird,,3:08,N,33320.0,1.33,1,
"Tuesday, Aug 5",TEX,Home,NYY,W,2.0,0.0,9.0,60-55,3.0,4.5,Eovaldi,Williams,Maton,2:28,N,35399.0,1.45,2,
"Wednesday, Aug 6",TEX,Home,NYY,L,2.0,3.0,9.0,60-56,3.0,4.5,Leiter,Garcia,Bednar,2:59,D,35565.0,1.5,-1,
"Friday, Aug 8",TEX,Home,PHI,L,1.0,9.0,9.0,60-57,3.0,5.5,Sánchez,Kelly,,3:07,N,27575.0,1.24,-2,
"Saturday, Aug 9",TEX,Home,PHI,L,2.0,3.0,9.0,60-58,3.0,5.5,Luzardo,deGrom,Duran,2:39,N,38471.0,1.03,-3,
"Sunday, Aug 10",TEX,Home,PHI,L,2.0,4.0,9.0,60-59,3.0,6.5,Wheeler,Corbin,Duran,2:30,D,32444.0,0.97,-4,
"Monday, Aug 11",TEX,Home,ARI,W-wo,7.0,6.0,10.0,61-59,3.0,6.5,Maton,Saalfrank,,2:58,N,25781.0,0.84,1,
"Tuesday, Aug 12",TEX,Home,ARI,L,2.0,3.0,9.0,61-60,3.0,6.5,Beeks,Coulombe,Morillo,2:50,N,18268.0,0.89,-1,
"Wednesday, Aug 13",TEX,Home,ARI,L,4.0,6.0,9.0,61-61,3.0,7.5,Curtiss,Maton,Saalfrank,2:51,D,26021.0,0.71,-2,
"Friday, Aug 15",TEX,@,TOR,L,5.0,6.0,9.0,61-62,3.0,7.5,Hoffman,Maton,,2:57,N,42260.0,0.67,-3,
"Saturday, Aug 16",TEX,@,TOR,L,2.0,14.0,9.0,61-63,3.0,8.5,Lauer,Corbin,,2:53,D,42686.0,0.53,-4,
"Sunday, Aug 17",TEX,@,TOR,W,10.0,4.0,9.0,62-63,3.0,7.5,Eovaldi,Berríos,Armstrong,2:57,D,42549.0,0.42,1,
"Monday, Aug 18",TEX,@,KCR,L,3.0,4.0,9.0,62-64,3.0,7.5,Wacha,Leiter,Estévez,2:36,N,12747.0,0.61,-1,
"Tuesday, Aug 19",TEX,@,KCR,L,2.0,5.0,9.0,62-65,3.0,7.5,Zerpa,Milner,Schreiber,2:17,N,14176.0,0.55,-2,
"Wednesday, Aug 20",TEX,@,KCR,W,6.0,3.0,9.0,63-65,3.0,6.5,Milner,Long,,3:06,N,14312.0,0.52,1,
"Thursday, Aug 21",TEX,@,KCR,L,4.0,6.0,9.0,63-66,3.0,7.5,Zerpa,Webb,Estévez,2:58,D,13527.0,0.61,-1,
"Friday, Aug 22",TEX,Home,CLE,W-wo,4.0,3.0,9.0,64-66,3.0,7.5,Garcia,Smith,,2:31,N,26729.0,0.44,1,
"Saturday, Aug 23",TEX,Home,CLE,W,10.0,0.0,9.0,65-66,3.0,7.5,Leiter,Allen,,2:11,N,37006.0,0.51,2,
"Sunday, Aug 24",TEX,Home,CLE,W,5.0,0.0,9.0,66-66,3.0,6.5,Kelly,Williams,,2:48,D,34577.0,0.68,3,
"Monday, Aug 25",TEX,Home,LAA,L,0.0,4.0,9.0,66-67,3.0,7.0,Soriano,deGrom,,2:42,N,22949.0,0.67,-1,
"Tuesday, Aug 26",TEX,Home,LAA,W,7.0,3.0,9.0,67-67,3.0,6.0,Corbin,Kikuchi,,2:29,N,28485.0,0.52,1,
"Wednesday, Aug 27",TEX,Home,LAA,W,20.0,3.0,9.0,68-67,3.0,6.0,Webb,Kochanowicz,,2:48,N,22353.0,0.6,2,
"Friday, Aug 29",TEX,@,ATH,W,5.0,2.0,9.0,69-67,3.0,6.5,Leiter,Springs,Armstrong,2:39,N,8413.0,0.57,3,
"Saturday, Aug 30",TEX,@,ATH,W,9.0,3.0,9.0,70-67,3.0,5.5,Kelly,Barnett,,2:42,N,8941.0,0.69,4,
"Sunday, Aug 31",TEX,@,ATH,W,9.0,6.0,9.0,71-67,3.0,4.5,deGrom,Ginn,,3:06,D,8716.0,0.9,5,
"Monday, Sep 1",TEX,@,ARI,W,7.0,5.0,10.0,72-67,3.0,4.5,Martin,Burgos,Armstrong,3:17,N,26489.0,1.06,6,
"Tuesday, Sep 2",TEX,@,ARI,L,3.0,5.0,9.0,72-68,3.0,4.5,Beeks,Milner,Rashi,2:27,N,22046.0,1.24,-1,
"Wednesday, Sep 3",TEX,@,ARI,L,0.0,2.0,9.0,72-69,3.0,5.5,Gallen,Leiter,Woodford,2:30,D,14921.0,1.18,-2,
"Friday, Sep 5",TEX,Home,HOU,W-wo,4.0,3.0,12.0,73-69,3.0,4.0,Garcia,McCullers,,3:37,N,31662.0,1.31,1,
"Saturday, Sep 6",TEX,Home,HOU,L,0.0,11.0,9.0,73-70,3.0,5.0,Brown,deGrom,,3:17,N,38332.0,1.65,-1,
"Sunday, Sep 7",TEX,Home,HOU,W,4.0,2.0,9.0,74-70,3.0,4.0,Maton,Valdez,Armstrong,2:23,D,35449.0,1.23,1,
"Monday, Sep 8",TEX,Home,MIL,W,5.0,0.0,9.0,75-70,3.0,3.5,Latz,Quintana,,2:20,N,20791.0,1.19,2,
"Tuesday, Sep 9",TEX,Home,MIL,W,5.0,4.0,9.0,76-70,3.0,2.5,Milner,Ashby,Armstrong,2:43,N,24581.0,1.28,3,
"Wednesday, Sep 10",TEX,Home,MIL,W,6.0,3.0,9.0,77-70,3.0,2.5,Kelly,Peralta,Maton,2:46,D,24682.0,1.43,4,
"Friday, Sep 12",TEX,@,NYM,W,8.0,3.0,9.0,78-70,3.0,2.0,deGrom,Tong,,2:36,N,41040.0,1.5,5,
"Saturday, Sep 13",TEX,@,NYM,W,3.0,2.0,9.0,79-70,3.0,2.0,Maton,Díaz,Armstrong,2:55,D,41752.0,1.65,6,
"Sunday, Sep 14",TEX,@,NYM,L-wo,2.0,5.0,10.0,79-71,3.0,3.0,Stanek,Curvelo,,3:01,D,40024.0,1.82,-1,
"Monday, Sep 15",TEX,@,HOU,L,3.0,6.0,9.0,79-72,3.0,3.5,Okert,Leiter,Abreu,2:25,N,30484.0,2.15,-2,
"Tuesday, Sep 16",TEX,@,HOU,L,5.0,6.0,9.0,79-73,3.0,4.5,Gordon,Kelly,Abreu,3:03,N,35026.0,1.69,-3,
"Wednesday, Sep 17",TEX,@,HOU,L,2.0,5.0,9.0,79-74,3.0,5.0,Javier,deGrom,King,2:32,N,33084.0,0.91,-4,
"Friday, Sep 19",TEX,Home,MIA,L,4.0,6.0,12.0,79-75,3.0,6.0,Soriano,Corbin,,3:41,N,26374.0,0.39,-5,
"Saturday, Sep 20",TEX,Home,MIA,L,3.0,4.0,9.0,79-76,3.0,7.0,Gibson,Leiter,Faucher,2:52,N,36054.0,0.13,-6,
"Sunday, Sep 21",TEX,Home,MIA,L,2.0,4.0,9.0,79-77,3.0,8.0,Bachar,Kelly,Soriano,2:52,D,27331.0,0.03,-7,
"Tuesday, Sep 23",TEX,Home,MIN,L,1.0,4.0,9.0,79-78,3.0,9.0,Matthews,Corbin,Sands,3:02,N,24674.0,0.02,-8,
"Wednesday, Sep 24",TEX,Home,MIN,W,4.0,2.0,9.0,80-78,3.0,9.0,Garcia,Adams,Maton,2:14,N,24622.0,0.0,1,
"Thursday, Sep 25",TEX,Home,MIN,L,0.0,4.0,9.0,80-79,3.0,10.0,Ober,Mahle,,2:29,D,23298.0,0.0,-1,
"Friday, Sep 26",TEX,@,CLE,W,7.0,3.0,9.0,81-79,3.0,9.0,Leiter,Cecconi,,2:44,N,36275.0,0.0,1,
"Saturday, Sep 27",TEX,@,CLE,L-wo,2.0,3.0,9.0,81-80,3.0,9.0,Smith,Garcia,,2:41,N,36000.0,0.0,-1,
"Sunday, Sep 28",TEX,@,CLE,L-wo,8.0,9.0,10.0,81-81,3.0,9.0,Clase,Milner,,3:45,N,36000.0,0.0,-2,
