pitcher,player_name,game_date,Pitches_thrown,Avg_Velo,Max_Velo,Avg_Spin,EV_allowed,Barrel_allowed,Hard_Hit_allowed,Total_BIP,xBA_against,xwOBA_against,Whiff,Swing,K,BB,Outs,V_Break,H_Break,Release_Extension,IP_float,Whiff_pct,Hard_Hit_allowed_pct
455119,Chris Martin,2025-03-27,16,90.912,95.1,1970.06,97.28,0,3,5,0.367,0.224,4,10,2,0,4,2.08,0.44,6.61,1.33,40.0,60.0
455119,Chris Martin,2025-03-29,13,93.262,95.5,2242.0,101.15,0,2,2,0.218,0.139,6,8,2,0,3,1.74,0.5,6.64,1.0,75.0,100.0
455119,Chris Martin,2025-03-30,16,92.394,94.9,2119.19,76.638,0,2,8,0.72,0.349,2,10,2,0,3,1.78,0.65,6.61,1.0,20.0,25.0
455119,Chris Martin,2025-04-02,10,90.25,93.7,1964.9,86.3,0,1,3,0.332,0.214,1,5,1,0,2,2.18,-0.06,6.54,0.67,20.0,33.3
455119,Chris Martin,2025-04-04,11,91.555,94.5,2045.82,70.875,0,0,4,0.574,0.355,2,6,1,0,2,1.94,0.64,6.55,0.67,33.3,0.0
455119,Chris Martin,2025-04-05,9,91.844,94.4,2168.67,76.825,0,0,4,0.114,0.069,1,5,1,0,3,1.86,0.21,6.54,1.0,20.0,0.0
455119,Chris Martin,2025-04-08,21,91.571,95.3,1998.1,90.95,1,4,8,0.462,0.381,1,10,2,0,2,1.99,0.3,6.67,0.67,10.0,50.0
455119,Chris Martin,2025-04-11,12,89.292,93.7,1898.58,78.367,1,1,6,0.471,0.548,1,8,1,0,4,2.3,0.35,6.54,1.33,12.5,16.7
455119,Chris Martin,2025-04-15,8,91.75,94.8,2113.0,78.95,1,1,6,0.403,0.726,0,6,0,0,1,1.81,0.54,6.52,0.33,0.0,16.7
455119,Chris Martin,2025-04-17,16,93.55,96.5,2193.38,90.0,0,1,4,0.678,0.238,2,8,2,0,3,1.73,0.39,6.57,1.0,25.0,25.0
455119,Chris Martin,2025-04-20,11,92.655,96.9,2104.27,88.46,0,1,5,0.338,0.355,0,5,0,1,3,1.78,0.55,6.65,1.0,0.0,20.0
455119,Chris Martin,2025-04-24,19,92.705,95.1,2178.47,84.64,0,0,5,0.166,0.108,1,7,1,0,3,1.85,0.44,6.57,1.0,14.3,0.0
455119,Chris Martin,2025-04-25,17,93.612,95.8,2196.76,83.467,0,1,6,0.276,0.163,0,6,2,0,4,1.62,0.44,6.53,1.33,0.0,16.7
455119,Chris Martin,2025-04-27,10,93.26,96.1,2220.4,82.78,0,0,5,0.108,0.05,2,7,1,0,2,1.67,0.2,6.61,0.67,28.6,0.0
455119,Chris Martin,2025-04-30,17,91.188,96.8,2371.12,84.45,0,1,8,0.276,0.263,1,9,0,0,3,2.07,0.06,6.46,1.0,11.1,12.5
455119,Chris Martin,2025-05-03,30,91.173,95.1,2031.17,81.814,1,3,14,0.404,0.401,0,17,0,0,3,2.22,0.2,6.58,1.0,0.0,21.4
455119,Chris Martin,2025-05-06,12,93.267,95.8,2209.67,78.74,0,0,5,0.437,0.212,2,7,2,0,3,1.7,0.48,6.47,1.0,28.6,0.0
455119,Chris Martin,2025-05-11,13,92.692,96.2,2173.92,82.95,0,1,4,0.106,0.032,1,5,2,0,3,1.8,0.49,6.41,1.0,20.0,25.0
455119,Chris Martin,2025-05-12,7,90.157,94.9,2182.86,86.533,0,0,3,0.295,0.205,0,3,1,0,3,2.28,0.01,6.51,1.0,0.0,0.0
455119,Chris Martin,2025-05-13,1,91.5,91.5,2263.0,107.8,0,1,1,0.656,0.597,0,1,0,0,0,2.12,0.13,6.3,0.0,0.0,100.0
455119,Chris Martin,2025-05-17,7,92.914,94.8,2209.29,78.4,0,0,3,0.126,0.119,1,4,0,0,3,1.76,0.59,6.37,1.0,25.0,0.0
455119,Chris Martin,2025-05-18,1,91.8,91.8,2285.0,,0,0,0,,,0,0,0,0,0,1.96,-0.21,6.2,0.0,0.0,0.0
455119,Chris Martin,2025-06-07,13,92.277,95.4,2145.85,100.1,1,2,3,0.613,0.574,1,5,1,0,3,1.91,0.18,6.62,1.0,20.0,66.7
455119,Chris Martin,2025-06-12,10,92.6,95.0,2233.0,83.6,0,1,4,0.362,0.261,1,5,1,0,3,1.66,0.34,6.65,1.0,20.0,25.0
455119,Chris Martin,2025-06-13,6,91.3,94.9,1949.33,80.7,0,1,2,0.202,0.175,1,3,1,0,2,2.06,0.8,6.67,0.67,33.3,50.0
455119,Chris Martin,2025-06-20,11,92.809,95.1,2166.73,80.4,0,2,7,0.304,0.281,0,7,0,0,3,1.79,0.49,6.56,1.0,0.0,28.6
455119,Chris Martin,2025-06-21,12,93.25,95.5,2240.42,89.15,1,1,2,0.601,0.4,5,7,2,0,3,1.8,0.16,6.56,1.0,71.4,50.0
455119,Chris Martin,2025-06-24,13,93.238,95.9,2118.92,88.417,2,3,6,0.503,1.0,0,6,0,0,0,1.91,0.49,6.56,0.0,0.0,50.0
455119,Chris Martin,2025-06-27,8,90.338,94.0,,89.517,1,3,6,0.495,0.592,0,6,0,0,2,2.34,0.58,6.59,0.67,0.0,50.0
455119,Chris Martin,2025-06-28,6,91.0,94.2,1973.83,85.567,0,0,3,0.068,0.047,1,5,1,0,2,2.22,0.48,6.38,0.67,20.0,0.0
455119,Chris Martin,2025-06-30,11,92.482,95.4,2107.64,82.886,0,0,7,0.218,0.198,1,9,0,0,3,1.83,0.57,6.61,1.0,11.1,0.0
455119,Chris Martin,2025-07-04,17,91.959,94.6,2085.12,88.725,0,1,4,0.354,0.344,3,7,1,1,3,1.85,0.51,6.56,1.0,42.9,25.0
455119,Chris Martin,2025-07-05,11,94.009,95.9,2144.73,75.2,0,0,2,0.273,0.126,1,3,1,0,2,1.66,0.65,6.55,0.67,33.3,0.0
455119,Chris Martin,2025-07-07,23,92.283,96.3,2024.35,85.222,0,3,9,0.379,0.32,1,12,1,0,4,2.01,0.58,6.65,1.33,8.3,33.3
455119,Chris Martin,2025-07-09,9,93.622,95.6,2211.0,87.95,0,2,4,0.547,0.593,0,4,0,0,2,1.79,0.55,6.54,0.67,0.0,50.0
455119,Chris Martin,2025-07-11,17,92.841,96.4,2116.59,76.675,0,0,8,0.578,0.273,4,12,2,0,3,1.89,0.46,6.47,1.0,33.3,0.0
455119,Chris Martin,2025-07-12,12,93.3,95.6,2227.33,83.08,0,1,5,0.274,0.249,1,6,0,0,3,1.78,0.39,6.52,1.0,16.7,20.0
455119,Chris Martin,2025-07-18,14,92.671,95.6,2165.14,79.42,0,0,5,0.182,0.286,1,7,1,1,2,1.76,0.45,6.49,0.67,14.3,0.0
455119,Chris Martin,2025-07-20,23,93.691,96.9,2190.91,74.843,0,1,7,0.315,0.228,1,9,1,0,2,1.78,0.41,6.57,0.67,11.1,14.3
455119,Chris Martin,2025-09-01,12,92.733,95.1,2143.58,77.4,0,0,4,0.475,0.299,2,6,1,0,2,1.92,0.46,6.62,0.67,33.3,0.0
455119,Chris Martin,2025-09-03,3,94.1,95.4,2291.33,71.8,0,0,2,0.319,0.287,0,2,0,0,1,1.45,0.56,6.57,0.33,0.0,0.0
455119,Chris Martin,2025-09-05,21,92.471,95.5,2193.67,80.011,1,2,9,0.269,0.308,3,13,1,0,2,2.0,0.45,6.61,0.67,23.1,22.2
455119,Chris Martin,2025-09-08,23,90.778,95.0,2090.3,83.346,0,4,13,0.338,0.206,3,16,1,0,3,2.13,0.17,6.46,1.0,18.8,30.8
455119,Chris Martin,2025-09-13,22,91.504,96.1,2042.61,89.633,0,3,9,0.125,0.093,2,11,1,0,4,2.1,0.46,6.65,1.33,18.2,33.3
455119,Chris Martin,2025-09-16,7,90.014,93.7,2362.0,87.967,0,1,3,0.19,0.365,0,3,0,0,2,2.31,-0.11,6.31,0.67,0.0,33.3
455119,Chris Martin,2025-09-19,12,92.283,95.3,2014.08,84.85,0,1,2,0.504,0.295,2,5,1,0,2,1.92,0.74,6.5,0.67,40.0,50.0
455119,Chris Martin,2025-09-20,1,91.4,91.4,2178.0,92.0,0,0,1,0.008,0.013,0,1,0,0,1,1.92,0.19,6.4,0.33,0.0,0.0
455119,Chris Martin,2025-09-23,20,90.435,94.5,2011.35,82.1,0,1,7,0.015,0.235,2,12,1,1,2,2.16,0.41,6.5,0.67,16.7,14.3
455119,Chris Martin,2025-09-25,24,91.0,95.0,2150.42,82.1,1,2,14,0.471,0.523,3,17,1,0,2,2.12,0.62,6.54,0.67,17.6,14.3
518876,Merrill Kelly,2025-08-02,69,88.612,93.6,2309.3,85.261,1,7,23,0.271,0.225,14,40,6,0,17,2.6,0.82,5.99,5.67,35.0,30.4
518876,Merrill Kelly,2025-08-08,94,88.782,93.8,2285.95,79.426,3,9,34,0.418,0.521,6,40,4,5,12,2.6,0.73,5.93,4.0,15.0,26.5
518876,Merrill Kelly,2025-08-13,99,88.829,93.5,2333.7,81.333,1,10,36,0.318,0.281,10,48,5,1,17,2.49,0.59,6.09,5.67,20.8,27.8
518876,Merrill Kelly,2025-08-19,71,88.33,93.6,2344.77,88.604,3,9,25,0.186,0.232,5,34,3,0,18,2.46,0.6,6.16,6.0,14.7,36.0
518876,Merrill Kelly,2025-08-24,96,88.19,93.2,2318.66,84.703,2,10,32,0.396,0.348,9,44,8,2,20,2.52,0.71,6.02,6.67,20.5,31.2
518876,Merrill Kelly,2025-08-30,79,87.7,92.4,2320.71,82.514,4,9,37,0.322,0.404,7,45,2,0,19,2.62,0.54,5.97,6.33,15.6,24.3
518876,Merrill Kelly,2025-09-05,94,89.618,94.1,2294.36,81.441,0,8,39,0.277,0.216,11,52,7,1,21,2.46,0.7,6.07,7.0,21.2,20.5
518876,Merrill Kelly,2025-09-10,93,88.683,94.5,2340.96,84.341,3,12,34,0.397,0.384,7,44,6,0,17,2.55,0.71,5.93,5.67,15.9,35.3
518876,Merrill Kelly,2025-09-16,56,88.434,93.8,2376.79,82.1,0,7,25,0.37,0.342,6,31,1,1,9,2.59,0.48,5.91,3.0,19.4,28.0
518876,Merrill Kelly,2025-09-21,73,89.255,93.7,2348.36,80.934,1,7,32,0.312,0.267,6,39,4,0,13,2.39,0.77,5.97,4.33,15.4,21.9
542888,Shawn Armstrong,2025-03-27,5,90.08,94.2,2467.0,78.85,0,0,2,0.985,0.458,1,3,1,0,2,1.87,0.08,6.74,0.67,33.3,0.0
542888,Shawn Armstrong,2025-03-28,14,92.279,95.5,2318.36,79.2,0,0,4,0.236,0.107,3,7,2,0,3,1.64,0.48,6.87,1.0,42.9,0.0
542888,Shawn Armstrong,2025-03-30,28,89.771,93.8,2372.5,76.45,0,0,10,0.284,0.291,1,13,1,1,3,1.83,0.01,6.79,1.0,7.7,0.0
542888,Shawn Armstrong,2025-04-04,27,91.089,94.6,2422.11,82.318,0,3,11,0.579,0.405,1,12,2,0,4,1.72,0.19,6.74,1.33,8.3,27.3
542888,Shawn Armstrong,2025-04-08,15,91.327,93.0,2344.2,82.65,0,1,2,0.494,0.467,2,4,1,1,2,1.56,0.23,6.75,0.67,50.0,50.0
542888,Shawn Armstrong,2025-04-12,16,91.788,93.8,2294.69,90.12,0,2,5,0.448,0.224,1,7,2,0,3,1.52,0.46,6.41,1.0,14.3,40.0
542888,Shawn Armstrong,2025-04-16,29,91.572,95.1,2284.72,78.086,0,2,7,0.342,0.317,2,9,2,0,4,1.71,0.23,6.89,1.33,22.2,28.6
542888,Shawn Armstrong,2025-04-18,19,92.589,95.1,2343.84,79.433,0,0,9,0.488,0.419,2,11,0,1,2,1.69,0.22,6.92,0.67,18.2,0.0
542888,Shawn Armstrong,2025-04-22,11,90.3,95.0,2379.64,88.3,0,0,1,0.385,0.36,1,2,1,1,2,1.95,-0.01,6.63,0.67,50.0,0.0
542888,Shawn Armstrong,2025-04-26,23,90.626,95.5,2328.3,93.975,0,2,4,0.323,0.203,2,6,2,0,5,1.91,0.04,6.64,1.67,33.3,50.0
542888,Shawn Armstrong,2025-04-28,34,91.021,95.4,2322.79,86.464,0,2,11,0.207,0.328,2,13,1,2,5,1.8,0.26,6.82,1.67,15.4,18.2
542888,Shawn Armstrong,2025-04-30,7,93.243,95.2,2404.0,81.45,1,1,2,0.491,0.628,1,4,1,0,2,1.66,0.57,6.71,0.67,25.0,50.0
542888,Shawn Armstrong,2025-05-01,24,90.571,94.4,2265.17,81.457,0,1,7,0.114,0.303,1,8,0,2,3,1.97,0.19,6.82,1.0,12.5,14.3
542888,Shawn Armstrong,2025-05-06,14,91.071,94.0,2266.14,81.45,0,0,4,0.291,0.211,3,7,1,0,4,1.68,0.33,6.7,1.33,42.9,0.0
542888,Shawn Armstrong,2025-05-10,13,92.038,94.5,2331.54,85.583,0,3,6,0.431,0.426,0,8,0,0,4,1.69,0.15,6.65,1.33,0.0,50.0
542888,Shawn Armstrong,2025-05-13,17,92.312,95.2,2299.82,70.475,0,0,4,,0.0,0,5,3,0,3,1.73,0.26,6.84,1.0,0.0,0.0
542888,Shawn Armstrong,2025-05-15,13,91.523,94.9,2408.38,83.96,0,1,5,0.02,0.193,2,7,0,1,3,1.62,-0.11,6.83,1.0,28.6,20.0
542888,Shawn Armstrong,2025-05-16,18,90.622,94.4,2345.22,83.625,1,2,4,0.477,0.745,0,4,0,2,0,1.86,0.19,6.94,0.0,0.0,50.0
542888,Shawn Armstrong,2025-05-22,11,92.409,94.3,2312.0,85.775,1,1,4,0.222,0.246,2,6,1,0,3,1.47,0.49,6.85,1.0,33.3,25.0
542888,Shawn Armstrong,2025-05-25,20,89.555,94.8,2457.8,76.82,0,0,5,0.033,0.01,5,10,3,0,4,1.94,0.01,6.7,1.33,50.0,0.0
542888,Shawn Armstrong,2025-05-27,25,91.8,94.7,2316.0,82.133,1,2,9,0.214,0.442,1,10,0,2,5,1.75,0.51,6.79,1.67,10.0,22.2
542888,Shawn Armstrong,2025-05-30,3,92.967,93.9,2339.0,87.1,0,0,1,0.013,0.014,0,1,0,0,1,1.64,0.71,6.93,0.33,0.0,0.0
542888,Shawn Armstrong,2025-06-01,10,90.66,94.0,2465.2,85.64,0,2,5,0.278,0.254,1,7,0,0,2,1.85,-0.09,6.82,0.67,14.3,40.0
542888,Shawn Armstrong,2025-06-04,16,90.962,95.4,2334.25,78.7,0,0,4,0.856,0.268,4,11,2,0,3,1.81,-0.29,6.68,1.0,36.4,0.0
542888,Shawn Armstrong,2025-06-05,5,88.62,94.0,2365.4,71.5,0,0,3,,0.0,1,4,1,0,1,1.87,-0.51,6.68,0.33,25.0,0.0
542888,Shawn Armstrong,2025-06-08,11,91.809,96.1,2290.45,88.633,0,1,3,0.057,0.036,3,6,1,0,2,1.93,0.07,6.85,0.67,50.0,33.3
542888,Shawn Armstrong,2025-06-10,19,92.142,95.8,2385.11,83.114,0,1,7,0.255,0.192,1,9,1,0,4,1.74,0.13,6.75,1.33,11.1,14.3
542888,Shawn Armstrong,2025-06-13,32,90.581,96.2,2414.75,84.65,0,1,6,0.201,0.118,5,12,5,0,9,1.88,0.06,6.78,3.0,41.7,16.7
542888,Shawn Armstrong,2025-06-18,12,90.375,96.2,2488.42,91.8,0,1,2,0.016,0.011,2,4,1,0,3,1.8,-0.13,6.78,1.0,50.0,50.0
542888,Shawn Armstrong,2025-06-19,25,91.336,94.3,2402.24,80.662,1,1,8,0.24,0.411,0,9,1,1,3,1.78,0.15,6.7,1.0,0.0,12.5
542888,Shawn Armstrong,2025-06-21,10,91.93,95.7,2366.3,84.467,0,0,3,0.022,0.198,2,5,0,0,3,1.81,0.23,6.67,1.0,40.0,0.0
542888,Shawn Armstrong,2025-06-27,12,89.358,94.4,,84.05,0,1,6,0.327,0.311,0,6,0,0,3,2.1,-0.27,6.69,1.0,0.0,16.7
542888,Shawn Armstrong,2025-06-28,13,88.362,93.6,2479.08,82.767,0,0,3,0.028,0.01,2,6,2,0,3,2.07,-0.35,6.51,1.0,33.3,0.0
542888,Shawn Armstrong,2025-06-30,17,91.006,94.8,2409.06,91.15,1,1,4,0.381,0.537,0,6,1,0,3,1.84,0.01,6.76,1.0,0.0,25.0
542888,Shawn Armstrong,2025-07-04,11,93.327,96.4,2321.91,76.3,0,0,2,0.076,0.048,2,4,1,0,3,1.56,0.26,6.69,1.0,50.0,0.0
542888,Shawn Armstrong,2025-07-05,3,90.467,94.0,2435.33,61.1,0,0,1,0.052,0.052,1,2,0,0,1,1.76,-0.06,6.67,0.33,50.0,0.0
542888,Shawn Armstrong,2025-07-07,14,90.571,94.8,2298.36,89.783,2,3,6,0.625,0.731,1,7,0,0,2,1.95,-0.13,6.73,0.67,14.3,50.0
542888,Shawn Armstrong,2025-07-09,15,91.113,95.0,2264.33,81.733,0,0,6,0.065,0.07,1,8,0,0,5,1.84,0.2,6.68,1.67,12.5,0.0
542888,Shawn Armstrong,2025-07-11,8,89.612,94.7,2535.5,54.35,0,0,2,0.134,0.06,3,5,1,0,2,1.73,-0.13,6.7,0.67,60.0,0.0
542888,Shawn Armstrong,2025-07-13,21,91.005,96.1,2479.48,77.167,0,2,9,0.251,0.253,2,11,1,0,4,1.82,-0.02,6.63,1.33,18.2,22.2
542888,Shawn Armstrong,2025-07-18,17,90.476,94.9,2542.71,80.0,0,1,4,0.139,0.287,3,8,0,1,3,1.79,-0.17,6.74,1.0,37.5,25.0
542888,Shawn Armstrong,2025-07-21,7,90.286,94.3,2300.14,79.38,0,0,5,0.064,0.046,1,6,1,0,3,1.99,0.16,6.7,1.0,16.7,0.0
542888,Shawn Armstrong,2025-07-22,17,89.906,94.7,2398.59,74.25,0,0,4,0.856,0.198,3,7,3,0,3,1.95,-0.14,6.76,1.0,42.9,0.0
542888,Shawn Armstrong,2025-07-25,2,91.8,93.7,2666.0,93.5,0,0,1,0.035,0.056,0,1,0,0,1,1.64,-0.04,6.55,0.33,0.0,0.0
542888,Shawn Armstrong,2025-07-26,35,91.374,95.0,2421.86,78.453,1,3,17,0.307,0.289,3,22,2,0,6,1.76,0.15,6.65,2.0,13.6,17.6
542888,Shawn Armstrong,2025-07-29,16,91.056,94.4,2366.31,90.267,0,1,3,,0.421,2,6,1,0,2,1.71,0.43,6.74,0.67,33.3,33.3
542888,Shawn Armstrong,2025-07-30,16,88.694,93.9,2373.94,76.529,0,1,7,0.128,0.084,1,10,1,0,2,2.12,-0.43,6.71,0.67,10.0,14.3
542888,Shawn Armstrong,2025-08-02,6,89.617,94.8,2554.67,,0,0,0,,0.0,1,3,1,0,1,1.72,-0.18,6.62,0.33,33.3,0.0
542888,Shawn Armstrong,2025-08-06,16,90.131,95.1,2444.38,81.65,0,2,6,0.416,0.628,1,7,0,1,1,1.94,-0.02,6.71,0.33,14.3,33.3
542888,Shawn Armstrong,2025-08-09,22,91.836,94.5,2323.82,81.88,0,0,5,0.415,0.305,1,7,2,0,4,1.8,0.34,6.58,1.33,14.3,0.0
542888,Shawn Armstrong,2025-08-11,13,92.354,94.4,2393.08,79.175,0,0,4,0.228,0.114,1,5,2,0,3,1.58,0.09,6.59,1.0,20.0,0.0
542888,Shawn Armstrong,2025-08-12,11,88.455,94.4,2480.45,87.95,1,1,2,0.403,0.242,2,4,2,0,3,2.11,-0.25,6.66,1.0,50.0,50.0
542888,Shawn Armstrong,2025-08-15,4,91.725,94.0,2444.25,89.85,0,1,2,0.276,0.261,0,2,0,0,2,1.99,0.51,6.68,0.67,0.0,50.0
542888,Shawn Armstrong,2025-08-17,16,91.194,93.6,2405.88,83.2,0,1,5,0.19,0.14,3,8,1,0,4,1.52,0.3,6.65,1.33,37.5,20.0
542888,Shawn Armstrong,2025-08-20,31,90.532,95.8,2378.16,70.14,0,0,10,0.577,0.324,3,15,3,1,4,1.91,-0.03,6.65,1.33,20.0,0.0
542888,Shawn Armstrong,2025-08-27,14,90.486,94.6,2422.5,77.167,0,0,3,0.172,0.172,3,6,0,0,3,1.89,0.22,6.6,1.0,50.0,0.0
542888,Shawn Armstrong,2025-08-29,18,91.6,95.2,2570.17,79.075,0,1,8,0.099,0.209,1,9,0,1,5,1.7,-0.11,6.61,1.67,11.1,12.5
542888,Shawn Armstrong,2025-08-31,12,91.5,95.5,2477.25,86.314,0,2,7,0.44,0.424,1,8,0,0,2,1.72,0.12,6.69,0.67,12.5,28.6
542888,Shawn Armstrong,2025-09-01,16,91.169,94.7,2382.94,76.56,0,0,5,0.238,0.073,3,8,2,0,3,1.84,-0.19,6.68,1.0,37.5,0.0
542888,Shawn Armstrong,2025-09-05,12,90.225,95.6,2434.92,80.583,0,1,6,0.038,0.04,0,6,0,0,4,1.99,-0.22,6.85,1.33,0.0,16.7
542888,Shawn Armstrong,2025-09-07,13,90.508,95.0,2455.0,80.929,0,1,7,0.207,0.148,3,10,1,0,4,1.85,0.03,6.76,1.33,30.0,14.3
542888,Shawn Armstrong,2025-09-09,16,90.994,94.8,2499.12,91.467,1,4,9,0.486,0.709,1,11,0,0,3,1.63,0.1,6.57,1.0,9.1,44.4
542888,Shawn Armstrong,2025-09-10,19,91.432,95.0,2416.26,85.325,0,0,4,0.325,0.247,3,8,2,1,3,1.77,0.32,6.6,1.0,37.5,0.0
542888,Shawn Armstrong,2025-09-13,15,92.107,95.6,2328.67,78.967,1,1,6,0.459,0.223,1,8,2,0,2,1.68,0.14,6.7,0.67,12.5,16.7
542888,Shawn Armstrong,2025-09-14,16,91.425,95.3,2355.88,95.5,0,1,3,0.262,0.12,1,7,2,0,3,1.68,0.13,6.76,1.0,14.3,33.3
542888,Shawn Armstrong,2025-09-17,19,92.305,95.8,2469.11,88.22,0,2,5,0.568,0.322,4,9,2,0,5,1.68,0.33,6.56,1.67,44.4,40.0
542888,Shawn Armstrong,2025-09-19,11,92.145,95.0,2408.45,81.833,0,1,6,0.05,0.052,1,7,0,0,3,1.74,0.44,6.65,1.0,14.3,16.7
542888,Shawn Armstrong,2025-09-21,14,91.479,94.2,2416.5,88.2,0,1,5,0.46,0.302,1,6,1,0,2,1.77,0.36,6.62,0.67,16.7,20.0
542888,Shawn Armstrong,2025-09-24,15,91.04,93.2,2460.67,90.08,1,2,5,0.336,0.34,4,9,1,0,3,1.63,0.23,6.54,1.0,44.4,40.0
542888,Shawn Armstrong,2025-09-26,13,91.877,95.1,2393.85,85.675,0,0,4,0.094,0.088,0,4,0,0,3,1.68,0.19,6.78,1.0,0.0,0.0
542888,Shawn Armstrong,2025-09-27,26,90.296,95.2,2412.65,81.81,0,2,10,0.29,0.382,0,11,0,1,3,1.95,-0.21,6.6,1.0,0.0,20.0
543056,Danny Coulombe,2025-08-01,14,84.857,90.7,2673.07,93.75,0,1,2,0.107,0.032,4,7,2,0,3,3.2,-0.65,5.77,1.0,57.1,50.0
543056,Danny Coulombe,2025-08-02,23,87.791,91.5,2518.52,73.76,0,0,5,0.635,0.399,2,8,2,2,3,2.28,-0.19,5.79,1.0,25.0,0.0
543056,Danny Coulombe,2025-08-04,14,86.371,91.2,2554.93,82.4,0,1,2,0.125,0.307,2,5,0,1,2,2.64,-0.23,5.84,0.67,40.0,50.0
543056,Danny Coulombe,2025-08-09,22,86.695,90.9,2402.95,80.614,0,1,7,0.224,0.276,3,12,1,1,2,2.48,0.01,5.72,0.67,25.0,14.3
543056,Danny Coulombe,2025-08-11,10,84.77,90.8,2548.4,57.5,0,0,5,0.164,0.101,1,6,1,0,3,3.01,-0.44,5.78,1.0,16.7,0.0
543056,Danny Coulombe,2025-08-12,16,84.569,91.0,2508.81,79.62,1,1,5,0.541,0.52,1,6,2,0,3,2.88,-0.39,5.7,1.0,16.7,20.0
543056,Danny Coulombe,2025-08-15,17,88.318,91.4,2424.41,81.08,0,3,10,0.69,0.693,0,10,0,0,0,2.22,0.07,6.03,0.0,0.0,30.0
543056,Danny Coulombe,2025-08-19,7,89.229,90.5,2412.57,80.733,0,0,3,0.01,0.006,1,4,1,0,2,1.81,0.04,6.06,0.67,25.0,0.0
543056,Danny Coulombe,2025-08-21,15,87.187,90.8,2537.4,71.88,0,0,5,0.067,0.277,2,7,0,1,2,2.26,-0.32,6.05,0.67,28.6,0.0
543056,Danny Coulombe,2025-08-24,13,86.285,90.2,2508.38,75.4,0,0,2,0.216,0.131,2,5,1,0,3,2.44,-0.16,5.81,1.0,40.0,0.0
543056,Danny Coulombe,2025-08-26,23,85.63,90.8,2518.48,83.225,2,2,12,0.596,0.936,1,13,0,0,1,2.75,-0.25,5.77,0.33,7.7,16.7
543056,Danny Coulombe,2025-09-16,16,87.838,91.3,2511.06,85.2,0,1,3,0.063,0.267,3,6,1,1,2,2.24,-0.18,5.94,0.67,50.0,33.3
543056,Danny Coulombe,2025-09-20,12,86.45,91.5,2451.25,87.9,0,1,3,0.434,0.487,2,5,0,1,2,2.66,0.11,5.92,0.67,40.0,33.3
543056,Danny Coulombe,2025-09-23,31,86.055,90.7,2460.52,84.012,1,2,8,0.278,0.438,3,11,1,2,3,2.51,-0.07,5.89,1.0,27.3,25.0
543056,Danny Coulombe,2025-09-28,12,86.692,91.1,2496.42,80.16,0,1,5,0.153,0.141,0,5,0,0,3,2.58,-0.14,5.98,1.0,0.0,20.0
543135,Nathan Eovaldi,2025-03-27,87,88.254,95.9,2066.26,81.57,2,8,30,0.375,0.303,14,46,9,0,18,2.67,0.39,6.82,6.0,30.4,26.7
543135,Nathan Eovaldi,2025-04-01,99,85.651,95.8,1919.91,82.134,0,6,35,0.269,0.195,16,53,8,0,26,2.97,0.34,6.83,8.67,30.2,17.1
543135,Nathan Eovaldi,2025-04-07,87,85.493,93.8,1913.05,80.014,2,7,28,0.454,0.443,11,43,4,2,13,2.92,0.41,6.7,4.33,25.6,25.0
543135,Nathan Eovaldi,2025-04-13,89,86.896,96.3,1901.31,84.048,1,11,33,0.409,0.391,11,49,3,0,14,2.82,0.59,6.71,4.67,22.4,33.3
543135,Nathan Eovaldi,2025-04-19,90,88.06,95.6,2054.24,84.184,3,6,31,0.299,0.281,11,42,7,0,18,2.61,0.5,6.82,6.0,26.2,19.4
543135,Nathan Eovaldi,2025-04-25,99,87.6,95.7,1864.67,88.323,1,12,30,0.34,0.29,8,41,7,1,18,2.68,0.35,6.89,6.0,19.5,40.0
543135,Nathan Eovaldi,2025-04-30,92,87.512,96.3,1933.42,82.128,0,5,29,0.346,0.216,16,47,8,0,17,2.83,0.48,6.85,5.67,34.0,17.2
543135,Nathan Eovaldi,2025-05-06,90,88.58,97.6,2081.77,82.414,0,8,35,0.365,0.264,15,55,7,1,17,2.52,0.56,6.82,5.67,27.3,22.9
543135,Nathan Eovaldi,2025-05-11,95,87.332,96.7,1987.86,82.404,1,5,27,0.196,0.189,11,41,7,1,21,2.76,0.43,6.74,7.0,26.8,18.5
543135,Nathan Eovaldi,2025-05-16,93,89.344,96.5,2032.71,80.857,1,3,23,0.243,0.271,10,34,5,3,17,2.59,0.47,6.93,5.67,29.4,13.0
543135,Nathan Eovaldi,2025-05-22,105,88.379,97.2,1915.03,80.978,3,8,37,0.321,0.298,9,48,6,1,18,2.66,0.67,6.86,6.0,18.8,21.6
543135,Nathan Eovaldi,2025-05-27,39,85.933,93.9,1912.74,85.867,1,3,12,0.429,0.441,7,19,2,1,6,3.01,0.47,6.65,2.0,36.8,25.0
543135,Nathan Eovaldi,2025-06-27,45,87.071,94.9,1916.2,88.126,2,8,19,0.458,0.418,5,25,2,1,8,2.75,0.54,6.9,2.67,20.0,42.1
543135,Nathan Eovaldi,2025-07-02,72,88.468,94.8,2043.82,84.682,0,6,22,0.252,0.214,9,35,5,1,14,2.47,0.47,6.79,4.67,25.7,27.3
543135,Nathan Eovaldi,2025-07-08,72,87.607,94.3,1962.62,82.059,0,6,29,0.294,0.234,10,41,6,0,16,2.56,0.51,6.85,5.33,24.4,20.7
543135,Nathan Eovaldi,2025-07-13,102,86.955,95.4,1893.9,75.689,1,2,35,0.251,0.201,12,51,8,1,21,2.84,0.49,6.87,7.0,23.5,5.7
543135,Nathan Eovaldi,2025-07-25,86,87.706,95.4,2004.86,84.512,1,11,25,0.396,0.343,10,40,7,4,14,2.59,0.49,6.97,4.67,25.0,44.0
543135,Nathan Eovaldi,2025-07-30,92,88.128,95.4,1880.53,80.128,0,8,32,0.295,0.274,11,45,4,2,19,2.51,0.6,6.98,6.33,24.4,25.0
543135,Nathan Eovaldi,2025-08-05,98,87.451,95.6,1900.67,80.439,0,10,33,0.162,0.138,12,49,6,0,24,2.8,0.57,6.83,8.0,24.5,30.3
543135,Nathan Eovaldi,2025-08-11,86,87.343,95.0,1901.03,85.314,3,7,28,0.294,0.372,4,35,3,1,13,2.73,0.47,6.84,4.33,11.4,25.0
543135,Nathan Eovaldi,2025-08-17,97,88.715,95.6,1973.52,81.531,2,7,36,0.277,0.273,11,53,6,0,21,2.37,0.5,6.95,7.0,20.8,19.4
543135,Nathan Eovaldi,2025-08-22,104,87.558,95.1,1845.75,78.686,1,7,35,0.219,0.147,16,55,9,0,21,2.7,0.53,6.91,7.0,29.1,20.0
571466,Tucker Barnhart,2025-05-02,22,43.782,65.3,1129.55,86.4,2,5,11,0.334,0.398,0,11,0,0,5,11.44,0.08,3.45,1.67,0.0,45.5
571578,Patrick Corbin,2025-04-08,74,84.264,92.7,2028.47,83.603,1,9,31,0.408,0.487,6,37,0,2,12,2.68,0.34,6.7,4.0,16.2,29.0
571578,Patrick Corbin,2025-04-16,85,84.211,92.4,2133.87,84.452,1,6,25,0.349,0.27,7,35,6,1,14,2.88,0.21,6.8,4.67,20.0,24.0
571578,Patrick Corbin,2025-04-22,85,85.613,93.0,2180.59,85.091,1,8,32,0.299,0.317,10,43,4,2,15,2.66,0.37,6.76,5.0,23.3,25.0
571578,Patrick Corbin,2025-04-28,93,85.006,92.3,2209.84,82.019,0,4,31,0.388,0.316,9,45,5,1,13,2.8,0.32,6.71,4.33,20.0,12.9
571578,Patrick Corbin,2025-05-03,85,84.142,91.4,2005.16,79.1,2,6,31,0.289,0.338,6,40,2,2,16,2.85,0.53,6.86,5.33,15.0,19.4
571578,Patrick Corbin,2025-05-09,93,84.476,92.1,1980.7,84.864,1,7,28,0.229,0.32,3,33,3,4,20,2.74,0.43,6.68,6.67,9.1,25.0
571578,Patrick Corbin,2025-05-14,94,85.927,93.5,2198.56,78.619,2,5,26,0.294,0.261,12,45,9,1,17,2.68,0.32,6.76,5.67,26.7,19.2
571578,Patrick Corbin,2025-05-20,86,84.648,93.4,2120.74,89.879,3,10,24,0.336,0.413,8,35,3,2,13,2.87,0.28,6.73,4.33,22.9,41.7
571578,Patrick Corbin,2025-05-25,87,85.17,92.7,2150.36,76.974,2,7,27,0.325,0.315,12,44,6,1,16,2.78,0.35,6.58,5.33,27.3,25.9
571578,Patrick Corbin,2025-05-31,83,85.914,92.0,2186.55,79.885,0,8,26,0.187,0.222,9,36,3,2,16,2.55,0.48,6.77,5.33,25.0,30.8
571578,Patrick Corbin,2025-06-06,89,86.89,93.3,2186.17,83.824,2,8,34,0.252,0.265,8,42,2,0,24,2.52,0.55,6.87,8.0,19.0,23.5
571578,Patrick Corbin,2025-06-12,91,85.711,92.4,2135.65,86.6,1,8,26,0.387,0.323,8,40,6,3,15,2.61,0.51,6.93,5.0,20.0,30.8
571578,Patrick Corbin,2025-06-18,86,85.985,92.2,2160.94,89.339,2,14,28,0.456,0.456,5,39,4,2,14,2.56,0.6,6.72,4.67,12.8,50.0
571578,Patrick Corbin,2025-06-23,77,87.104,93.6,2156.25,83.922,3,6,27,0.349,0.304,10,39,6,0,15,2.5,0.36,6.69,5.0,25.6,22.2
571578,Patrick Corbin,2025-06-30,110,85.841,92.5,2234.16,87.15,0,12,32,0.414,0.323,13,46,6,1,18,2.59,0.38,6.66,6.0,28.3,37.5
571578,Patrick Corbin,2025-07-05,91,86.129,92.7,2097.05,85.937,1,10,30,0.444,0.429,6,43,3,1,18,2.54,0.39,6.65,6.0,14.0,33.3
571578,Patrick Corbin,2025-07-10,88,86.915,93.5,2182.2,89.23,2,11,23,0.446,0.366,14,38,6,2,13,2.55,0.26,6.85,4.33,36.8,47.8
571578,Patrick Corbin,2025-07-18,92,84.865,93.2,2139.39,81.819,0,5,21,0.275,0.231,7,34,6,2,16,2.72,0.45,6.74,5.33,20.6,23.8
571578,Patrick Corbin,2025-07-23,69,85.504,93.2,2131.9,78.224,0,4,21,0.29,0.194,8,32,7,0,17,2.68,0.45,6.8,5.67,25.0,19.0
571578,Patrick Corbin,2025-07-29,103,86.51,93.8,2125.48,79.755,0,7,29,0.22,0.261,12,46,6,3,13,2.44,0.45,6.86,4.33,26.1,24.1
571578,Patrick Corbin,2025-08-04,72,85.339,92.5,2161.6,88.48,2,8,20,0.511,0.503,5,27,3,2,9,2.76,0.34,6.74,3.0,18.5,40.0
571578,Patrick Corbin,2025-08-10,78,84.137,93.1,2095.09,77.174,1,4,31,0.272,0.353,11,43,1,3,12,2.85,0.35,6.82,4.0,25.6,12.9
571578,Patrick Corbin,2025-08-16,62,88.248,93.9,2169.05,86.656,0,7,18,0.402,0.41,7,28,2,2,5,2.42,0.53,6.69,1.67,25.0,38.9
571578,Patrick Corbin,2025-08-21,77,85.625,92.9,2196.61,86.952,3,10,25,0.366,0.469,7,34,2,2,10,2.64,0.23,6.58,3.33,20.6,40.0
571578,Patrick Corbin,2025-08-26,102,85.079,93.2,2076.13,80.92,2,10,35,0.351,0.3,13,49,8,1,23,2.61,0.48,6.76,7.67,26.5,28.6
571578,Patrick Corbin,2025-09-01,92,87.568,94.0,2218.7,84.969,4,11,29,0.414,0.447,7,40,5,1,17,2.45,0.32,6.81,5.67,17.5,37.9
571578,Patrick Corbin,2025-09-07,82,85.695,93.6,2194.67,87.586,1,10,21,0.374,0.313,15,38,5,1,17,2.62,0.35,6.86,5.67,39.5,47.6
571578,Patrick Corbin,2025-09-13,85,86.829,93.7,2201.22,81.038,1,5,21,0.33,0.304,14,39,5,2,13,2.51,0.26,7.07,4.33,35.9,23.8
571578,Patrick Corbin,2025-09-19,22,85.75,92.8,2148.41,80.91,0,3,10,0.34,0.324,0,10,0,0,3,2.62,0.29,6.75,1.0,0.0,30.0
571578,Patrick Corbin,2025-09-23,65,85.337,93.0,2108.92,81.437,2,7,19,0.369,0.392,10,31,2,2,11,2.55,0.52,6.78,3.67,32.3,36.8
571578,Patrick Corbin,2025-09-28,90,87.291,93.5,2136.61,79.152,0,5,25,0.317,0.302,14,42,5,2,12,2.45,0.48,6.78,4.0,33.3,20.0
571948,Hoby Milner,2025-03-28,13,84.162,89.0,1931.46,74.5,0,0,4,0.411,0.253,2,6,1,0,2,3.28,0.52,6.7,0.67,33.3,0.0
571948,Hoby Milner,2025-03-29,27,82.77,88.1,1877.7,83.091,0,2,11,0.334,0.326,1,13,1,1,4,3.44,0.41,6.78,1.33,7.7,18.2
571948,Hoby Milner,2025-04-06,28,81.643,87.9,1843.14,80.53,0,2,10,0.098,0.06,3,13,2,0,6,3.45,0.3,6.62,2.0,23.1,20.0
571948,Hoby Milner,2025-04-08,3,79.433,85.9,1840.67,96.2,0,1,1,0.889,0.838,0,1,0,0,0,3.66,-0.45,6.73,0.0,0.0,100.0
571948,Hoby Milner,2025-04-11,21,80.129,86.6,1869.05,78.4,0,1,4,0.285,0.155,2,6,2,0,5,3.56,-0.4,6.75,1.67,33.3,25.0
571948,Hoby Milner,2025-04-13,13,81.162,87.9,1826.08,77.65,0,0,4,0.256,0.078,3,7,2,0,3,3.67,0.15,6.48,1.0,42.9,0.0
571948,Hoby Milner,2025-04-18,20,82.085,87.7,1798.2,89.986,1,3,7,0.338,0.394,0,7,1,0,4,3.26,0.23,6.65,1.33,0.0,42.9
571948,Hoby Milner,2025-04-20,16,82.5,88.0,1852.56,80.84,1,2,5,0.501,0.635,1,6,1,0,3,3.49,0.34,6.77,1.0,16.7,40.0
571948,Hoby Milner,2025-04-22,27,82.504,88.2,1718.67,77.611,0,0,9,0.342,0.335,1,10,1,1,3,3.44,0.63,6.67,1.0,10.0,0.0
571948,Hoby Milner,2025-04-24,15,81.293,87.4,1750.8,,0,0,0,,0.23,1,2,2,1,2,3.35,0.4,6.67,0.67,50.0,0.0
571948,Hoby Milner,2025-04-26,15,84.007,88.1,1820.6,75.6,0,0,4,0.049,0.033,2,6,1,0,3,3.27,0.9,6.66,1.0,33.3,0.0
571948,Hoby Milner,2025-04-28,21,84.105,88.8,1803.0,78.211,0,1,9,0.312,0.373,0,9,0,1,3,3.45,0.57,6.63,1.0,0.0,11.1
571948,Hoby Milner,2025-05-01,11,82.236,88.0,1837.18,84.15,0,2,4,0.34,0.209,1,5,1,0,2,3.32,0.25,6.65,0.67,20.0,50.0
571948,Hoby Milner,2025-05-03,11,79.391,87.1,1781.55,97.567,1,2,3,0.426,0.389,1,4,1,0,3,3.78,-0.42,6.71,1.0,25.0,66.7
571948,Hoby Milner,2025-05-04,9,81.667,87.9,1711.11,80.65,0,0,2,0.411,0.492,0,2,0,1,2,3.65,0.8,6.69,0.67,0.0,0.0
571948,Hoby Milner,2025-05-07,13,83.877,88.7,1914.69,82.214,1,2,7,0.345,0.533,0,7,0,0,0,3.07,0.4,6.66,0.0,0.0,28.6
571948,Hoby Milner,2025-05-10,26,81.973,87.7,1819.23,80.186,0,1,7,0.24,0.145,1,9,2,0,4,3.38,0.16,6.72,1.33,11.1,14.3
571948,Hoby Milner,2025-05-13,28,83.057,88.9,1843.79,79.617,1,2,12,0.35,0.399,1,13,0,0,6,3.4,0.49,6.72,2.0,7.7,16.7
571948,Hoby Milner,2025-05-16,17,82.006,87.7,1838.29,97.88,3,3,5,0.429,0.734,1,6,0,0,3,3.42,0.27,6.74,1.0,16.7,60.0
571948,Hoby Milner,2025-05-22,16,82.656,88.0,1816.06,84.317,0,0,6,0.052,0.06,0,6,0,0,3,3.52,0.55,6.71,1.0,0.0,0.0
571948,Hoby Milner,2025-05-24,13,83.923,88.6,1907.46,72.94,1,1,5,0.329,0.523,2,7,0,0,0,3.25,0.29,6.65,0.0,28.6,20.0
571948,Hoby Milner,2025-05-26,23,84.822,89.1,1887.09,75.812,0,1,8,0.236,0.254,0,9,1,1,6,3.15,1.0,6.77,2.0,0.0,12.5
571948,Hoby Milner,2025-05-27,4,80.825,87.7,1842.75,94.7,0,0,1,0.018,0.018,0,1,0,0,1,3.62,-0.53,6.48,0.33,0.0,0.0
571948,Hoby Milner,2025-05-28,7,82.2,88.0,1887.71,68.767,0,0,3,,0.0,1,4,1,0,1,3.37,0.04,6.73,0.33,25.0,0.0
571948,Hoby Milner,2025-05-31,15,83.913,89.1,1893.6,72.92,0,0,5,0.118,0.116,0,5,0,0,3,3.38,0.57,6.65,1.0,0.0,0.0
571948,Hoby Milner,2025-06-01,13,81.762,87.5,1815.69,86.45,0,2,4,0.307,0.244,0,4,1,0,4,3.48,0.21,6.63,1.33,0.0,50.0
571948,Hoby Milner,2025-06-04,17,83.888,88.6,1885.35,94.433,0,1,3,0.169,0.077,2,6,2,0,3,3.15,0.46,6.69,1.0,33.3,33.3
571948,Hoby Milner,2025-06-05,21,84.89,89.2,2075.9,81.45,0,1,8,0.255,0.097,2,10,3,0,5,3.06,0.65,6.64,1.67,20.0,12.5
571948,Hoby Milner,2025-06-08,21,83.329,88.5,1869.48,84.5,0,1,7,0.209,0.176,3,10,1,0,5,3.27,0.63,6.79,1.67,30.0,14.3
571948,Hoby Milner,2025-06-12,11,80.064,86.0,1798.36,80.75,0,0,2,0.064,0.046,1,3,1,0,3,3.55,0.27,6.66,1.0,33.3,0.0
571948,Hoby Milner,2025-06-13,15,81.66,88.6,1832.6,90.5,0,2,6,0.348,0.347,0,6,0,0,1,3.38,-0.11,6.67,0.33,0.0,33.3
571948,Hoby Milner,2025-06-14,14,82.736,88.2,1852.0,77.175,0,1,4,0.239,0.17,1,6,1,0,3,3.42,0.48,6.73,1.0,16.7,25.0
571948,Hoby Milner,2025-06-18,23,82.383,89.0,1835.96,70.717,0,1,6,0.113,0.202,1,8,1,1,4,3.54,0.37,6.77,1.33,12.5,16.7
571948,Hoby Milner,2025-06-20,16,83.444,88.0,1883.56,68.4,0,0,3,0.414,0.202,3,7,2,0,3,3.26,0.66,6.69,1.0,42.9,0.0
571948,Hoby Milner,2025-06-21,24,82.754,88.9,1815.96,78.178,0,2,9,0.356,0.242,3,12,2,0,5,3.25,0.41,6.64,1.67,25.0,22.2
571948,Hoby Milner,2025-06-24,26,83.338,89.2,1811.27,75.989,0,1,9,0.149,0.192,2,12,2,1,5,3.33,0.31,6.55,1.67,16.7,11.1
571948,Hoby Milner,2025-06-27,15,82.333,88.0,,89.6,0,2,4,0.223,0.158,0,4,1,0,2,3.43,0.21,6.67,0.67,0.0,50.0
571948,Hoby Milner,2025-06-28,7,80.0,88.1,1804.14,85.1,0,2,4,0.233,0.275,0,4,0,0,4,3.62,-0.4,6.61,1.33,0.0,50.0
571948,Hoby Milner,2025-06-30,26,83.392,87.9,1918.69,92.6,1,4,7,0.38,0.526,1,9,0,2,3,3.39,0.4,6.63,1.0,11.1,57.1
571948,Hoby Milner,2025-07-04,18,83.578,90.1,1827.72,77.271,0,1,7,0.243,0.111,2,9,2,0,2,3.31,-0.0,6.4,0.67,22.2,14.3
571948,Hoby Milner,2025-07-05,18,83.844,89.2,1837.94,81.744,1,2,9,0.354,0.306,0,9,1,0,4,3.32,0.75,6.69,1.33,0.0,22.2
571948,Hoby Milner,2025-07-07,7,83.471,87.9,1795.29,76.133,0,0,3,,0.691,0,3,0,1,0,3.42,0.69,6.63,0.0,0.0,0.0
571948,Hoby Milner,2025-07-11,17,83.065,88.9,1843.12,83.571,0,3,7,0.411,0.394,0,7,0,0,2,3.45,0.51,6.68,0.67,0.0,42.9
571948,Hoby Milner,2025-07-12,7,85.957,89.5,1890.71,86.933,0,1,3,0.635,0.589,1,4,0,0,1,3.21,0.98,6.74,0.33,25.0,33.3
571948,Hoby Milner,2025-07-19,20,82.71,88.4,1769.6,83.075,0,0,4,0.336,0.335,0,4,1,1,2,3.51,0.52,6.59,0.67,0.0,0.0
571948,Hoby Milner,2025-07-20,4,80.025,88.0,1766.5,,0,0,0,,0.0,0,0,1,0,1,3.39,-0.4,6.65,0.33,0.0,0.0
571948,Hoby Milner,2025-07-21,7,84.0,87.9,1850.57,77.1,0,1,3,0.278,0.274,0,3,0,0,3,3.48,0.68,6.64,1.0,0.0,33.3
571948,Hoby Milner,2025-07-23,4,83.35,88.3,1808.0,69.4,0,0,1,,0.0,2,3,1,0,1,3.36,0.17,6.7,0.33,66.7,0.0
571948,Hoby Milner,2025-07-25,16,85.725,89.1,1882.62,83.538,0,2,8,0.737,0.228,4,12,2,0,3,3.25,1.1,6.63,1.0,33.3,25.0
571948,Hoby Milner,2025-07-30,17,83.524,88.7,1822.47,79.72,0,1,5,0.276,0.261,1,7,1,0,1,3.44,0.65,6.74,0.33,14.3,20.0
571948,Hoby Milner,2025-08-01,26,84.465,89.6,1906.46,82.373,1,2,11,0.291,0.401,2,14,0,1,4,3.12,0.62,6.75,1.33,14.3,18.2
571948,Hoby Milner,2025-08-03,23,82.87,88.4,1850.04,88.75,1,3,8,0.32,0.326,2,11,2,0,6,3.41,0.42,6.67,2.0,18.2,37.5
571948,Hoby Milner,2025-08-06,33,82.409,87.9,1829.58,79.37,0,3,10,0.192,0.219,1,12,1,1,7,3.51,0.49,6.76,2.33,8.3,30.0
571948,Hoby Milner,2025-08-10,18,83.894,89.1,1867.94,80.538,1,1,8,0.22,0.259,1,10,1,0,2,3.36,0.41,6.73,0.67,10.0,12.5
571948,Hoby Milner,2025-08-11,13,82.1,87.7,1737.31,84.633,0,1,6,0.06,0.04,0,6,1,0,3,3.77,0.7,6.68,1.0,0.0,16.7
571948,Hoby Milner,2025-08-13,11,83.655,88.7,1839.09,83.7,0,1,3,0.295,0.409,0,3,0,1,2,3.43,1.11,6.68,0.67,0.0,33.3
571948,Hoby Milner,2025-08-17,14,83.993,87.9,1887.93,77.425,1,1,4,0.529,0.684,2,6,1,0,1,3.29,0.81,6.65,0.33,33.3,25.0
571948,Hoby Milner,2025-08-19,11,83.855,89.3,1929.45,79.629,0,2,7,0.328,0.331,0,7,0,0,0,3.31,0.28,6.64,0.0,0.0,28.6
571948,Hoby Milner,2025-08-20,19,84.421,88.5,1905.53,84.512,0,3,8,0.217,0.148,0,8,1,0,4,3.2,0.42,6.65,1.33,0.0,37.5
571948,Hoby Milner,2025-08-22,4,84.175,87.9,1862.75,71.95,0,1,2,0.427,0.504,0,2,0,0,0,3.55,0.95,6.6,0.0,0.0,50.0
571948,Hoby Milner,2025-08-24,6,84.567,87.7,1846.83,97.875,0,3,4,0.511,0.491,0,5,0,0,2,3.34,1.02,6.68,0.67,0.0,75.0
571948,Hoby Milner,2025-08-29,14,84.571,89.0,1927.29,85.94,0,1,5,0.157,0.111,2,7,1,0,4,2.9,0.82,6.68,1.33,28.6,20.0
571948,Hoby Milner,2025-09-02,13,82.8,89.3,1839.31,99.6,1,3,5,0.442,0.557,0,5,0,0,2,3.35,0.42,6.79,0.67,0.0,60.0
571948,Hoby Milner,2025-09-06,16,84.4,89.0,1892.69,75.814,1,1,7,0.43,0.757,0,7,0,0,0,3.36,0.66,6.62,0.0,0.0,14.3
571948,Hoby Milner,2025-09-09,14,84.707,89.0,1915.71,83.55,0,1,6,0.098,0.092,0,6,0,0,3,3.21,0.84,6.61,1.0,0.0,16.7
571948,Hoby Milner,2025-09-10,4,85.9,88.2,1964.0,82.95,0,0,2,0.284,0.256,0,2,0,0,1,3.19,0.94,6.55,0.33,0.0,0.0
571948,Hoby Milner,2025-09-13,25,85.168,89.2,1906.8,76.425,1,2,12,0.19,0.27,1,13,1,0,3,3.19,0.86,6.83,1.0,7.7,16.7
571948,Hoby Milner,2025-09-14,13,85.531,89.9,1943.31,86.433,0,1,6,0.201,0.189,0,6,0,0,2,3.11,0.66,6.65,0.67,0.0,16.7
571948,Hoby Milner,2025-09-19,7,84.557,88.3,1911.0,89.875,0,1,4,0.494,0.492,0,4,0,0,1,3.28,0.81,6.44,0.33,0.0,25.0
571948,Hoby Milner,2025-09-20,17,84.165,89.1,1898.41,87.825,0,1,4,0.52,0.604,0,4,0,1,1,3.33,0.68,6.6,0.33,0.0,25.0
571948,Hoby Milner,2025-09-23,16,85.475,89.7,2001.5,76.267,0,2,6,0.564,0.588,1,8,0,1,0,3.29,1.1,6.72,0.0,12.5,33.3
571948,Hoby Milner,2025-09-25,14,82.314,87.8,1855.21,61.983,0,0,6,0.104,0.074,1,7,1,0,4,3.5,0.24,6.59,1.33,14.3,0.0
571948,Hoby Milner,2025-09-28,30,84.163,89.0,1946.43,84.2,1,2,8,0.544,0.564,4,14,2,1,4,3.17,0.58,6.85,1.33,28.6,25.0
592351,Jon Gray,2025-07-23,15,90.033,94.9,2115.93,89.7,1,5,8,0.247,0.315,0,8,0,0,6,2.24,0.37,6.31,2.0,0.0,62.5
592351,Jon Gray,2025-07-26,29,90.369,95.3,2206.48,79.187,1,3,15,0.169,0.225,2,18,3,0,9,2.15,0.2,6.32,3.0,11.1,20.0
592351,Jon Gray,2025-07-29,30,90.93,96.3,2131.6,84.614,0,1,7,0.661,0.581,4,13,1,3,2,2.17,0.32,6.44,0.67,30.8,14.3
592351,Jon Gray,2025-08-04,66,89.892,96.1,2115.73,83.515,2,6,26,0.345,0.302,9,35,5,0,15,2.28,0.35,6.24,5.0,25.7,23.1
592351,Jon Gray,2025-08-11,16,91.281,96.2,2179.81,97.48,2,3,5,0.408,0.612,1,7,0,0,3,2.13,0.37,6.24,1.0,14.3,60.0
592351,Jon Gray,2025-08-16,54,91.385,96.1,2146.2,86.188,2,4,17,0.318,0.419,5,23,3,3,7,2.17,0.3,6.36,2.33,21.7,23.5
592426,Luke Jackson,2025-03-27,21,88.91,95.1,2290.29,88.643,1,2,7,0.514,0.562,3,10,1,1,1,2.98,0.12,6.84,0.33,30.0,28.6
592426,Luke Jackson,2025-03-28,9,91.9,95.3,2335.78,86.04,1,2,5,0.23,0.443,0,5,0,0,3,1.97,0.35,7.21,1.0,0.0,40.0
592426,Luke Jackson,2025-03-30,17,89.606,94.9,2301.76,81.971,0,2,7,0.248,0.291,2,10,1,1,3,2.67,0.25,6.79,1.0,20.0,28.6
592426,Luke Jackson,2025-04-02,11,88.764,96.6,2301.27,90.425,0,2,4,0.411,0.294,0,4,1,0,3,3.09,-0.12,6.86,1.0,0.0,50.0
592426,Luke Jackson,2025-04-04,11,88.727,95.3,2334.09,91.8,0,0,1,0.081,0.045,2,4,2,0,3,2.92,0.14,6.78,1.0,50.0,0.0
592426,Luke Jackson,2025-04-05,8,87.612,94.7,2341.75,82.975,0,0,4,0.132,0.127,1,5,0,0,3,3.14,0.1,6.79,1.0,20.0,0.0
592426,Luke Jackson,2025-04-09,7,86.457,94.4,2219.29,88.333,0,1,3,0.314,0.322,1,4,0,0,2,3.28,-0.16,6.73,0.67,25.0,33.3
592426,Luke Jackson,2025-04-15,16,88.975,94.8,2322.62,88.171,1,2,7,0.325,0.394,1,8,1,0,3,2.93,-0.02,6.91,1.0,12.5,28.6
592426,Luke Jackson,2025-04-16,6,87.917,95.0,2313.67,81.1,0,0,3,0.165,0.174,1,4,0,0,3,3.26,-0.09,6.88,1.0,25.0,0.0
592426,Luke Jackson,2025-04-22,11,88.536,95.5,2340.18,81.8,0,1,3,0.105,0.098,0,3,0,0,3,2.92,-0.07,6.7,1.0,0.0,33.3
592426,Luke Jackson,2025-04-24,21,89.162,95.3,2266.33,87.5,0,0,5,0.499,0.438,2,7,1,1,3,2.83,-0.01,6.93,1.0,28.6,0.0
592426,Luke Jackson,2025-04-25,11,88.945,94.9,2283.64,77.233,0,0,3,0.069,0.034,0,3,1,0,2,2.8,0.13,6.88,0.67,0.0,0.0
592426,Luke Jackson,2025-04-27,1,86.1,86.1,2261.0,58.7,0,0,1,0.297,0.27,0,1,0,0,0,3.66,-0.26,6.7,0.0,0.0,0.0
592426,Luke Jackson,2025-04-30,20,89.535,95.4,2301.6,103.8,1,3,3,0.613,0.678,1,4,1,2,1,2.59,0.16,6.7,0.33,25.0,100.0
592426,Luke Jackson,2025-05-04,13,88.662,94.8,2305.31,81.4,0,1,3,0.146,0.045,1,6,2,0,3,3.03,0.01,6.83,1.0,16.7,33.3
592426,Luke Jackson,2025-05-10,19,89.3,95.0,2293.37,74.98,0,0,5,0.062,0.36,2,8,1,2,2,2.64,0.08,6.85,0.67,25.0,0.0
592426,Luke Jackson,2025-05-12,1,85.4,85.4,2412.0,111.2,0,1,1,0.663,0.631,0,1,0,0,0,4.0,0.0,6.7,0.0,0.0,100.0
592426,Luke Jackson,2025-05-18,15,89.113,94.3,2345.93,80.025,0,1,4,0.054,0.197,2,9,1,1,3,2.77,0.18,6.77,1.0,22.2,25.0
592426,Luke Jackson,2025-05-21,9,86.889,94.2,2337.56,104.667,1,2,3,0.727,1.043,0,3,0,0,1,3.33,-0.17,6.71,0.33,0.0,66.7
592426,Luke Jackson,2025-05-24,9,89.667,94.7,2314.44,103.4,0,1,1,0.291,0.477,1,2,0,1,1,2.45,0.48,6.83,0.33,50.0,100.0
592426,Luke Jackson,2025-05-25,5,87.82,93.4,2249.4,96.275,0,2,4,0.326,0.202,0,4,0,0,2,2.62,0.32,6.74,0.67,0.0,50.0
592426,Luke Jackson,2025-05-27,14,88.05,94.7,2410.5,84.12,0,1,5,0.395,0.469,0,6,0,0,3,3.11,-0.01,6.66,1.0,0.0,20.0
592426,Luke Jackson,2025-05-28,9,87.722,93.8,2438.0,80.45,0,1,2,0.078,0.081,1,3,1,0,2,3.18,0.08,6.73,0.67,33.3,50.0
592426,Luke Jackson,2025-06-01,15,89.993,95.5,2332.4,101.15,0,3,4,0.442,0.309,1,7,1,0,3,2.66,0.21,6.76,1.0,14.3,75.0
592426,Luke Jackson,2025-06-07,12,89.742,94.7,2263.83,97.85,0,2,2,0.253,0.385,0,3,0,1,2,2.52,0.3,6.86,0.67,0.0,100.0
592426,Luke Jackson,2025-06-11,15,89.993,95.4,2330.67,82.167,0,1,6,0.292,0.27,1,7,0,0,3,2.48,0.22,6.81,1.0,14.3,16.7
592426,Luke Jackson,2025-06-13,10,88.42,94.6,2326.6,82.22,0,2,5,0.418,0.303,1,6,1,0,3,2.83,0.12,6.68,1.0,16.7,40.0
592426,Luke Jackson,2025-06-14,13,90.192,95.5,2436.38,93.4,0,1,2,0.42,0.292,4,6,1,0,2,2.67,0.13,6.79,0.67,66.7,50.0
592426,Luke Jackson,2025-06-15,16,89.581,96.2,2383.25,70.483,0,1,6,0.155,0.129,1,9,1,0,3,2.84,0.09,6.73,1.0,11.1,16.7
592426,Luke Jackson,2025-06-18,10,89.55,95.3,2318.5,82.825,0,2,4,0.399,0.402,1,5,0,0,3,2.67,0.27,6.63,1.0,20.0,50.0
592426,Luke Jackson,2025-06-24,15,89.233,96.3,2241.67,86.68,0,2,5,0.263,0.243,2,7,1,0,4,2.89,0.17,6.75,1.33,28.6,40.0
592426,Luke Jackson,2025-06-27,19,88.495,95.0,,73.75,0,0,6,0.237,0.328,3,10,1,1,4,3.23,0.02,6.71,1.33,30.0,0.0
592426,Luke Jackson,2025-06-29,20,89.665,95.2,,76.875,0,3,8,0.3,0.244,2,10,1,0,4,2.8,0.22,6.72,1.33,20.0,37.5
592426,Luke Jackson,2025-07-05,14,89.514,94.9,2380.0,77.4,0,0,4,0.314,0.555,1,5,0,2,0,2.65,0.15,6.81,0.0,20.0,0.0
592426,Luke Jackson,2025-07-06,18,89.033,94.2,2302.06,81.05,0,1,8,0.167,0.115,2,10,1,0,4,2.75,0.13,6.72,1.33,20.0,12.5
592426,Luke Jackson,2025-07-09,20,88.65,95.7,2320.15,88.682,2,4,11,0.403,0.546,1,12,0,0,3,3.03,0.02,6.72,1.0,8.3,36.4
592426,Luke Jackson,2025-07-12,17,88.994,95.5,2448.88,89.2,0,1,2,0.103,0.263,1,4,1,1,2,2.82,-0.06,6.78,0.67,25.0,50.0
592426,Luke Jackson,2025-07-20,26,88.196,94.7,2372.65,89.886,1,3,7,0.226,0.375,2,9,1,1,5,2.86,0.03,6.68,1.67,22.2,42.9
592426,Luke Jackson,2025-07-22,12,89.467,94.2,2351.5,94.0,0,4,6,0.313,0.333,0,6,0,0,3,2.49,0.11,6.82,1.0,0.0,66.7
594798,Jacob deGrom,2025-03-30,73,91.281,98.1,2474.15,77.922,0,2,23,0.148,0.185,15,41,6,2,15,2.16,0.28,6.74,5.0,36.6,8.7
594798,Jacob deGrom,2025-04-05,82,93.332,98.3,2465.21,82.428,3,8,36,0.353,0.386,11,51,3,0,16,1.77,0.39,6.85,5.33,21.6,22.2
594798,Jacob deGrom,2025-04-11,87,91.597,97.6,2518.24,81.938,2,4,24,0.281,0.374,12,39,4,4,12,2.03,0.3,6.52,4.0,30.8,16.7
594798,Jacob deGrom,2025-04-18,96,93.14,98.9,2527.7,84.864,1,5,28,0.218,0.218,7,36,7,1,20,1.87,0.31,6.94,6.67,19.4,17.9
594798,Jacob deGrom,2025-04-24,83,91.211,98.5,2494.7,87.438,1,8,21,0.31,0.238,12,39,6,0,16,2.25,0.13,6.64,5.33,30.8,38.1
594798,Jacob deGrom,2025-04-29,65,92.512,99.6,2518.03,81.34,0,5,20,0.338,0.219,14,36,7,0,16,1.96,0.26,6.9,5.33,38.9,25.0
594798,Jacob deGrom,2025-05-04,89,91.847,98.8,2498.34,81.917,0,5,29,0.213,0.223,9,42,3,2,15,2.17,0.08,6.64,5.0,21.4,17.2
594798,Jacob deGrom,2025-05-10,90,92.867,99.3,2600.96,87.209,2,8,22,0.503,0.325,17,42,10,1,14,1.98,0.16,6.56,4.67,40.5,36.4
594798,Jacob deGrom,2025-05-15,96,93.065,99.2,2606.4,84.522,2,12,36,0.31,0.278,12,50,7,1,24,2.0,0.2,6.83,8.0,24.0,33.3
594798,Jacob deGrom,2025-05-21,103,92.799,99.3,2502.92,88.93,2,11,33,0.311,0.271,18,55,9,1,21,2.0,0.35,6.9,7.0,32.7,33.3
594798,Jacob deGrom,2025-05-26,81,93.222,98.2,2509.48,87.671,1,12,31,0.34,0.387,3,36,0,2,16,1.86,0.44,6.76,5.33,8.3,38.7
594798,Jacob deGrom,2025-06-01,81,92.002,98.4,2500.67,83.43,1,2,27,0.326,0.317,8,35,4,3,16,2.02,0.27,6.91,5.33,22.9,7.4
594798,Jacob deGrom,2025-06-07,81,93.311,99.3,2554.27,82.42,0,6,30,0.28,0.204,15,46,8,0,20,1.93,0.27,6.63,6.67,32.6,20.0
594798,Jacob deGrom,2025-06-14,82,92.689,99.4,2524.66,84.6,0,7,34,0.379,0.273,12,47,6,0,17,1.94,0.35,6.73,5.67,25.5,20.6
594798,Jacob deGrom,2025-06-20,84,92.967,100.3,2575.12,81.218,0,7,33,0.349,0.254,10,45,7,1,18,2.05,0.16,6.62,6.0,22.2,21.2
594798,Jacob deGrom,2025-06-25,89,92.975,100.1,2393.34,84.361,0,6,31,0.169,0.183,10,44,7,2,21,2.11,0.29,6.64,7.0,22.7,19.4
594798,Jacob deGrom,2025-07-01,92,93.093,99.4,2443.95,77.893,1,8,30,0.367,0.315,11,42,6,1,17,1.97,0.44,6.79,5.67,26.2,26.7
594798,Jacob deGrom,2025-07-07,95,94.517,100.0,2520.54,83.491,1,6,34,0.33,0.313,9,48,5,2,15,1.76,0.33,6.66,5.0,18.8,17.6
594798,Jacob deGrom,2025-07-12,90,94.292,99.6,2519.77,80.17,2,5,27,0.312,0.287,15,44,8,1,18,1.84,0.2,6.59,6.0,34.1,18.5
594798,Jacob deGrom,2025-07-22,86,93.262,98.8,2422.63,85.192,3,6,24,0.355,0.278,26,53,9,1,18,1.96,0.37,6.97,6.0,49.1,25.0
594798,Jacob deGrom,2025-07-28,91,93.604,98.9,2497.7,85.003,4,9,30,0.389,0.356,13,46,8,1,16,1.86,0.32,6.65,5.33,28.3,30.0
594798,Jacob deGrom,2025-08-03,95,93.311,99.8,2450.57,83.024,3,9,34,0.286,0.375,8,47,5,3,15,2.01,0.33,6.58,5.0,17.0,26.5
594798,Jacob deGrom,2025-08-09,99,93.393,99.8,2467.37,84.657,1,9,35,0.339,0.275,12,52,8,1,19,2.05,0.18,6.72,6.33,23.1,25.7
594798,Jacob deGrom,2025-08-15,84,94.251,100.0,2502.87,79.141,0,3,34,0.252,0.206,11,48,5,0,15,1.89,0.29,6.67,5.0,22.9,8.8
594798,Jacob deGrom,2025-08-25,90,93.469,99.7,2467.73,83.403,0,6,29,0.316,0.243,12,44,7,2,15,1.93,0.24,6.78,5.0,27.3,20.7
594798,Jacob deGrom,2025-08-31,79,93.962,99.2,2482.1,78.317,0,3,30,0.303,0.213,10,43,6,1,15,1.76,0.28,6.52,5.0,23.3,10.0
594798,Jacob deGrom,2025-09-06,97,93.59,99.0,2480.41,87.185,2,8,26,0.402,0.364,18,48,8,2,16,1.92,0.3,6.84,5.33,37.5,30.8
594798,Jacob deGrom,2025-09-12,88,94.176,99.6,2587.28,90.906,4,15,32,0.313,0.344,5,38,2,0,21,1.79,0.23,6.69,7.0,13.2,46.9
594798,Jacob deGrom,2025-09-17,92,93.352,99.7,2542.34,84.803,3,6,30,0.296,0.295,11,44,6,1,15,1.85,0.27,6.63,5.0,25.0,20.0
594798,Jacob deGrom,2025-09-24,74,93.527,99.4,2435.59,86.075,2,8,20,0.409,0.361,14,35,8,1,14,1.99,0.37,6.89,4.67,40.0,40.0
605218,Carl Edwards,2025-09-15,8,87.112,95.8,2421.25,85.0,0,0,4,0.044,0.032,1,5,1,0,3,2.84,-0.36,6.71,1.0,20.0,0.0
605218,Carl Edwards,2025-09-16,35,88.071,95.5,2359.14,80.95,0,1,8,0.246,0.308,6,16,3,2,6,2.61,-0.06,6.73,2.0,37.5,12.5
641540,Dane Dunning,2025-04-29,52,87.067,90.7,2169.21,76.363,1,4,19,0.322,0.331,5,24,3,2,8,2.6,0.45,6.88,2.67,20.8,21.1
641540,Dane Dunning,2025-06-23,37,87.422,92.0,2161.51,79.369,0,3,13,0.197,0.269,4,18,2,1,6,2.44,0.48,6.74,2.0,22.2,23.1
641540,Dane Dunning,2025-07-02,51,86.986,90.3,2161.1,83.385,3,4,20,0.302,0.469,1,22,1,1,9,2.37,0.4,6.81,3.0,4.5,20.0
641540,Dane Dunning,2025-07-08,37,86.395,90.9,2093.57,79.607,0,3,15,0.104,0.055,4,20,3,0,6,2.51,0.5,6.8,2.0,20.0,20.0
641540,Dane Dunning,2025-07-10,14,86.493,92.2,2254.57,89.933,1,1,3,0.366,0.483,3,6,1,0,2,2.53,0.31,6.76,0.67,50.0,33.3
641816,Tyler Mahle,2025-03-29,61,90.241,95.1,2263.82,85.355,1,4,11,0.453,0.467,8,21,3,4,5,1.7,0.83,6.46,1.67,38.1,36.4
641816,Tyler Mahle,2025-04-04,83,88.089,94.6,2161.41,81.004,1,5,27,0.288,0.285,10,39,5,2,15,1.92,0.67,6.44,5.0,25.6,18.5
641816,Tyler Mahle,2025-04-09,94,86.959,93.2,2165.7,80.651,1,9,37,0.232,0.235,8,46,4,1,21,2.01,0.76,6.48,7.0,17.4,24.3
641816,Tyler Mahle,2025-04-15,93,87.997,95.4,2294.61,78.956,0,3,27,0.29,0.2,16,46,9,2,17,1.96,0.58,6.58,5.67,34.8,11.1
641816,Tyler Mahle,2025-04-20,91,88.009,94.8,2130.56,81.5,1,4,31,0.212,0.242,6,39,4,3,21,1.97,0.89,6.56,7.0,15.4,12.9
641816,Tyler Mahle,2025-04-26,87,87.929,94.2,2275.69,84.852,1,9,33,0.417,0.421,5,39,1,1,12,2.04,0.54,6.49,4.0,12.8,27.3
641816,Tyler Mahle,2025-05-01,90,87.077,93.7,2067.03,77.821,0,6,39,0.381,0.29,10,52,6,1,18,2.13,0.78,6.52,6.0,19.2,15.4
641816,Tyler Mahle,2025-05-07,88,89.814,96.2,2263.45,85.674,2,10,38,0.32,0.404,4,45,0,1,14,1.6,0.79,6.54,4.67,8.9,26.3
641816,Tyler Mahle,2025-05-12,88,86.889,93.7,2108.98,79.339,0,3,33,0.193,0.164,10,46,5,1,18,2.18,0.7,6.59,6.0,21.7,9.1
641816,Tyler Mahle,2025-05-17,96,87.84,94.6,2202.71,81.728,4,10,36,0.385,0.431,10,47,3,2,17,2.1,0.54,6.68,5.67,21.3,27.8
641816,Tyler Mahle,2025-05-23,96,87.867,94.8,2207.12,81.192,1,8,37,0.347,0.363,7,46,2,3,13,1.86,0.82,6.6,4.33,15.2,21.6
641816,Tyler Mahle,2025-05-28,92,89.037,94.7,2187.26,84.558,1,11,33,0.279,0.303,11,45,5,3,17,1.89,0.78,6.7,5.67,24.4,33.3
641816,Tyler Mahle,2025-06-03,85,87.485,94.0,2101.06,78.592,0,8,36,0.31,0.265,13,50,5,2,16,2.0,0.61,6.42,5.33,26.0,22.2
641816,Tyler Mahle,2025-06-10,91,88.593,95.0,2338.79,86.955,4,9,31,0.405,0.465,11,44,3,1,15,1.98,0.37,6.55,5.0,25.0,29.0
641816,Tyler Mahle,2025-09-19,68,88.871,93.5,2118.04,82.655,1,5,22,0.404,0.333,8,30,6,1,14,1.81,0.98,6.64,4.67,26.7,22.7
641816,Tyler Mahle,2025-09-25,78,87.478,92.7,2199.69,86.296,2,5,23,0.274,0.308,7,38,4,1,13,1.95,0.87,6.67,4.33,18.4,21.7
642133,Rowdy Tellez,2025-08-16,23,56.826,75.6,1417.7,84.415,1,4,13,0.48,0.521,0,13,0,0,5,6.17,0.3,4.58,1.67,0.0,30.8
642520,Gerson Garabito,2025-03-29,24,89.1,95.6,2531.0,80.622,0,2,9,0.297,0.216,3,12,2,0,6,2.53,0.1,6.75,2.0,25.0,22.2
642520,Gerson Garabito,2025-03-31,46,86.948,94.3,2339.63,82.629,2,4,14,0.466,0.487,7,22,3,0,7,2.67,0.04,6.78,2.33,31.8,28.6
642520,Gerson Garabito,2025-04-07,51,89.6,96.0,2357.63,87.307,0,5,14,0.396,0.325,6,21,3,1,9,2.15,0.33,6.96,3.0,28.6,35.7
656641,Jacob Latz,2025-04-23,55,88.675,97.2,2302.02,87.75,0,3,14,0.198,0.26,6,21,2,3,12,2.23,0.39,6.61,4.0,28.6,21.4
656641,Jacob Latz,2025-04-26,1,85.3,85.3,2021.0,56.6,0,0,1,0.223,0.201,0,1,0,0,0,2.2,1.14,6.7,0.0,0.0,0.0
656641,Jacob Latz,2025-04-27,17,89.812,94.9,2252.71,85.325,1,2,8,0.353,0.484,2,10,0,0,4,1.62,0.61,6.6,1.33,20.0,25.0
656641,Jacob Latz,2025-05-01,17,88.771,95.1,2347.71,71.383,0,0,6,0.153,0.208,3,9,2,1,3,2.02,0.38,6.62,1.0,33.3,0.0
656641,Jacob Latz,2025-05-02,38,88.071,95.3,2320.05,85.983,2,4,12,0.486,0.587,6,18,0,1,5,2.07,0.52,6.56,1.67,33.3,33.3
656641,Jacob Latz,2025-05-08,49,89.598,97.6,2351.14,81.581,1,4,16,0.321,0.263,10,27,4,0,8,2.03,0.42,6.58,2.67,37.0,25.0
656641,Jacob Latz,2025-05-11,20,89.41,96.5,2412.55,92.167,0,2,3,0.728,0.537,5,8,1,1,1,2.18,0.2,6.51,0.33,62.5,66.7
656641,Jacob Latz,2025-05-23,11,91.773,95.9,2391.73,79.34,0,1,5,0.82,0.257,1,6,2,0,3,1.45,0.48,6.61,1.0,16.7,20.0
656641,Jacob Latz,2025-05-25,9,88.5,96.1,2318.22,70.325,0,1,4,0.204,0.125,1,5,1,0,2,2.12,0.5,6.6,0.67,20.0,25.0
656641,Jacob Latz,2025-05-27,50,88.026,95.7,2293.26,77.96,0,2,15,0.202,0.207,8,23,4,2,9,2.16,0.61,6.69,3.0,34.8,13.3
656641,Jacob Latz,2025-06-03,22,88.359,95.5,2316.82,75.44,0,1,5,0.189,0.087,5,10,3,0,4,2.22,0.27,6.66,1.33,50.0,20.0
656641,Jacob Latz,2025-06-05,8,88.588,96.4,2223.75,78.425,0,0,4,0.032,0.023,1,5,1,0,3,2.23,0.46,6.36,1.0,20.0,0.0
656641,Jacob Latz,2025-06-08,60,89.913,95.8,2251.57,78.822,1,3,18,0.341,0.236,9,27,6,2,7,1.84,0.71,6.75,2.33,33.3,16.7
656641,Jacob Latz,2025-06-11,25,88.76,94.9,2313.44,86.58,0,4,10,0.411,0.42,4,14,0,0,3,1.93,0.58,6.6,1.0,28.6,40.0
656641,Jacob Latz,2025-06-14,30,92.31,97.2,2385.57,86.314,1,2,7,0.164,0.228,4,12,3,1,6,1.44,0.72,6.7,2.0,33.3,28.6
656641,Jacob Latz,2025-06-19,82,88.67,95.7,2325.93,84.968,1,8,34,0.29,0.347,10,44,0,1,16,2.05,0.65,6.69,5.33,22.7,23.5
656641,Jacob Latz,2025-06-24,88,88.148,96.6,2257.39,80.968,0,7,28,0.312,0.295,11,40,4,3,17,2.29,0.49,6.57,5.67,27.5,25.0
656641,Jacob Latz,2025-06-29,39,88.679,95.4,,85.309,1,1,11,0.203,0.198,5,17,4,1,7,1.95,0.64,6.7,2.33,29.4,9.1
656641,Jacob Latz,2025-07-01,43,89.721,95.3,2299.53,83.569,0,3,13,0.352,0.271,10,23,3,0,9,1.75,0.7,6.61,3.0,43.5,23.1
656641,Jacob Latz,2025-07-06,58,88.914,95.4,2275.52,83.887,1,6,23,0.308,0.374,3,27,1,2,8,1.9,0.59,6.51,2.67,11.1,26.1
656641,Jacob Latz,2025-07-10,54,88.883,94.9,2168.04,80.162,0,3,16,0.458,0.25,12,29,6,1,10,1.95,0.63,6.63,3.33,41.4,18.8
656641,Jacob Latz,2025-07-20,84,88.146,96.2,2247.4,84.55,1,8,28,0.372,0.367,8,39,3,2,13,2.19,0.39,6.71,4.33,20.5,28.6
656641,Jacob Latz,2025-07-25,14,89.686,94.4,2177.29,78.971,1,1,7,0.294,0.621,0,7,0,1,1,1.64,0.68,6.64,0.33,0.0,14.3
656641,Jacob Latz,2025-07-26,20,89.255,95.6,2180.85,87.643,0,1,7,0.145,0.356,1,8,0,2,2,1.94,0.63,6.61,0.67,12.5,14.3
656641,Jacob Latz,2025-07-31,35,88.617,95.4,2336.4,87.143,0,3,7,0.438,0.41,5,16,1,1,4,2.04,0.42,6.65,1.33,31.2,42.9
656641,Jacob Latz,2025-08-20,43,87.991,96.8,2277.28,83.308,0,2,13,0.223,0.185,5,18,4,1,10,2.34,0.37,6.62,3.33,27.8,15.4
656641,Jacob Latz,2025-08-27,66,89.703,95.8,2226.97,82.97,1,5,20,0.371,0.332,8,28,5,1,12,1.7,0.7,6.65,4.0,28.6,25.0
656641,Jacob Latz,2025-09-02,71,89.254,97.9,2232.83,86.504,1,10,27,0.387,0.444,4,34,1,2,15,2.06,0.58,6.63,5.0,11.8,37.0
656641,Jacob Latz,2025-09-08,84,89.219,95.7,2314.21,80.647,1,6,30,0.257,0.273,11,42,4,1,15,1.83,0.54,6.64,5.0,26.2,20.0
656641,Jacob Latz,2025-09-14,88,88.51,96.6,2340.45,84.548,0,6,25,0.215,0.262,8,36,4,4,14,2.22,0.22,6.64,4.67,22.2,24.0
656641,Jacob Latz,2025-09-19,16,91.256,95.5,2376.69,82.683,0,1,6,0.451,0.494,0,6,0,1,2,1.57,0.47,6.66,0.67,0.0,16.7
656641,Jacob Latz,2025-09-21,10,85.56,93.0,2346.7,68.45,0,0,6,0.272,0.248,0,6,0,0,2,2.63,0.04,6.56,0.67,0.0,0.0
656641,Jacob Latz,2025-09-27,81,88.788,95.8,2214.4,81.079,1,6,29,0.499,0.372,13,42,6,0,14,2.09,0.49,6.62,4.67,31.0,20.7
657097,Jacob Webb,2025-03-28,15,88.933,94.9,2384.53,76.225,0,0,8,0.033,0.037,1,10,0,0,3,1.96,0.89,6.59,1.0,10.0,0.0
657097,Jacob Webb,2025-03-29,20,87.09,93.2,2307.5,86.489,1,3,9,0.466,0.499,1,10,2,0,6,2.2,0.58,6.36,2.0,10.0,33.3
657097,Jacob Webb,2025-04-02,13,85.069,92.8,2345.85,76.133,0,1,6,0.274,0.319,1,7,0,0,3,2.47,0.71,6.15,1.0,14.3,16.7
657097,Jacob Webb,2025-04-05,21,86.79,93.6,2310.24,74.575,0,2,12,0.298,0.268,1,13,1,0,3,2.15,1.01,6.47,1.0,7.7,16.7
657097,Jacob Webb,2025-04-06,17,86.694,94.1,2380.0,78.6,0,0,4,0.008,0.176,3,7,2,1,3,2.37,0.53,6.39,1.0,42.9,0.0
657097,Jacob Webb,2025-04-08,21,87.195,92.5,2320.38,82.34,0,3,10,0.615,0.46,3,13,1,0,3,2.05,0.74,6.41,1.0,23.1,30.0
657097,Jacob Webb,2025-04-13,12,86.5,94.1,2285.0,81.8,0,1,4,0.252,0.25,2,7,1,0,3,2.24,0.98,6.28,1.0,28.6,25.0
657097,Jacob Webb,2025-04-15,11,86.373,93.4,2363.18,80.9,0,1,2,0.09,0.269,2,4,0,0,1,2.39,0.81,6.45,0.33,50.0,50.0
657097,Jacob Webb,2025-04-16,12,89.442,94.0,2444.5,91.78,0,3,5,0.401,0.423,0,5,1,0,4,1.9,0.65,6.51,1.33,0.0,60.0
657097,Jacob Webb,2025-04-19,22,86.605,93.6,2383.77,78.586,0,1,7,0.213,0.202,2,9,1,0,6,2.22,0.93,6.46,2.0,22.2,14.3
657097,Jacob Webb,2025-04-22,10,85.81,93.3,2382.2,89.96,2,2,5,0.249,0.405,2,7,0,0,3,2.64,-0.17,6.16,1.0,28.6,40.0
657097,Jacob Webb,2025-04-26,17,88.671,94.1,2318.18,73.267,0,1,3,0.507,0.589,1,4,0,2,2,2.08,0.87,6.38,0.67,25.0,33.3
657097,Jacob Webb,2025-04-28,16,88.506,93.6,2380.75,75.075,0,0,4,0.039,0.022,4,9,2,0,4,2.1,0.55,6.38,1.33,44.4,0.0
657097,Jacob Webb,2025-05-01,9,87.6,92.8,2440.56,95.65,0,1,2,0.371,0.46,1,4,0,1,1,2.14,0.59,6.34,0.33,25.0,50.0
657097,Jacob Webb,2025-05-04,29,88.207,93.7,2296.83,87.588,0,2,8,0.251,0.316,2,11,0,0,6,2.1,0.66,6.37,2.0,18.2,25.0
657097,Jacob Webb,2025-05-07,9,89.6,93.9,2436.78,70.525,0,1,4,0.339,0.311,1,6,0,0,2,1.88,0.73,6.43,0.67,16.7,25.0
657097,Jacob Webb,2025-05-09,20,87.575,93.3,2351.35,75.517,0,0,6,0.003,0.173,1,8,2,1,3,1.95,0.9,6.41,1.0,12.5,0.0
657097,Jacob Webb,2025-05-12,11,87.764,94.3,2455.09,72.55,0,0,4,0.365,0.433,0,4,0,1,2,2.31,0.26,6.29,0.67,0.0,0.0
657097,Jacob Webb,2025-05-17,22,87.155,93.9,2512.14,82.825,0,0,4,0.018,0.281,2,7,2,2,3,2.4,0.09,6.32,1.0,28.6,0.0
657097,Jacob Webb,2025-05-20,18,88.428,94.5,2433.17,72.743,0,0,7,0.112,0.084,2,9,1,0,3,2.05,0.71,6.42,1.0,22.2,0.0
657097,Jacob Webb,2025-05-24,28,88.175,92.9,2423.46,80.675,0,0,8,0.154,0.287,2,11,1,2,2,2.0,0.66,6.4,0.67,18.2,0.0
657097,Jacob Webb,2025-05-26,9,88.856,94.5,2438.0,88.025,0,2,4,0.274,0.278,0,4,0,0,2,1.97,0.95,6.39,0.67,0.0,50.0
657097,Jacob Webb,2025-05-28,17,90.506,95.7,2452.76,72.278,1,2,9,0.454,0.618,1,10,0,0,3,1.89,0.75,6.48,1.0,10.0,22.2
657097,Jacob Webb,2025-05-31,18,88.683,94.9,2517.33,84.571,0,3,7,0.231,0.383,3,11,0,1,3,2.11,0.43,6.38,1.0,27.3,42.9
657097,Jacob Webb,2025-06-04,31,88.742,94.7,2388.42,78.267,0,0,15,0.387,0.216,4,20,2,0,4,1.97,0.77,6.22,1.33,20.0,0.0
657097,Jacob Webb,2025-06-08,29,89.531,95.0,2438.79,80.15,0,1,12,0.272,0.259,1,16,0,0,5,1.78,0.79,6.54,1.67,6.2,8.3
657097,Jacob Webb,2025-06-11,9,90.067,94.1,2352.89,81.05,0,0,4,0.147,0.101,2,6,1,0,3,1.74,0.83,6.44,1.0,33.3,0.0
657097,Jacob Webb,2025-06-13,22,89.868,94.3,2433.91,91.171,0,2,7,0.298,0.251,2,10,1,0,6,1.89,0.52,6.42,2.0,20.0,28.6
657097,Jacob Webb,2025-06-15,27,87.504,94.2,2332.44,81.883,1,2,6,0.518,0.37,8,15,3,1,4,2.29,0.7,6.42,1.33,53.3,33.3
657097,Jacob Webb,2025-06-18,16,87.525,93.9,2442.38,84.386,0,2,7,0.465,0.431,1,8,0,0,3,2.43,0.26,6.3,1.0,12.5,28.6
657097,Jacob Webb,2025-06-23,9,91.333,95.6,2528.33,55.65,0,0,2,0.15,0.091,1,3,1,0,3,1.6,0.6,6.29,1.0,33.3,0.0
657097,Jacob Webb,2025-06-25,6,90.783,94.8,2565.5,91.4,0,1,2,0.036,0.038,2,4,1,0,3,1.82,0.53,6.43,1.0,50.0,50.0
657097,Jacob Webb,2025-06-27,33,87.958,94.0,,81.854,0,4,13,0.33,0.337,2,16,0,0,6,2.3,0.56,6.4,2.0,12.5,30.8
657097,Jacob Webb,2025-06-30,19,87.9,94.7,2428.74,87.067,0,1,3,0.628,0.146,4,7,3,0,3,2.27,0.45,6.47,1.0,57.1,33.3
657097,Jacob Webb,2025-07-02,10,88.6,94.3,2448.1,81.15,0,0,4,0.305,0.214,4,8,1,0,3,2.16,0.47,6.25,1.0,50.0,0.0
657097,Jacob Webb,2025-07-04,6,89.433,94.6,2400.0,81.75,0,1,4,0.059,0.078,0,5,0,0,3,1.93,0.67,6.43,1.0,0.0,25.0
657097,Jacob Webb,2025-07-07,13,89.454,94.2,2552.46,84.833,0,0,3,0.038,0.015,1,5,2,0,3,1.97,0.48,6.38,1.0,20.0,0.0
657097,Jacob Webb,2025-07-09,7,86.143,94.9,2687.14,66.5,0,1,5,0.299,0.279,1,6,0,0,1,2.94,-0.43,6.27,0.33,16.7,20.0
657097,Jacob Webb,2025-07-12,11,87.827,94.1,2517.0,89.8,0,3,5,0.432,0.401,3,8,1,0,3,2.37,0.05,6.25,1.0,37.5,60.0
657097,Jacob Webb,2025-07-19,27,87.215,94.4,2494.44,83.7,1,4,10,0.147,0.223,1,11,0,0,6,2.31,0.62,6.3,2.0,9.1,40.0
657097,Jacob Webb,2025-07-25,17,88.7,93.7,2365.82,75.88,0,0,5,0.189,0.129,2,7,1,0,3,1.94,0.59,6.42,1.0,28.6,0.0
657097,Jacob Webb,2025-07-28,36,86.883,94.5,2462.78,71.508,1,2,13,0.459,0.24,4,18,4,0,5,2.35,0.43,6.23,1.67,22.2,15.4
657097,Jacob Webb,2025-08-21,21,87.733,93.8,2461.24,89.971,1,2,7,0.334,0.504,0,7,0,1,4,2.22,0.41,6.39,1.33,0.0,28.6
657097,Jacob Webb,2025-08-23,17,89.359,94.1,2450.18,78.16,0,0,5,0.245,0.291,3,8,1,0,3,1.9,0.73,6.51,1.0,37.5,0.0
657097,Jacob Webb,2025-08-25,28,88.043,93.9,2384.43,86.222,2,3,9,0.48,0.538,2,11,2,1,5,2.17,0.59,6.41,1.67,18.2,33.3
657097,Jacob Webb,2025-08-27,26,88.858,94.4,2463.96,72.873,0,1,11,0.034,0.134,4,16,2,1,5,1.87,0.72,6.39,1.67,25.0,9.1
657097,Jacob Webb,2025-08-30,10,89.28,94.4,2543.9,84.7,0,0,2,0.509,0.246,1,4,1,0,2,1.95,0.67,6.33,0.67,25.0,0.0
657097,Jacob Webb,2025-09-01,25,88.74,94.8,2503.44,84.7,0,3,10,0.199,0.144,3,16,2,0,7,2.18,0.38,6.27,2.33,18.8,30.0
657097,Jacob Webb,2025-09-08,19,87.942,92.9,2384.84,81.1,0,1,7,0.475,0.496,2,9,0,1,2,1.91,0.94,6.6,0.67,22.2,14.3
657097,Jacob Webb,2025-09-14,20,85.935,94.0,2515.3,86.5,0,2,6,0.131,0.06,2,9,2,0,3,2.82,-0.15,6.42,1.0,22.2,33.3
657097,Jacob Webb,2025-09-15,5,86.68,94.0,2481.8,101.5,0,2,2,0.582,0.684,1,3,0,0,1,2.41,0.78,6.3,0.33,33.3,100.0
657097,Jacob Webb,2025-09-20,21,88.886,94.1,2506.43,77.44,0,0,5,0.008,0.004,6,11,3,0,5,2.06,0.48,6.41,1.67,54.5,0.0
657097,Jacob Webb,2025-09-23,18,89.094,94.2,2544.61,83.775,0,1,4,0.308,0.31,2,6,1,1,4,2.08,0.42,6.37,1.33,33.3,25.0
657097,Jacob Webb,2025-09-25,25,87.116,94.1,2413.52,76.04,1,1,5,0.169,0.128,8,13,3,0,6,2.45,0.61,6.39,2.0,61.5,20.0
657097,Jacob Webb,2025-09-27,18,87.028,93.7,2455.94,90.825,0,1,4,0.196,0.109,4,8,2,0,5,2.26,0.56,6.37,1.67,50.0,25.0
664208,Phil Maton,2025-08-01,23,83.596,92.5,2848.87,85.4,1,2,5,0.254,0.381,3,10,1,1,3,3.09,-0.69,7.0,1.0,30.0,40.0
664208,Phil Maton,2025-08-02,15,84.773,90.8,2741.0,78.4,0,0,5,0.345,0.208,1,7,1,0,3,2.96,-0.62,6.98,1.0,14.3,0.0
664208,Phil Maton,2025-08-05,9,82.211,93.2,2907.33,87.367,0,0,3,0.488,0.295,0,3,1,0,2,3.49,-1.15,7.09,0.67,0.0,0.0
664208,Phil Maton,2025-08-10,11,82.436,89.9,2799.73,71.925,0,0,4,0.035,0.245,0,4,0,0,3,3.26,-0.63,6.92,1.0,0.0,0.0
664208,Phil Maton,2025-08-11,13,81.746,91.2,2925.31,67.55,0,0,6,0.506,0.319,1,7,1,0,3,3.62,-1.07,7.08,1.0,14.3,0.0
664208,Phil Maton,2025-08-13,24,84.846,91.5,2685.79,102.933,1,3,3,0.492,0.494,5,9,3,1,4,2.97,-0.19,7.06,1.33,55.6,100.0
664208,Phil Maton,2025-08-15,25,85.612,92.5,2860.52,89.1,0,1,3,0.314,0.326,4,7,2,2,3,2.84,-0.59,7.16,1.0,57.1,33.3
664208,Phil Maton,2025-08-18,12,86.208,90.0,2687.08,81.05,0,1,2,0.609,0.384,3,5,1,0,3,2.5,-0.32,6.94,1.0,60.0,50.0
664208,Phil Maton,2025-08-22,19,83.905,91.4,2786.05,80.833,0,1,6,0.992,0.234,4,11,3,0,3,3.13,-0.62,7.03,1.0,36.4,16.7
664208,Phil Maton,2025-08-26,4,88.05,91.2,2579.25,54.9,0,0,1,0.005,0.002,1,2,1,0,2,2.04,-0.44,6.88,0.67,50.0,0.0
664208,Phil Maton,2025-08-30,22,84.214,93.0,2942.59,80.729,0,1,7,0.137,0.23,3,13,2,1,3,3.07,-0.59,6.93,1.0,23.1,14.3
664208,Phil Maton,2025-08-31,29,85.466,93.0,2792.28,81.571,0,2,7,0.559,0.362,6,14,2,1,3,2.84,-0.47,6.94,1.0,42.9,28.6
664208,Phil Maton,2025-09-05,22,82.241,91.2,2830.41,82.56,0,2,5,0.653,0.276,6,12,3,0,4,3.52,-0.74,6.94,1.33,50.0,40.0
664208,Phil Maton,2025-09-07,23,82.622,91.1,2890.35,76.7,0,0,5,0.302,0.165,3,11,2,0,4,3.41,-0.69,7.15,1.33,27.3,0.0
664208,Phil Maton,2025-09-09,12,83.308,90.3,2821.83,73.75,0,0,2,0.466,0.28,2,5,1,0,3,3.31,-0.37,6.78,1.0,40.0,0.0
664208,Phil Maton,2025-09-10,10,82.84,89.9,2886.0,68.25,0,0,4,0.367,0.165,3,7,1,0,2,3.34,-0.67,7.15,0.67,42.9,0.0
664208,Phil Maton,2025-09-12,13,83.408,91.8,2893.46,89.6,0,1,2,0.119,0.04,4,6,2,0,3,3.43,-0.71,7.1,1.0,66.7,50.0
664208,Phil Maton,2025-09-13,15,83.32,91.4,2883.8,79.733,0,0,3,0.992,0.407,5,8,2,1,2,3.23,-0.85,6.99,0.67,62.5,0.0
664208,Phil Maton,2025-09-17,5,82.4,90.9,2929.6,94.8,0,0,1,0.476,0.448,0,1,0,0,1,3.09,-0.93,6.8,0.33,0.0,0.0
664208,Phil Maton,2025-09-19,18,82.944,92.0,2860.33,77.656,0,3,9,0.319,0.298,1,10,0,0,4,3.4,-0.69,6.91,1.33,10.0,33.3
664208,Phil Maton,2025-09-21,12,85.508,91.3,2786.92,69.725,0,0,4,0.684,0.205,5,9,2,0,2,2.78,-0.5,7.15,0.67,55.6,0.0
664208,Phil Maton,2025-09-24,14,85.55,91.6,2810.0,87.467,0,0,3,0.166,0.122,1,4,1,0,3,2.77,-0.54,7.18,1.0,25.0,0.0
664208,Phil Maton,2025-09-26,27,84.278,92.5,2786.48,79.018,0,3,11,0.133,0.231,3,14,1,1,3,3.04,-0.56,7.14,1.0,21.4,27.3
668390,Cole Winn,2025-05-16,40,91.012,96.4,2527.95,85.171,0,7,17,0.266,0.234,3,22,1,0,7,2.44,0.36,6.87,2.33,13.6,41.2
668390,Cole Winn,2025-05-23,14,91.629,96.1,2471.14,69.0,0,0,5,0.036,0.011,1,7,2,0,3,2.23,0.5,6.92,1.0,14.3,0.0
668390,Cole Winn,2025-05-26,11,92.873,95.4,2423.73,78.175,0,2,4,0.3,0.426,0,4,0,1,3,2.06,0.81,6.66,1.0,0.0,50.0
668390,Cole Winn,2025-05-31,27,92.185,96.6,2528.78,80.82,0,0,5,0.146,0.192,3,9,2,1,5,2.29,0.54,6.76,1.67,33.3,0.0
668390,Cole Winn,2025-06-04,17,92.9,96.5,2365.0,91.05,1,2,4,0.245,0.411,2,6,1,1,3,2.0,0.41,6.63,1.0,33.3,50.0
668390,Cole Winn,2025-06-10,12,92.65,96.1,2469.83,92.275,0,2,4,0.085,0.232,1,5,0,1,3,2.1,0.48,6.88,1.0,20.0,50.0
668390,Cole Winn,2025-06-12,16,89.962,95.5,2396.94,84.82,0,2,5,0.381,0.288,2,8,1,0,3,2.55,0.2,6.79,1.0,25.0,40.0
668390,Cole Winn,2025-06-13,18,93.022,96.8,2462.94,78.1,0,1,6,0.214,0.197,1,8,0,0,3,2.17,0.67,6.82,1.0,12.5,16.7
668390,Cole Winn,2025-06-15,27,91.863,97.9,2269.15,85.667,0,2,6,0.276,0.18,2,11,2,0,4,2.18,0.66,6.84,1.33,18.2,33.3
668390,Cole Winn,2025-06-19,18,91.489,96.5,2413.83,81.173,1,3,11,0.222,0.359,0,12,0,1,4,2.23,0.31,6.75,1.33,0.0,27.3
668390,Cole Winn,2025-06-25,10,92.35,96.5,2230.4,97.3,0,2,2,0.336,0.203,2,4,1,0,3,1.82,0.61,6.73,1.0,50.0,100.0
668390,Cole Winn,2025-06-27,18,91.017,95.9,,100.82,1,4,5,0.503,0.593,2,7,1,1,3,2.46,0.38,6.86,1.0,28.6,80.0
668390,Cole Winn,2025-06-29,20,92.6,96.9,,79.444,1,2,9,0.313,0.462,3,13,0,0,6,2.06,0.46,6.88,2.0,23.1,22.2
668390,Cole Winn,2025-07-21,16,93.3,97.1,2298.56,91.95,0,1,2,0.012,0.181,1,5,1,1,3,1.84,0.61,7.0,1.0,20.0,50.0
668390,Cole Winn,2025-07-27,19,92.279,96.8,2237.26,83.233,1,1,6,0.677,0.298,5,11,3,0,3,1.93,0.65,6.89,1.0,45.5,16.7
668390,Cole Winn,2025-07-28,15,90.213,97.4,2428.33,93.167,1,1,3,0.322,0.382,4,8,1,0,3,2.52,0.26,6.99,1.0,50.0,33.3
668390,Cole Winn,2025-08-02,17,93.888,98.1,2154.18,83.02,0,0,5,0.009,0.179,3,8,1,1,3,1.76,0.89,6.9,1.0,37.5,0.0
668390,Cole Winn,2025-08-03,13,91.338,97.5,2291.85,87.825,0,1,4,0.292,0.193,4,8,2,0,3,2.32,0.63,6.89,1.0,50.0,25.0
668390,Cole Winn,2025-08-06,19,92.389,97.7,2304.47,90.412,0,2,8,0.136,0.318,0,8,0,2,4,2.07,0.67,6.84,1.33,0.0,25.0
668390,Cole Winn,2025-08-08,19,91.468,97.4,2339.16,91.4,0,3,8,0.342,0.343,0,10,0,0,4,2.23,0.31,6.77,1.33,0.0,37.5
668390,Cole Winn,2025-08-10,16,90.569,98.1,2316.69,81.543,0,0,7,0.332,0.255,1,8,1,0,6,2.51,0.27,6.85,2.0,12.5,0.0
668390,Cole Winn,2025-08-12,22,90.577,96.8,2281.55,75.6,0,1,5,0.562,0.149,3,11,3,0,3,2.46,0.54,6.86,1.0,27.3,20.0
668390,Cole Winn,2025-08-15,10,90.6,96.3,2110.7,83.725,0,1,4,0.184,0.169,0,4,0,0,3,2.34,0.79,7.14,1.0,0.0,25.0
668390,Cole Winn,2025-08-17,19,93.168,97.7,2254.32,89.014,0,2,7,,0.461,0,7,1,2,1,1.77,0.71,6.79,0.33,0.0,28.6
668390,Cole Winn,2025-08-19,29,91.738,97.2,2307.14,77.329,1,1,7,0.522,0.597,2,9,2,1,3,2.12,0.25,6.79,1.0,22.2,14.3
668390,Cole Winn,2025-09-06,29,92.138,97.6,2475.79,91.288,0,3,8,0.305,0.311,4,13,1,1,5,2.08,0.38,6.76,1.67,30.8,37.5
668390,Cole Winn,2025-09-08,18,93.794,96.7,2492.17,92.58,1,2,5,0.267,0.405,0,5,0,0,3,1.7,0.59,6.84,1.0,0.0,40.0
668390,Cole Winn,2025-09-13,15,94.047,98.2,2386.67,90.033,0,0,3,0.954,0.406,0,5,2,0,2,1.63,0.38,6.99,0.67,0.0,0.0
668390,Cole Winn,2025-09-14,9,93.867,96.3,2303.33,94.067,1,2,3,0.461,0.716,0,3,0,0,2,1.78,0.54,7.0,0.67,0.0,66.7
668390,Cole Winn,2025-09-16,21,91.39,96.9,2454.48,86.86,0,2,5,0.484,0.423,1,8,1,1,3,2.24,0.4,6.74,1.0,12.5,40.0
668390,Cole Winn,2025-09-19,18,91.067,97.1,2400.44,81.9,1,1,7,0.293,0.234,2,11,2,0,5,2.33,0.28,6.84,1.67,18.2,14.3
668390,Cole Winn,2025-09-21,13,92.915,97.1,2220.92,95.975,1,3,4,0.424,0.4,2,6,1,0,3,1.81,0.63,6.82,1.0,33.3,75.0
668390,Cole Winn,2025-09-23,34,91.988,96.0,2374.47,81.062,0,2,13,0.109,0.153,5,18,2,0,6,1.93,0.51,6.91,2.0,27.8,15.4
676051,Codi Heuer,2025-06-03,20,91.42,96.5,2309.55,86.14,1,2,10,0.212,0.288,3,15,1,0,4,1.86,0.7,7.16,1.33,20.0,20.0
676395,Robert Garcia,2025-03-27,24,91.946,95.8,2093.5,77.343,0,0,7,0.33,0.506,5,13,0,2,2,1.96,0.94,6.42,0.67,38.5,0.0
676395,Robert Garcia,2025-03-29,22,89.973,94.1,1972.95,69.125,0,1,8,0.314,0.313,4,12,1,1,3,2.58,0.89,6.33,1.0,33.3,12.5
676395,Robert Garcia,2025-03-30,10,87.78,93.3,2223.1,95.067,2,2,3,0.491,0.567,2,6,1,0,3,2.52,0.3,6.57,1.0,33.3,66.7
676395,Robert Garcia,2025-04-02,16,88.362,94.5,2144.0,73.25,0,0,4,0.045,0.015,4,8,2,0,3,2.4,0.45,6.58,1.0,50.0,0.0
676395,Robert Garcia,2025-04-04,12,88.308,94.4,2256.83,85.775,0,1,4,0.506,0.306,2,6,1,0,2,2.54,0.17,6.59,0.67,33.3,25.0
676395,Robert Garcia,2025-04-05,6,86.167,90.5,2302.67,81.3,0,0,2,0.21,0.235,0,2,0,0,1,2.6,-0.18,6.52,0.33,0.0,0.0
676395,Robert Garcia,2025-04-09,20,89.26,93.7,1929.8,79.344,0,0,9,0.33,0.252,1,10,1,0,4,2.25,0.98,6.4,1.33,10.0,0.0
676395,Robert Garcia,2025-04-13,21,89.795,95.7,2034.38,79.629,0,1,7,0.304,0.214,6,15,1,0,3,2.45,0.63,6.36,1.0,40.0,14.3
676395,Robert Garcia,2025-04-15,8,90.512,94.2,1951.62,75.417,0,0,6,0.428,0.402,1,7,0,0,2,2.15,1.32,6.32,0.67,14.3,0.0
676395,Robert Garcia,2025-04-17,5,87.16,89.2,1986.8,79.9,0,1,2,0.224,0.136,1,3,1,0,3,2.98,0.49,6.3,1.0,33.3,50.0
676395,Robert Garcia,2025-04-19,16,89.344,94.9,2154.44,88.033,1,1,3,0.531,0.393,1,4,2,1,2,2.33,0.42,6.46,0.67,25.0,33.3
676395,Robert Garcia,2025-04-22,2,92.55,92.6,2160.5,107.4,1,1,1,0.648,1.107,0,1,0,0,1,1.8,0.8,6.25,0.33,0.0,100.0
676395,Robert Garcia,2025-04-24,10,90.36,95.7,2127.2,83.06,1,1,5,0.589,0.695,0,7,0,0,2,2.38,0.74,6.43,0.67,0.0,20.0
676395,Robert Garcia,2025-04-25,15,90.32,95.4,2283.4,69.0,0,0,3,,0.0,1,4,3,0,3,2.13,0.2,6.57,1.0,25.0,0.0
676395,Robert Garcia,2025-04-27,10,89.88,95.1,2047.8,74.667,0,0,3,0.398,0.389,0,4,0,0,2,2.18,0.63,6.6,0.67,0.0,0.0
676395,Robert Garcia,2025-04-30,10,90.2,95.0,2227.8,88.7,0,1,4,0.264,0.279,0,4,0,0,2,2.23,0.46,6.39,0.67,0.0,25.0
676395,Robert Garcia,2025-05-03,12,88.133,94.9,1994.75,89.971,0,3,7,0.2,0.186,0,7,0,0,3,2.66,0.75,6.47,1.0,0.0,42.9
676395,Robert Garcia,2025-05-06,8,92.3,95.1,2352.62,69.9,0,0,2,,0.0,1,3,2,0,2,1.8,0.65,6.54,0.67,33.3,0.0
676395,Robert Garcia,2025-05-07,10,92.05,96.0,2148.5,85.233,0,1,6,0.352,0.335,1,7,0,0,3,1.85,0.72,6.39,1.0,14.3,16.7
676395,Robert Garcia,2025-05-11,5,87.06,89.8,1933.0,83.867,0,0,3,0.43,0.336,0,3,0,0,2,2.79,0.73,6.3,0.67,0.0,0.0
676395,Robert Garcia,2025-05-12,14,90.443,95.6,2037.71,87.2,0,0,1,0.008,0.233,2,3,1,1,2,2.25,0.59,6.48,0.67,66.7,0.0
676395,Robert Garcia,2025-05-14,6,91.167,95.6,2218.67,82.05,0,0,2,0.438,0.198,1,3,1,0,2,2.13,0.6,6.38,0.67,33.3,0.0
676395,Robert Garcia,2025-05-17,14,88.929,94.3,2047.79,84.433,0,0,3,0.066,0.073,0,4,0,0,3,2.45,0.57,6.31,1.0,0.0,0.0
676395,Robert Garcia,2025-05-18,14,87.986,93.8,2123.79,86.35,0,1,4,0.218,0.361,0,4,0,1,3,2.62,0.29,6.43,1.0,0.0,25.0
676395,Robert Garcia,2025-05-21,17,89.782,94.9,2202.24,82.733,0,1,3,0.051,0.368,1,4,1,2,2,2.26,0.51,6.46,0.67,25.0,33.3
676395,Robert Garcia,2025-05-25,11,89.782,95.3,2204.55,94.92,0,2,5,0.201,0.221,1,7,1,0,2,2.47,0.35,6.55,0.67,14.3,40.0
676395,Robert Garcia,2025-05-27,15,91.2,95.8,2005.27,80.883,0,0,6,0.131,0.041,3,9,2,0,3,2.33,0.85,6.47,1.0,33.3,0.0
676395,Robert Garcia,2025-05-28,17,90.524,94.6,2103.65,77.7,0,1,5,0.454,0.208,5,10,2,0,3,2.12,0.77,6.49,1.0,50.0,20.0
676395,Robert Garcia,2025-06-05,26,90.896,96.1,2078.35,87.382,0,4,11,0.223,0.274,1,13,0,1,2,2.05,0.57,6.44,0.67,7.7,36.4
676395,Robert Garcia,2025-06-08,20,90.83,94.7,2119.6,86.42,0,3,10,0.381,0.243,4,14,2,0,4,2.06,0.84,6.53,1.33,28.6,30.0
676395,Robert Garcia,2025-06-13,23,91.417,95.9,2204.09,86.9,0,2,5,0.399,0.423,6,11,1,2,3,2.02,0.66,6.68,1.0,54.5,40.0
676395,Robert Garcia,2025-06-14,5,91.78,94.8,2044.6,82.85,1,1,2,0.586,0.534,1,3,1,0,1,2.01,1.09,6.58,0.33,33.3,50.0
676395,Robert Garcia,2025-06-19,12,90.6,95.2,2215.0,91.4,1,1,3,0.434,0.635,2,5,1,0,3,2.19,0.94,6.58,1.0,40.0,33.3
676395,Robert Garcia,2025-06-20,10,90.87,96.3,2174.4,91.825,0,2,4,0.259,0.241,0,5,0,0,3,2.18,0.58,6.49,1.0,0.0,50.0
676395,Robert Garcia,2025-06-24,9,91.478,96.0,1921.0,68.025,0,0,4,0.01,0.006,1,5,1,0,3,2.34,0.94,6.33,1.0,20.0,0.0
676395,Robert Garcia,2025-06-27,15,90.22,94.2,,79.1,0,0,6,0.096,0.059,3,9,1,0,3,2.17,0.54,6.57,1.0,33.3,0.0
676395,Robert Garcia,2025-06-28,10,89.92,95.1,2145.8,89.48,0,2,5,0.553,0.521,1,6,0,0,2,2.39,0.53,6.55,0.67,16.7,40.0
676395,Robert Garcia,2025-06-30,16,90.325,94.8,2349.88,81.46,1,2,5,0.587,0.526,1,7,2,0,3,2.17,0.52,6.42,1.0,14.3,40.0
676395,Robert Garcia,2025-07-04,13,90.0,96.6,2125.0,71.967,0,0,3,0.837,0.39,3,6,2,0,2,2.44,0.58,6.62,0.67,50.0,0.0
676395,Robert Garcia,2025-07-05,25,91.732,96.4,2114.64,70.6,0,0,7,0.556,0.344,4,12,2,1,2,2.09,0.81,6.39,0.67,33.3,0.0
676395,Robert Garcia,2025-07-11,13,91.531,95.4,2079.38,90.25,0,0,2,0.094,0.07,4,6,1,0,3,2.21,1.05,6.58,1.0,66.7,0.0
676395,Robert Garcia,2025-07-12,19,92.742,95.7,2122.42,57.033,0,0,3,0.58,0.477,3,6,1,2,3,1.79,1.08,6.63,1.0,50.0,0.0
676395,Robert Garcia,2025-07-18,10,91.22,96.4,2192.3,82.15,0,1,4,0.398,0.191,2,6,2,0,3,2.17,0.66,6.36,1.0,33.3,25.0
676395,Robert Garcia,2025-07-22,28,92.396,95.9,2201.82,76.44,0,0,10,0.248,0.276,4,14,1,1,3,1.88,0.78,6.52,1.0,28.6,0.0
676395,Robert Garcia,2025-07-23,12,91.95,96.6,2265.5,78.35,0,0,2,0.374,0.172,5,7,2,0,3,1.78,0.61,6.39,1.0,71.4,0.0
676395,Robert Garcia,2025-07-25,12,92.492,95.5,2194.08,73.267,0,0,3,0.13,0.058,2,5,1,0,2,1.79,0.85,6.36,0.67,40.0,0.0
676395,Robert Garcia,2025-07-30,10,92.63,96.1,2075.2,86.567,0,1,3,0.01,0.004,3,6,2,0,3,1.9,1.02,6.52,1.0,50.0,33.3
676395,Robert Garcia,2025-08-01,5,93.38,95.3,2332.8,88.867,1,2,3,0.74,0.997,0,3,0,0,0,1.69,0.68,6.42,0.0,0.0,66.7
676395,Robert Garcia,2025-08-02,17,90.876,95.2,2116.76,100.3,1,2,3,0.702,0.763,4,7,1,0,2,2.24,0.53,6.41,0.67,57.1,66.7
676395,Robert Garcia,2025-08-06,14,91.193,96.6,2082.64,71.175,1,1,8,0.391,0.525,2,10,1,0,2,2.28,0.98,6.41,0.67,20.0,12.5
676395,Robert Garcia,2025-08-08,29,90.938,96.5,2093.34,78.5,0,1,5,0.346,0.297,3,10,3,2,4,2.2,0.69,6.41,1.33,30.0,20.0
676395,Robert Garcia,2025-08-10,9,90.167,95.5,2074.0,73.5,0,1,3,0.327,0.246,2,6,1,0,3,2.33,0.64,6.63,1.0,33.3,33.3
676395,Robert Garcia,2025-08-12,18,90.233,97.2,2078.72,69.717,0,1,6,0.054,0.06,3,10,1,0,4,2.45,0.62,6.41,1.33,30.0,16.7
676395,Robert Garcia,2025-08-15,11,92.236,96.4,2085.82,87.8,1,2,5,0.486,0.662,0,5,0,0,1,2.0,0.8,6.59,0.33,0.0,40.0
676395,Robert Garcia,2025-08-18,18,91.822,96.2,2262.33,88.04,0,1,5,0.428,0.369,0,5,1,1,2,1.98,0.54,6.57,0.67,0.0,20.0
676395,Robert Garcia,2025-08-21,10,91.85,96.2,2129.5,82.78,0,0,5,0.488,0.423,2,7,1,1,3,1.92,0.76,6.37,1.0,28.6,0.0
676395,Robert Garcia,2025-08-22,14,93.193,96.3,2166.36,83.46,1,1,5,0.241,0.287,3,8,1,0,3,1.8,0.86,6.56,1.0,37.5,20.0
676395,Robert Garcia,2025-08-25,10,93.97,96.1,2217.6,73.775,0,1,4,0.184,0.103,3,7,2,0,3,1.56,0.77,6.42,1.0,42.9,25.0
676395,Robert Garcia,2025-08-30,15,93.253,96.3,2099.73,85.986,0,1,7,0.205,0.161,4,11,1,0,3,2.01,1.09,6.34,1.0,36.4,14.3
676395,Robert Garcia,2025-09-03,27,92.007,96.4,2177.67,73.4,0,0,11,0.09,0.052,1,13,2,0,5,1.89,0.71,6.41,1.67,7.7,0.0
676395,Robert Garcia,2025-09-05,7,92.443,95.3,1953.86,81.46,0,2,5,0.144,0.132,0,5,0,0,3,1.95,1.18,6.5,1.0,0.0,40.0
676395,Robert Garcia,2025-09-07,6,92.917,96.5,2054.17,101.3,0,3,3,0.475,0.497,1,4,0,0,2,1.76,1.22,6.47,0.67,25.0,100.0
676395,Robert Garcia,2025-09-09,17,92.4,96.1,2320.71,88.7,0,2,6,0.427,0.4,0,6,0,0,3,1.93,0.48,6.44,1.0,0.0,33.3
676395,Robert Garcia,2025-09-10,12,90.217,95.5,2139.75,83.54,0,1,5,0.321,0.228,1,6,1,0,3,2.19,0.73,6.37,1.0,16.7,20.0
676395,Robert Garcia,2025-09-12,16,91.206,95.6,2170.75,82.814,0,1,7,0.456,0.34,1,9,1,0,3,2.09,0.66,6.65,1.0,11.1,14.3
676395,Robert Garcia,2025-09-14,7,90.971,95.4,2390.86,74.5,0,0,2,0.05,0.035,0,2,1,0,3,2.1,0.34,7.17,1.0,0.0,0.0
676395,Robert Garcia,2025-09-17,12,91.525,96.1,2079.08,81.025,1,1,4,0.369,0.46,4,8,1,0,3,2.25,1.05,6.62,1.0,50.0,25.0
676395,Robert Garcia,2025-09-19,14,91.793,96.0,2122.43,84.7,0,2,4,0.524,0.478,2,6,1,0,1,2.17,1.0,6.48,0.33,33.3,50.0
676395,Robert Garcia,2025-09-21,9,90.344,95.1,2028.78,92.433,0,1,3,0.212,0.255,1,4,1,0,4,2.18,1.1,6.37,1.33,25.0,33.3
676395,Robert Garcia,2025-09-24,14,90.686,94.7,2224.57,90.367,0,2,6,0.155,0.12,0,6,1,0,5,2.2,0.75,6.41,1.67,0.0,33.3
676395,Robert Garcia,2025-09-27,23,90.352,95.9,2037.52,76.66,0,0,10,0.156,0.379,0,11,0,1,2,2.46,0.6,6.72,0.67,0.0,0.0
676961,Caleb Boushley,2025-04-12,55,88.567,93.0,2200.18,84.319,1,6,16,0.356,0.385,5,21,3,2,9,2.01,0.6,5.92,3.0,23.8,37.5
676961,Caleb Boushley,2025-04-23,41,88.059,93.5,2236.32,77.236,1,2,11,0.22,0.171,5,17,3,0,6,2.29,0.48,5.92,2.0,29.4,18.2
676961,Caleb Boushley,2025-04-27,24,86.908,93.1,2228.96,83.78,0,1,5,0.177,0.267,2,7,0,0,5,2.5,0.24,5.87,1.67,28.6,20.0
676961,Caleb Boushley,2025-05-02,19,89.705,93.3,2302.74,81.986,0,2,7,0.243,0.169,1,10,1,0,3,2.0,0.38,5.83,1.0,10.0,28.6
676961,Caleb Boushley,2025-05-07,18,89.95,92.9,2261.72,72.022,1,1,9,0.396,0.495,1,11,1,0,3,1.9,0.36,5.94,1.0,9.1,11.1
676961,Caleb Boushley,2025-05-14,49,88.582,93.9,2273.55,84.173,0,4,11,0.62,0.379,10,21,4,1,7,2.26,0.4,5.88,2.33,47.6,36.4
676961,Caleb Boushley,2025-05-20,34,86.726,92.5,2207.03,84.731,1,6,13,0.463,0.445,1,14,2,1,6,2.46,0.75,5.88,2.0,7.1,46.2
676961,Caleb Boushley,2025-05-23,21,87.733,93.0,2244.24,90.957,0,3,7,0.425,0.332,1,8,1,0,2,2.28,0.68,6.11,0.67,12.5,42.9
676961,Caleb Boushley,2025-05-24,36,88.106,93.4,2287.67,83.138,2,5,16,0.391,0.393,1,17,2,0,6,2.29,0.73,6.28,2.0,5.9,31.2
676961,Caleb Boushley,2025-05-30,37,88.703,93.7,2393.43,83.262,0,3,13,0.333,0.254,4,19,4,0,9,2.38,0.44,5.96,3.0,21.1,23.1
676961,Caleb Boushley,2025-06-10,7,90.1,92.8,2298.57,90.825,1,2,4,0.49,0.648,0,4,0,0,2,2.05,0.31,5.89,0.67,0.0,50.0
676961,Caleb Boushley,2025-06-11,16,89.519,93.5,2276.38,72.643,0,0,7,0.333,0.246,0,7,1,0,3,2.11,0.73,6.04,1.0,0.0,0.0
676961,Caleb Boushley,2025-06-14,17,89.347,93.2,2287.82,93.5,0,2,3,0.496,0.138,5,8,3,0,3,2.1,0.47,5.88,1.0,62.5,66.7
676961,Caleb Boushley,2025-06-17,36,88.014,93.5,2326.19,88.182,0,4,11,0.319,0.268,4,15,3,0,10,2.5,0.46,5.88,3.33,26.7,36.4
676961,Caleb Boushley,2025-06-22,72,87.967,94.3,2338.11,85.377,4,11,31,0.371,0.416,4,36,1,1,11,2.47,0.34,6.03,3.67,11.1,35.5
676961,Caleb Boushley,2025-07-20,24,87.375,93.9,2279.08,83.514,0,2,7,0.227,0.242,1,8,2,1,4,2.38,0.48,5.8,1.33,12.5,28.6
676961,Caleb Boushley,2025-07-25,16,90.319,94.1,2417.31,89.85,1,2,4,0.545,0.698,0,4,0,2,1,2.02,0.54,5.95,0.33,0.0,50.0
676961,Caleb Boushley,2025-07-27,22,89.155,93.3,2295.86,84.35,0,2,6,0.439,0.394,1,7,1,1,5,2.12,0.65,5.78,1.67,14.3,33.3
676961,Caleb Boushley,2025-07-29,28,88.261,93.2,2252.18,77.0,0,0,9,0.156,0.284,1,10,1,1,5,2.23,0.61,5.9,1.67,10.0,0.0
676961,Caleb Boushley,2025-08-18,11,85.127,93.0,2306.0,55.9,0,0,1,0.062,0.019,2,3,2,0,3,2.76,0.29,5.75,1.0,66.7,0.0
676961,Caleb Boushley,2025-08-20,68,87.896,93.0,2260.28,88.495,3,7,19,0.441,0.515,4,23,0,2,7,2.11,0.52,5.89,2.33,17.4,36.8
676961,Caleb Boushley,2025-08-27,12,90.192,93.4,2391.67,88.26,1,2,5,0.441,0.495,1,6,0,0,2,1.92,0.41,5.72,0.67,16.7,40.0
676961,Caleb Boushley,2025-08-31,20,90.15,93.8,2367.95,87.85,0,3,8,0.614,0.466,2,10,1,0,1,2.04,0.48,5.84,0.33,20.0,37.5
676961,Caleb Boushley,2025-09-02,20,90.425,94.3,2369.6,89.1,0,2,4,0.692,0.322,0,5,2,0,3,2.0,0.6,5.9,1.0,0.0,50.0
676961,Caleb Boushley,2025-09-06,39,88.831,94.6,2397.18,78.94,0,3,15,0.569,0.443,3,18,2,1,3,2.28,0.38,5.87,1.0,16.7,20.0
677649,Ezequiel Duran,2025-03-31,6,41.55,43.9,930.5,78.967,0,0,3,0.442,0.427,0,3,0,0,3,12.17,-0.51,4.12,1.0,0.0,0.0
677649,Ezequiel Duran,2025-06-12,7,45.814,49.0,1014.86,81.033,0,0,3,0.056,0.058,0,3,0,0,3,9.54,0.07,5.37,1.0,0.0,0.0
677649,Ezequiel Duran,2025-07-08,9,38.956,42.6,860.89,70.92,0,0,5,0.218,0.22,0,5,0,0,3,14.23,0.17,4.8,1.0,0.0,0.0
677649,Ezequiel Duran,2025-09-06,3,39.233,40.2,893.67,69.0,0,0,1,0.119,0.111,0,1,0,0,1,14.13,-0.21,5.03,0.33,0.0,0.0
677958,Kumar Rocker,2025-03-31,74,89.535,97.2,2076.64,89.333,2,9,21,0.496,0.526,8,32,3,2,9,2.44,0.55,6.96,3.0,25.0,42.9
677958,Kumar Rocker,2025-04-06,77,91.129,97.6,2151.71,80.923,0,7,31,0.286,0.268,4,40,1,0,14,2.57,0.78,7.01,4.67,10.0,22.6
677958,Kumar Rocker,2025-04-12,68,88.916,96.3,2141.96,92.59,3,10,20,0.376,0.452,4,26,2,2,9,2.83,0.75,6.92,3.0,15.4,50.0
677958,Kumar Rocker,2025-04-17,78,88.619,96.5,2162.73,88.593,2,8,27,0.3,0.245,14,44,8,0,21,2.69,0.42,7.2,7.0,31.8,29.6
677958,Kumar Rocker,2025-04-23,63,89.273,96.6,2083.32,86.159,2,7,29,0.498,0.496,5,35,2,1,5,2.58,0.44,7.15,1.67,14.3,24.1
677958,Kumar Rocker,2025-06-04,66,94.383,99.1,2269.02,87.037,3,7,19,0.528,0.522,13,34,5,2,10,1.89,0.48,6.73,3.33,38.2,36.8
677958,Kumar Rocker,2025-06-15,82,90.983,97.9,2213.45,83.781,0,5,27,0.301,0.222,7,37,6,1,15,2.53,0.46,6.75,5.0,18.9,18.5
677958,Kumar Rocker,2025-06-21,89,90.462,97.5,2161.91,84.57,0,11,30,0.35,0.325,10,43,4,3,15,2.51,0.25,6.85,5.0,23.3,36.7
677958,Kumar Rocker,2025-06-28,97,90.769,97.5,2160.15,82.757,1,6,37,0.341,0.335,8,49,6,1,17,2.44,0.43,6.66,5.67,16.3,16.2
677958,Kumar Rocker,2025-07-04,84,92.071,97.8,2152.42,83.983,4,10,30,0.314,0.404,9,41,4,2,15,2.12,0.7,6.75,5.0,22.0,33.3
677958,Kumar Rocker,2025-07-09,67,91.488,97.3,2126.42,88.096,4,10,24,0.317,0.422,8,33,2,1,13,2.34,0.49,6.7,4.33,24.2,41.7
677958,Kumar Rocker,2025-07-19,96,91.418,97.3,2175.84,79.922,0,5,32,0.254,0.259,10,46,5,3,19,2.31,0.47,6.63,6.33,21.7,15.6
677958,Kumar Rocker,2025-07-26,95,91.231,96.8,2158.19,80.537,2,6,30,0.35,0.332,9,43,5,3,11,2.42,0.62,6.68,3.67,20.9,20.0
677958,Kumar Rocker,2025-07-31,91,91.887,97.5,2157.49,89.748,1,12,31,0.417,0.427,10,49,3,2,14,2.19,0.68,6.67,4.67,20.4,38.7
681168,Luis Curvelo,2025-07-31,20,91.32,97.2,2248.65,74.817,0,0,6,0.305,0.162,4,10,3,0,6,1.96,0.77,6.44,2.0,40.0,0.0
681168,Luis Curvelo,2025-08-02,17,88.247,96.9,2236.88,70.25,0,0,6,0.194,0.146,2,8,1,0,4,2.33,0.54,6.38,1.33,25.0,0.0
681168,Luis Curvelo,2025-08-04,12,88.675,96.5,2313.25,84.0,0,0,3,0.024,0.19,0,3,0,1,3,2.48,0.37,6.66,1.0,0.0,0.0
681168,Luis Curvelo,2025-08-08,44,89.716,97.3,2220.7,90.873,1,7,15,0.456,0.465,3,20,2,2,6,2.23,0.59,6.71,2.0,15.0,46.7
681168,Luis Curvelo,2025-08-13,13,91.054,96.5,2276.77,85.025,0,1,4,0.138,0.094,1,5,1,0,3,2.02,0.68,6.89,1.0,20.0,25.0
681168,Luis Curvelo,2025-08-16,15,90.64,97.1,2277.0,78.875,1,2,8,0.407,0.485,2,10,0,0,4,2.18,0.34,6.65,1.33,20.0,25.0
681168,Luis Curvelo,2025-08-18,25,93.268,96.9,2285.36,82.3,0,2,10,0.107,0.191,1,11,1,1,4,1.82,0.97,6.82,1.33,9.1,20.0
681168,Luis Curvelo,2025-08-21,39,92.487,97.3,2344.82,84.471,0,3,7,0.281,0.324,3,12,3,3,4,1.9,0.75,6.78,1.33,25.0,42.9
681168,Luis Curvelo,2025-08-23,6,92.217,96.9,2311.5,91.3,0,1,3,0.024,0.036,1,4,0,0,3,1.92,0.72,6.45,1.0,25.0,33.3
681168,Luis Curvelo,2025-08-25,21,90.481,96.1,2313.33,85.54,0,2,5,0.305,0.313,1,6,1,1,3,2.15,0.67,6.63,1.0,16.7,40.0
681168,Luis Curvelo,2025-08-27,21,92.081,96.5,2332.19,68.933,0,0,6,0.646,0.316,3,9,3,1,3,2.02,0.81,6.61,1.0,33.3,0.0
681168,Luis Curvelo,2025-08-31,22,90.459,97.6,2320.41,76.14,0,2,10,0.2,0.14,1,11,2,0,6,2.11,0.43,6.6,2.0,9.1,20.0
681168,Luis Curvelo,2025-09-02,14,91.85,97.2,2342.43,77.9,0,0,4,0.441,0.136,1,5,1,0,2,1.94,0.57,6.57,0.67,20.0,0.0
681168,Luis Curvelo,2025-09-06,17,90.535,97.1,2360.29,75.529,0,1,7,0.61,0.432,3,13,1,0,2,2.18,0.38,6.62,0.67,23.1,14.3
681168,Luis Curvelo,2025-09-09,6,89.65,95.6,2351.17,39.6,0,0,1,0.013,0.011,0,1,0,0,1,2.16,0.57,6.42,0.33,0.0,0.0
681168,Luis Curvelo,2025-09-14,3,88.567,96.1,2193.67,110.1,1,1,1,0.949,1.885,1,2,0,0,0,2.42,0.01,6.63,0.0,50.0,100.0
681168,Luis Curvelo,2025-09-28,30,91.25,97.1,2264.47,79.345,2,3,11,0.244,0.381,4,15,1,0,3,2.06,0.4,6.6,1.0,26.7,27.3
683004,Jack Leiter,2025-03-28,82,94.105,99.0,2350.16,80.867,1,4,30,0.315,0.28,12,42,4,1,14,1.83,0.69,6.99,4.67,28.6,13.3
683004,Jack Leiter,2025-04-02,70,90.373,99.1,2411.61,78.9,1,1,19,0.223,0.155,9,32,6,0,15,2.53,-0.06,6.84,5.0,28.1,5.3
683004,Jack Leiter,2025-04-27,76,92.18,99.5,2235.05,84.008,0,6,26,0.345,0.362,3,30,3,4,10,2.09,0.44,6.65,3.33,10.0,23.1
683004,Jack Leiter,2025-05-02,89,91.752,99.7,2220.1,81.419,2,6,32,0.365,0.432,6,41,2,2,13,2.15,0.52,6.69,4.33,14.6,18.8
683004,Jack Leiter,2025-05-08,90,92.889,98.8,2345.22,82.944,2,7,32,0.296,0.373,6,41,3,4,16,1.87,0.43,6.87,5.33,14.6,21.9
683004,Jack Leiter,2025-05-13,89,92.469,99.7,2437.61,81.496,2,8,26,0.295,0.337,11,39,5,3,17,2.15,0.4,6.78,5.67,28.2,30.8
683004,Jack Leiter,2025-05-18,87,90.794,98.9,2491.21,85.694,1,8,32,0.3,0.302,9,44,4,2,20,2.4,0.14,6.74,6.67,20.5,25.0
683004,Jack Leiter,2025-05-24,94,92.639,98.7,2346.09,89.527,4,11,30,0.301,0.425,6,37,3,5,15,1.83,0.78,6.96,5.0,16.2,36.7
683004,Jack Leiter,2025-05-30,96,93.562,99.7,2309.27,82.582,1,9,33,0.317,0.312,8,43,6,2,16,1.86,0.64,6.8,5.33,18.6,27.3
683004,Jack Leiter,2025-06-05,80,91.644,99.0,2361.05,84.468,1,9,34,0.315,0.268,6,43,6,1,15,2.07,0.38,6.76,5.0,14.0,26.5
683004,Jack Leiter,2025-06-11,87,92.925,99.2,2288.03,88.224,2,7,25,0.358,0.44,9,38,2,4,9,1.99,0.51,6.84,3.0,23.7,28.0
683004,Jack Leiter,2025-06-17,94,92.143,99.4,2347.41,90.116,5,13,31,0.352,0.436,6,40,4,2,17,2.06,0.35,6.8,5.67,15.0,41.9
683004,Jack Leiter,2025-06-22,88,90.224,99.5,2344.17,86.007,0,6,27,0.339,0.317,13,44,2,2,12,2.43,0.19,6.93,4.0,29.5,22.2
683004,Jack Leiter,2025-06-29,88,92.383,99.1,2448.39,90.062,2,15,34,0.303,0.261,11,52,7,0,18,1.99,0.33,6.86,6.0,21.2,44.1
683004,Jack Leiter,2025-07-06,85,91.904,99.4,2249.54,84.079,2,6,28,0.472,0.402,11,46,5,2,11,2.03,0.57,6.8,3.67,23.9,21.4
683004,Jack Leiter,2025-07-11,87,93.576,99.7,2289.16,83.132,1,5,25,0.384,0.345,10,39,6,4,15,1.82,0.74,6.81,5.0,25.6,20.0
683004,Jack Leiter,2025-07-21,95,92.645,99.1,2144.42,81.193,2,7,30,0.286,0.337,8,39,7,4,18,1.9,0.85,6.94,6.0,20.5,23.3
683004,Jack Leiter,2025-07-27,100,92.979,99.3,2264.7,80.791,1,3,32,0.186,0.207,12,46,7,3,18,1.93,0.49,6.8,6.0,26.1,9.4
683004,Jack Leiter,2025-08-01,92,92.49,100.5,2362.17,82.364,0,7,28,0.244,0.253,17,47,7,3,13,2.11,0.47,6.82,4.33,36.2,25.0
683004,Jack Leiter,2025-08-06,68,91.518,99.2,2264.28,84.124,1,4,17,0.292,0.349,6,23,3,4,10,2.15,0.6,6.91,3.33,26.1,23.5
683004,Jack Leiter,2025-08-12,91,94.38,99.5,2293.22,84.171,4,11,28,0.313,0.436,12,42,3,2,15,1.61,0.69,6.81,5.0,28.6,39.3
683004,Jack Leiter,2025-08-18,81,91.815,99.0,2389.2,82.493,2,7,28,0.425,0.418,9,37,5,3,11,1.9,0.32,6.81,3.67,24.3,25.0
683004,Jack Leiter,2025-08-23,93,92.847,99.0,2275.4,82.634,0,6,29,0.242,0.161,9,44,10,0,21,1.9,0.53,6.63,7.0,20.5,20.7
683004,Jack Leiter,2025-08-29,97,91.914,99.1,2263.57,82.226,0,4,34,0.34,0.26,11,48,7,2,17,2.04,0.48,6.75,5.67,22.9,11.8
683004,Jack Leiter,2025-09-03,99,93.026,98.7,2229.46,84.052,0,8,29,0.296,0.24,13,43,8,3,16,1.84,0.57,6.82,5.33,30.2,27.6
683004,Jack Leiter,2025-09-09,89,92.403,97.9,2351.07,80.872,3,7,32,0.37,0.406,7,41,4,2,13,1.85,0.51,6.85,4.33,17.1,21.9
683004,Jack Leiter,2025-09-15,102,90.801,98.6,2310.25,82.367,2,12,43,0.284,0.323,5,50,4,1,20,2.25,0.36,6.67,6.67,10.0,27.9
683004,Jack Leiter,2025-09-20,94,92.132,98.4,2236.1,83.645,2,13,40,0.312,0.334,6,50,4,1,17,2.05,0.63,6.83,5.67,12.0,32.5
683004,Jack Leiter,2025-09-26,101,92.875,99.4,2307.89,82.152,2,9,29,0.318,0.266,14,48,10,1,21,1.97,0.49,6.99,7.0,29.2,31.0
687847,Marc Church,2025-03-28,11,94.573,98.5,2208.0,79.85,0,0,4,0.2,0.352,0,5,0,1,1,1.2,0.19,6.94,0.33,0.0,0.0
687847,Marc Church,2025-03-31,29,89.279,97.5,2066.66,85.783,1,2,6,0.223,0.35,4,10,2,2,4,2.23,0.03,6.81,1.33,40.0,33.3
687847,Marc Church,2025-04-06,27,92.396,98.8,2138.85,78.2,1,1,8,0.242,0.315,2,11,1,1,3,1.73,-0.0,6.74,1.0,18.2,12.5
687847,Marc Church,2025-04-08,22,90.382,97.8,2006.55,92.7,2,2,4,0.487,0.634,2,6,1,2,3,1.98,-0.09,6.79,1.0,33.3,50.0
687847,Marc Church,2025-04-11,10,92.87,97.8,2058.4,107.8,0,2,2,0.574,0.352,0,2,1,0,2,1.44,0.28,6.8,0.67,0.0,100.0
692030,Jose Corniell,2025-09-28,41,93.329,97.2,2012.1,84.544,1,4,16,0.354,0.448,6,24,1,1,5,1.81,0.64,6.86,1.67,25.0,25.0
